row_id,vehicle_count,traffic_density,average_speed,road_length,hour,day_of_week,weather,road_capacity,congestion_score,congestion_level
0,497,78.27,41.1,6.35,6,3,storm,1930,27.1,medium
1,418,643.08,40.6,0.65,20,3,clear,930,43.33,medium
2,463,841.82,36.2,0.55,20,0,clear,821,50.37,high
3,1310,1541.18,35.7,0.85,18,3,clear,2328,55.33,high
4,1818,323.49,21.9,5.62,20,1,rain,2190,72.39,high
5,580,121.85,41.4,4.76,3,1,clear,1929,26.17,medium
6,484,101.26,38.7,4.78,3,5,rain,1255,38.7,medium
7,806,313.62,15.1,2.57,23,1,storm,1179,68.25,high
8,1500,555.56,34.8,2.7,6,0,rain,2827,52.54,high
9,1501,387.86,31.9,3.87,8,3,fog,2663,49.01,medium
10,932,230.69,42.3,4.04,4,2,clear,2370,37.82,medium
11,299,80.59,43.9,3.71,13,6,clear,1006,33.03,medium
12,519,84.12,50.1,6.17,3,5,clear,2478,21.62,low
13,1216,169.12,35.6,7.19,5,3,rain,2163,52.25,high
14,383,71.46,51.5,5.36,6,5,clear,2200,24.22,low
15,1291,275.27,38.7,4.69,9,3,clear,2431,47.71,medium
16,711,269.32,41.0,2.64,11,5,rain,2436,29.16,medium
17,963,207.1,42.3,4.65,1,4,clear,2495,36.54,medium
18,566,173.62,43.5,3.26,23,2,clear,1093,40.98,medium
19,931,188.84,41.0,4.93,0,0,clear,2594,34.9,medium
20,741,217.94,38.3,3.4,6,3,fog,2759,32.9,medium
21,339,146.75,52.7,2.31,15,0,clear,1680,20.9,low
22,1642,237.28,25.7,6.92,8,0,clear,1954,79.39,severe
23,1020,387.83,26.2,2.63,15,5,fog,2684,40.29,medium
24,1111,377.89,20.7,2.94,8,3,rain,1197,87.91,severe
25,1065,457.08,36.7,2.33,11,2,clear,1845,53.42,high
26,721,135.02,43.1,5.34,21,2,clear,1597,40.03,medium
27,151,18.97,41.2,7.96,3,2,rain,816,21.38,low
28,870,116.62,35.1,7.46,5,2,rain,1860,41.8,medium
29,155,46.97,56.6,3.3,22,0,clear,927,12.06,low
30,915,590.32,45.4,1.55,2,5,clear,2486,37.4,medium
31,516,78.42,44.6,6.58,15,6,clear,1337,38.2,medium
32,195,221.59,59.5,0.88,3,4,clear,1199,6.83,low
33,1304,1650.63,30.3,0.79,21,1,fog,2515,43.62,medium
34,722,340.57,42.6,2.12,4,0,rain,2395,29.98,medium
35,290,37.32,45.2,7.77,14,2,clear,1068,18.45,low
36,516,464.86,35.4,1.11,22,1,clear,916,45.54,medium
37,602,78.59,40.9,7.66,21,0,rain,1696,41.0,medium
38,306,96.53,52.8,3.17,21,4,clear,953,26.0,medium
39,608,113.22,49.5,5.37,6,3,clear,2557,23.99,low
40,850,122.83,37.4,6.92,9,1,fog,2431,34.97,medium
41,1415,359.14,35.6,3.94,19,3,clear,2368,56.38,high
42,415,406.86,42.8,1.02,0,1,clear,1084,34.57,medium
43,387,148.28,45.9,2.61,9,1,clear,914,42.5,medium
44,648,354.1,44.3,1.83,23,3,clear,1475,38.52,medium
45,1750,250.0,28.1,7.0,17,0,rain,2487,60.76,high
46,1327,182.53,39.8,7.27,22,0,clear,2621,48.27,medium
47,273,86.39,47.8,3.16,16,3,clear,875,29.01,medium
48,375,97.15,40.5,3.86,19,2,clear,943,40.67,medium
49,907,975.27,25.7,0.93,6,4,fog,2009,55.83,high
50,656,417.83,47.1,1.57,22,4,clear,1550,34.34,medium
51,1528,351.26,31.1,4.35,17,2,rain,2340,61.11,high
52,517,104.66,36.8,4.94,21,3,clear,1016,37.86,medium
53,257,68.35,46.0,3.76,6,2,clear,838,22.5,low
54,1510,281.19,22.9,5.37,19,3,rain,1694,75.16,severe
55,232,35.58,50.2,6.52,23,0,clear,933,23.86,low
56,452,61.16,38.8,7.39,14,4,clear,1002,39.37,medium
57,341,405.95,42.9,0.84,0,4,rain,1270,31.25,medium
58,364,106.74,41.0,3.41,20,1,clear,889,36.87,medium
59,259,172.67,59.0,1.5,16,0,clear,1724,4.09,low
60,911,523.56,26.9,1.74,1,1,fog,1676,55.96,high
61,1488,191.51,24.5,7.77,10,4,rain,2040,73.76,high
62,593,104.22,42.7,5.69,2,6,clear,1317,46.55,medium
63,1752,733.05,35.1,2.39,9,1,clear,2701,56.82,high
64,2112,381.23,24.8,5.54,7,1,clear,2374,80.55,severe
65,942,191.46,40.0,4.92,4,5,fog,2648,33.34,medium
66,482,317.11,51.8,1.52,13,1,rain,2950,19.08,low
67,1231,354.76,32.1,3.47,19,0,clear,2158,53.66,high
68,1432,460.45,21.1,3.11,23,4,storm,2900,55.96,high
69,212,137.66,55.4,1.54,22,6,clear,2794,3.37,low
70,421,235.2,46.2,1.79,2,2,clear,1471,26.51,medium
71,576,101.41,48.9,5.68,13,1,clear,2553,22.2,low
72,440,170.54,46.8,2.58,10,6,clear,1136,32.61,medium
73,51,52.58,59.4,0.97,22,5,clear,1164,0.23,low
74,889,683.85,31.4,1.3,22,5,rain,2331,37.97,medium
75,380,324.79,51.6,1.17,9,6,clear,2054,8.71,low
76,2216,1926.96,18.0,1.15,9,2,clear,1969,95.63,severe
77,1048,207.11,33.8,5.06,8,4,clear,2105,47.86,medium
78,1247,384.88,40.2,3.24,0,4,clear,2533,45.06,medium
79,625,257.2,34.3,2.43,10,3,clear,917,61.39,high
80,543,79.97,52.3,6.79,14,2,clear,2258,21.55,low
81,1514,311.52,28.3,4.86,0,1,rain,2373,55.67,high
82,1317,336.83,30.6,3.91,10,2,clear,1489,74.28,high
83,1225,302.47,40.3,4.05,4,0,rain,2794,42.4,medium
84,343,96.35,37.0,3.56,16,4,rain,1035,35.43,medium
85,1772,1024.28,28.9,1.73,7,2,rain,2651,66.48,high
86,1734,308.54,25.2,5.62,3,0,fog,2936,59.74,high
87,656,292.86,47.8,2.24,0,6,clear,1792,22.88,low
88,252,33.38,53.3,7.55,7,2,clear,997,23.08,low
89,865,108.4,20.1,7.98,19,5,fog,1219,71.17,high
90,418,59.04,39.8,7.08,3,5,rain,1316,37.48,medium
91,275,466.1,52.2,0.59,4,4,clear,929,32.62,medium
92,272,35.37,44.5,7.69,10,2,clear,810,34.51,medium
93,343,48.72,59.7,7.04,12,5,clear,2439,12.36,low
94,443,133.84,39.9,3.31,23,4,rain,1403,33.83,medium
95,349,68.97,49.6,5.06,0,6,clear,1735,21.92,low
96,417,115.51,39.5,3.61,20,1,clear,1374,29.72,medium
97,915,525.86,44.7,1.74,18,5,clear,2790,34.23,medium
98,755,97.92,38.4,7.71,17,4,clear,1648,42.87,medium
99,646,89.23,43.5,7.24,0,4,clear,1751,31.89,medium
100,1083,399.63,50.3,2.71,12,4,clear,2865,25.17,medium
101,1864,619.27,32.9,3.01,5,2,clear,2720,60.78,high
102,2336,297.96,11.6,7.84,9,1,fog,2934,80.04,severe
103,439,351.2,52.3,1.25,7,5,clear,2087,19.59,low
104,294,108.89,52.4,2.7,3,3,rain,1709,10.88,low
105,301,44.73,53.5,6.73,1,2,clear,1195,18.2,low
106,1474,193.69,29.3,7.61,8,1,fog,2690,57.59,high
107,457,100.22,42.1,4.56,16,1,clear,1320,36.16,medium
108,954,640.27,42.5,1.49,21,5,rain,2851,32.66,medium
109,2522,541.2,23.6,4.66,9,3,clear,2881,81.59,severe
110,748,124.87,35.3,5.99,9,5,clear,1445,47.29,medium
111,1064,565.96,41.0,1.88,13,1,clear,2186,42.68,medium
112,1283,217.09,33.9,5.91,20,2,clear,1936,52.42,high
113,390,234.94,45.2,1.66,14,3,clear,1164,40.05,medium
114,1031,244.31,48.7,4.22,8,0,clear,2464,36.94,medium
115,1008,847.06,43.2,1.19,11,2,clear,2436,39.85,medium
116,511,82.55,41.9,6.19,14,3,clear,1015,47.64,medium
117,2137,989.35,10.4,2.16,7,0,fog,2091,97.17,severe
118,412,144.56,42.5,2.85,22,1,clear,1049,35.47,medium
119,593,651.65,50.8,0.91,22,4,clear,1789,16.95,low
120,102,14.29,55.8,7.14,6,0,rain,1921,11.59,low
121,208,34.49,47.2,6.03,23,0,clear,1720,17.78,low
122,529,75.25,46.4,7.03,11,5,clear,1538,28.81,medium
123,2381,302.16,17.9,7.88,20,3,clear,2571,78.84,severe
124,1266,316.5,40.9,4.0,4,0,clear,2850,43.31,medium
125,1597,430.46,31.8,3.71,15,0,fog,2798,50.06,high
126,1169,479.1,34.1,2.44,11,2,fog,2908,42.06,medium
127,724,323.21,42.1,2.24,12,1,clear,1571,43.18,medium
128,714,211.24,33.7,3.38,20,2,clear,1025,62.3,high
129,820,236.31,45.4,3.47,19,1,clear,2714,30.34,medium
130,523,115.45,53.0,4.53,2,5,clear,1692,23.69,low
131,1770,2298.7,12.5,0.77,8,2,storm,2155,82.16,severe
132,516,87.02,50.0,5.93,1,3,clear,2074,25.19,medium
133,496,120.98,44.3,4.1,4,4,fog,2124,25.57,medium
134,1059,423.6,45.8,2.5,23,1,clear,2796,37.34,medium
135,1007,179.82,48.1,5.6,15,0,clear,2516,36.56,medium
136,486,121.8,40.0,3.99,6,4,fog,1625,37.2,medium
137,775,151.07,42.7,5.13,11,6,clear,2348,34.74,medium
138,851,323.57,37.2,2.63,23,4,rain,2149,37.72,medium
139,452,60.03,36.7,7.53,14,5,rain,1077,39.41,medium
140,492,159.22,48.7,3.09,16,3,clear,1685,27.56,medium
141,839,126.36,48.2,6.64,6,4,clear,2926,21.07,low
142,238,53.48,51.3,4.45,3,0,clear,838,26.09,medium
143,895,118.07,35.4,7.58,19,5,clear,1788,44.57,medium
144,346,155.86,56.3,2.22,2,2,clear,1733,15.5,low
145,1772,1501.69,36.3,1.18,7,3,clear,2480,51.94,high
146,1187,1604.05,38.9,0.74,6,2,rain,2763,40.26,medium
147,772,327.12,43.3,2.36,13,6,clear,2059,32.74,medium
148,848,226.13,43.2,3.75,21,5,clear,2167,40.65,medium
149,444,72.55,41.5,6.12,5,0,clear,1013,40.12,medium
150,411,65.03,49.4,6.32,21,5,clear,1513,22.43,low
151,532,93.83,19.3,5.67,6,1,storm,889,64.53,high
152,1048,732.87,47.6,1.43,22,3,clear,2794,38.36,medium
153,2519,485.36,8.9,5.19,8,1,fog,2513,100.0,severe
154,577,148.33,38.4,3.89,10,3,clear,821,57.39,high
155,452,149.17,49.9,3.03,12,2,clear,1549,23.18,low
156,988,167.74,46.2,5.89,22,2,clear,2789,34.15,medium
157,313,78.84,55.4,3.97,21,6,clear,1702,18.67,low
158,2618,418.21,13.2,6.26,19,4,clear,2187,100.0,severe
159,845,131.01,32.3,6.45,1,3,fog,2241,34.79,medium
160,1142,190.33,42.0,6.0,2,4,clear,2868,38.17,medium
161,835,235.88,52.0,3.54,12,0,clear,2651,33.27,medium
162,2523,722.92,29.1,3.49,19,1,clear,2840,74.57,high
163,1253,323.77,41.6,3.87,9,2,clear,2793,36.02,medium
164,1181,370.22,10.8,3.19,7,2,fog,1375,90.7,severe
165,813,115.98,44.4,7.01,23,3,clear,2190,33.0,medium
166,1013,134.71,40.6,7.52,17,5,clear,2116,46.88,medium
167,398,72.36,47.9,5.5,23,6,clear,1718,24.84,low
168,868,156.68,40.4,5.54,22,1,clear,1814,45.48,medium
169,438,695.24,44.3,0.63,22,6,fog,2793,19.49,low
170,252,44.44,53.2,5.67,16,3,clear,1144,14.46,low
171,987,195.83,40.6,5.04,4,0,clear,1809,46.3,medium
172,735,556.82,33.3,1.32,15,4,rain,1288,52.85,high
173,766,109.12,27.0,7.02,1,1,fog,1650,45.4,medium
174,687,145.24,35.3,4.73,6,0,clear,1510,48.45,medium
175,1091,274.12,38.2,3.98,2,3,clear,1761,52.97,high
176,713,540.15,42.0,1.32,15,1,clear,1977,33.65,medium
177,367,83.22,45.7,4.41,10,6,rain,1690,23.87,low
178,315,100.32,43.7,3.14,18,6,clear,940,35.49,medium
179,684,195.43,45.8,3.5,2,1,clear,2481,26.65,medium
180,497,205.37,39.7,2.42,11,1,rain,1244,39.01,medium
181,1534,306.19,39.6,5.01,23,4,clear,2988,46.3,medium
182,633,349.72,27.9,1.81,8,1,clear,809,64.35,high
183,429,68.64,35.1,6.25,3,1,rain,945,39.72,medium
184,253,62.47,55.5,4.05,4,6,clear,2049,8.09,low
185,854,172.18,39.6,4.96,10,1,clear,1900,48.22,medium
186,820,267.97,39.4,3.06,21,4,rain,1798,44.95,medium
187,494,68.52,49.0,7.21,12,5,clear,2564,16.14,low
188,909,139.85,34.6,6.5,8,6,clear,1755,40.98,medium
189,649,118.86,40.2,5.46,2,5,rain,1995,39.58,medium
190,779,148.1,49.9,5.26,7,5,clear,2668,16.15,low
191,518,65.24,30.7,7.94,22,3,storm,1429,43.14,medium
192,822,133.44,33.3,6.16,20,3,clear,1255,54.92,high
193,683,298.25,54.2,2.29,1,0,clear,2810,20.07,low
194,437,255.56,48.5,1.71,22,1,clear,1110,25.33,medium
195,519,99.62,50.4,5.21,11,6,clear,1393,31.92,medium
196,274,93.84,47.8,2.92,2,6,clear,872,20.22,low
197,524,77.98,47.9,6.72,13,0,clear,1621,28.22,medium
198,723,478.81,39.2,1.51,5,0,rain,1763,38.82,medium
199,816,316.28,41.9,2.58,12,6,clear,2481,37.1,medium
200,1097,265.62,27.7,4.13,18,4,rain,1441,64.52,high
201,1076,587.98,33.0,1.83,20,0,rain,1682,63.67,high
202,1456,520.0,40.4,2.8,7,0,clear,2203,50.6,high
203,758,414.21,48.3,1.83,6,2,clear,2349,28.03,medium
204,438,178.78,49.8,2.45,22,1,clear,1541,19.08,low
205,1724,223.9,35.9,7.7,20,1,clear,2820,50.95,high
206,749,180.05,36.4,4.16,20,3,clear,1428,39.3,medium
207,1247,162.58,43.5,7.67,19,4,clear,2868,35.76,medium
208,2010,773.08,26.5,2.6,8,0,rain,2876,65.6,high
209,724,100.98,26.9,7.17,7,2,clear,878,75.31,severe
210,348,59.28,48.2,5.87,7,4,clear,886,38.2,medium
211,565,122.29,46.8,4.62,6,2,clear,2084,25.0,low
212,243,46.91,40.1,5.18,15,3,fog,1159,25.75,medium
213,281,68.7,49.5,4.09,13,0,clear,1177,24.71,low
214,836,166.87,40.2,5.01,3,3,clear,1569,49.35,medium
215,1202,240.88,34.9,4.99,10,1,clear,1735,52.53,high
216,1152,817.02,43.1,1.41,17,5,clear,2803,38.44,medium
217,1201,194.97,37.6,6.16,16,3,fog,2996,38.7,medium
218,1204,657.92,35.3,1.83,7,5,rain,2559,44.91,medium
219,893,208.16,39.9,4.29,14,3,rain,2286,40.29,medium
220,1369,501.47,20.2,2.73,10,4,clear,1314,97.99,severe
221,1282,211.55,41.7,6.06,14,1,clear,2976,41.75,medium
222,529,88.17,45.8,6.0,2,1,rain,2228,28.51,medium
223,546,718.42,36.0,0.76,19,3,clear,1113,41.91,medium
224,1139,790.97,32.6,1.44,18,6,clear,1924,56.72,high
225,427,244.0,49.7,1.75,21,6,clear,2885,8.87,low
226,363,165.75,47.5,2.19,6,3,clear,1135,38.69,medium
227,1129,696.91,43.5,1.62,18,6,clear,2701,42.74,medium
228,1006,267.55,46.0,3.76,12,3,clear,2960,36.84,medium
229,2025,1125.0,15.3,1.8,10,0,fog,2636,76.06,severe
230,1295,383.14,32.2,3.38,14,5,storm,2971,38.77,medium
231,591,103.14,49.9,5.73,12,2,clear,2828,14.48,low
232,599,145.39,43.4,4.12,4,3,rain,1503,42.84,medium
233,782,524.83,50.4,1.49,5,0,clear,2651,24.75,low
234,764,920.48,39.7,0.83,3,4,clear,1675,41.81,medium
235,1896,1135.33,22.5,1.67,9,0,rain,2379,72.58,high
236,921,257.26,34.4,3.58,10,0,clear,1489,57.09,high
237,426,82.24,47.4,5.18,14,6,clear,1695,26.34,medium
238,417,82.41,49.0,5.06,16,2,clear,1652,21.46,low
239,630,80.25,34.9,7.85,9,0,fog,1392,35.09,medium
240,322,290.09,45.9,1.11,6,5,clear,2433,14.52,low
241,942,971.13,31.0,0.97,15,2,rain,1387,62.27,high
242,2002,473.29,28.7,4.23,9,2,clear,2654,71.64,high
243,812,354.59,34.4,2.29,14,4,rain,1581,48.62,medium
244,650,163.32,52.6,3.98,16,6,clear,2583,22.51,low
245,493,250.25,35.4,1.97,17,2,rain,1106,40.58,medium
246,902,259.94,41.4,3.47,8,3,clear,1704,50.28,high
247,463,179.46,41.2,2.58,6,2,clear,1082,37.29,medium
248,424,111.58,42.6,3.8,4,3,rain,1412,30.49,medium
249,381,92.03,31.1,4.14,13,6,storm,1374,38.56,medium
250,290,197.28,49.7,1.47,5,1,clear,1046,22.46,low
251,211,31.78,57.5,6.64,2,4,clear,1064,16.53,low
252,741,188.07,39.7,3.94,11,0,clear,2187,31.87,medium
253,957,765.6,39.5,1.25,15,4,clear,2041,41.43,medium
254,2204,432.16,13.9,5.1,8,2,clear,2137,96.96,severe
255,1089,370.41,42.8,2.94,2,0,clear,2753,37.09,medium
256,270,34.01,37.2,7.94,6,5,fog,923,29.5,medium
257,1889,268.71,29.1,7.03,20,4,rain,2819,66.8,high
258,633,475.94,32.0,1.33,17,2,fog,2266,24.86,low
259,487,133.06,43.1,3.66,13,2,clear,1080,37.23,medium
260,573,87.61,46.3,6.54,13,2,rain,2098,23.82,low
261,774,552.86,41.8,1.4,14,3,clear,1733,39.49,medium
262,1802,269.76,40.0,6.68,8,0,clear,2936,48.17,medium
263,208,32.2,55.8,6.46,23,6,clear,1885,14.47,low
264,613,138.06,51.0,4.44,4,3,clear,2844,15.64,low
265,767,119.47,52.5,6.42,21,4,clear,2611,28.75,medium
266,446,82.75,42.7,5.39,3,5,rain,1378,40.47,medium
267,725,906.25,48.8,0.8,5,5,clear,2736,25.37,medium
268,1521,369.17,31.4,4.12,9,0,clear,2444,58.19,high
269,352,52.15,51.6,6.75,5,0,clear,2013,19.54,low
270,594,136.55,43.7,4.35,6,4,clear,1503,32.7,medium
271,528,74.79,37.3,7.06,8,0,clear,982,46.38,medium
272,704,96.31,38.2,7.31,0,3,rain,1383,50.22,high
273,432,61.98,39.8,6.97,6,3,rain,1319,35.33,medium
274,352,107.65,39.5,3.27,3,5,rain,1219,32.51,medium
275,1451,290.78,37.3,4.99,8,1,clear,2666,48.18,medium
276,594,594.0,44.5,1.0,5,2,rain,2428,24.74,low
277,909,1095.18,47.5,0.83,2,2,clear,2798,24.88,low
278,590,85.63,49.1,6.89,22,0,clear,2261,28.19,medium
279,723,149.38,44.3,4.84,11,1,clear,1979,34.35,medium
280,666,115.03,50.7,5.79,10,1,clear,1941,24.25,low
281,846,1226.09,51.0,0.69,23,0,clear,2610,32.77,medium
282,557,112.07,36.2,4.97,10,6,clear,925,54.16,high
283,1135,152.55,38.7,7.44,12,3,clear,2837,32.85,medium
284,353,132.21,47.2,2.67,5,2,clear,1044,31.03,medium
285,627,81.32,26.1,7.71,8,0,clear,858,63.6,high
286,1165,255.48,44.4,4.56,3,4,clear,2732,30.45,medium
287,324,105.54,42.7,3.07,12,2,clear,1140,31.54,medium
288,823,124.13,41.0,6.63,23,4,clear,1934,35.68,medium
289,529,88.46,32.3,5.98,21,0,rain,964,51.92,high
290,1136,146.96,35.4,7.73,4,3,fog,2846,44.58,medium
291,637,684.95,34.1,0.93,20,5,rain,1275,50.54,high
292,279,56.71,43.4,4.92,11,3,rain,1381,25.0,medium
293,661,91.68,42.9,7.21,14,2,clear,2514,20.11,low
294,447,58.28,49.0,7.67,14,6,clear,1702,28.55,medium
295,1156,299.48,40.4,3.86,7,2,clear,2146,48.29,medium
296,655,110.64,50.9,5.92,15,1,clear,2549,18.65,low
297,275,61.66,52.3,4.46,1,0,clear,1495,15.3,low
298,407,66.18,46.2,6.15,4,0,clear,940,39.55,medium
299,434,401.85,47.1,1.08,1,6,clear,1601,24.85,low
300,995,956.73,47.7,1.04,2,2,clear,2815,29.04,medium
301,464,79.59,35.8,5.83,22,1,rain,1249,40.65,medium
302,592,79.25,47.8,7.47,1,6,clear,2038,20.27,low
303,1230,582.94,25.9,2.11,8,5,storm,2356,50.2,high
304,1049,1008.65,38.8,1.04,9,1,rain,2389,43.24,medium
305,638,86.45,44.0,7.38,21,5,clear,2028,28.72,medium
306,536,211.02,42.1,2.54,1,1,rain,1898,30.96,medium
307,530,77.94,40.3,6.8,17,5,rain,1911,33.77,medium
308,817,119.79,23.1,6.82,10,0,clear,936,82.95,severe
309,487,115.95,43.4,4.2,15,3,rain,1270,29.83,medium
310,171,70.95,52.3,2.41,23,6,clear,822,19.94,low
311,919,172.42,46.8,5.33,8,4,clear,2546,31.37,medium
312,1312,249.43,39.8,5.26,8,2,clear,2481,53.6,high
313,910,169.78,31.2,5.36,8,0,fog,1751,50.12,high
314,483,139.6,44.8,3.46,3,1,rain,1739,25.73,medium
315,387,60.75,40.3,6.37,2,4,clear,917,39.8,medium
316,1059,155.96,44.0,6.79,9,5,clear,2615,38.98,medium
317,779,961.73,38.9,0.81,19,4,clear,1539,52.24,high
318,565,392.36,52.5,1.44,15,6,clear,2795,18.31,low
319,2181,458.19,26.0,4.76,19,0,clear,2351,82.46,severe
320,359,71.09,44.0,5.05,18,0,clear,1024,33.73,medium
321,794,835.79,45.8,0.95,1,1,clear,1902,43.41,medium
322,1577,198.87,36.3,7.93,7,0,clear,2647,48.51,medium
323,146,21.31,55.6,6.85,11,6,clear,825,14.83,low
324,540,90.91,32.9,5.94,10,2,rain,1015,52.59,high
325,1385,382.6,34.7,3.62,19,3,clear,2389,58.24,high
326,1764,447.72,34.7,3.94,20,5,clear,2732,54.49,high
327,1244,538.53,30.2,2.31,10,4,clear,1662,68.62,high
328,1550,1476.19,38.0,1.05,10,4,clear,2806,51.37,high
329,1042,441.53,39.4,2.36,22,4,fog,2819,40.88,medium
330,655,130.48,26.0,5.02,19,1,rain,885,74.28,high
331,1063,871.31,35.5,1.22,20,1,clear,1743,52.99,high
332,426,122.41,47.7,3.48,12,4,clear,2261,20.33,low
333,262,33.0,44.7,7.94,16,6,clear,1073,31.18,medium
334,351,47.5,32.4,7.39,0,1,fog,953,37.95,medium
335,868,233.96,36.9,3.71,3,4,rain,1746,44.46,medium
336,928,122.11,49.7,7.6,12,3,clear,2838,27.53,medium
337,541,224.48,41.0,2.41,14,1,clear,1020,40.13,medium
338,447,438.24,48.1,1.02,13,3,clear,1274,35.57,medium
339,689,109.37,35.9,6.3,7,6,clear,1793,43.94,medium
340,1287,374.13,30.0,3.44,20,3,clear,1380,79.59,severe
341,308,138.12,51.5,2.23,9,6,clear,1011,28.86,medium
342,311,43.07,50.9,7.22,4,4,clear,1105,21.78,low
343,703,203.77,35.0,3.45,15,2,storm,1845,43.09,medium
344,1107,632.57,42.8,1.75,22,6,rain,2879,29.16,medium
345,1756,302.24,33.4,5.81,20,4,clear,2656,61.37,high
346,523,80.09,49.1,6.53,1,6,rain,2714,21.51,low
347,494,83.03,45.5,5.95,20,2,clear,1360,35.35,medium
348,715,210.29,48.8,3.4,2,1,clear,2367,28.69,medium
349,850,184.78,45.5,4.6,1,4,clear,1701,42.39,medium
350,1154,151.05,24.1,7.64,5,4,storm,2306,55.3,high
351,452,106.1,50.5,4.26,11,6,clear,1682,22.83,low
352,608,257.63,36.8,2.36,17,6,fog,2033,31.07,medium
353,539,152.69,50.5,3.53,5,0,clear,2747,11.66,low
354,1160,568.63,39.5,2.04,18,5,clear,2273,47.03,medium
355,802,312.06,48.8,2.57,21,4,clear,2615,26.87,medium
356,688,87.76,47.9,7.84,9,0,clear,2148,28.86,medium
357,520,126.21,50.2,4.12,6,2,clear,2945,13.24,low
358,1393,280.28,22.7,4.97,9,5,storm,2762,54.41,high
359,957,402.1,36.9,2.38,20,1,rain,1957,51.93,high
360,690,381.22,34.2,1.81,8,2,clear,1212,46.97,medium
361,573,117.66,38.2,4.87,12,3,clear,1100,40.87,medium
362,712,372.77,49.7,1.91,0,1,clear,2893,23.64,low
363,317,83.64,40.3,3.79,14,6,rain,872,29.2,medium
364,1815,1525.21,21.9,1.19,8,1,rain,2316,71.11,high
365,211,57.18,51.6,3.69,15,1,clear,860,15.98,low
366,953,140.35,45.0,6.79,15,1,clear,2326,36.48,medium
367,796,132.01,40.2,6.03,13,2,clear,1814,40.77,medium
368,1049,161.38,13.5,6.5,9,0,fog,1189,83.33,severe
369,2797,658.12,15.8,4.25,10,2,rain,2841,89.1,severe
370,1251,250.7,30.6,4.99,17,1,clear,1962,57.44,high
371,706,1196.61,40.3,0.59,14,0,rain,1773,37.09,medium
372,2081,341.15,32.6,6.1,20,4,clear,2868,64.07,high
373,544,172.7,36.3,3.15,9,6,clear,860,55.11,high
374,644,150.12,44.6,4.29,4,3,clear,2000,30.94,medium
375,658,97.05,21.6,6.78,21,0,fog,886,73.61,high
376,644,179.89,54.1,3.58,21,0,clear,2500,9.94,low
377,498,77.57,41.3,6.42,22,4,rain,1445,26.12,medium
378,205,88.74,52.8,2.31,16,5,clear,1298,24.36,low
379,294,97.35,48.3,3.02,13,6,clear,946,27.76,medium
380,484,86.58,28.8,5.59,8,6,rain,818,65.96,high
381,966,228.91,43.9,4.22,15,6,clear,2256,37.84,medium
382,369,66.01,50.6,5.59,16,6,clear,1104,24.47,low
383,2483,349.23,12.1,7.11,20,2,rain,2203,100.0,severe
384,788,203.09,43.5,3.88,21,0,clear,2022,35.17,medium
385,916,1477.42,42.1,0.62,20,5,clear,2055,37.8,medium
386,608,132.46,39.2,4.59,14,0,rain,1531,39.37,medium
387,1656,1607.77,39.9,1.03,19,4,clear,2674,56.65,high
388,1260,2250.0,39.5,0.56,3,2,clear,2943,39.41,medium
389,653,653.0,47.4,1.0,1,4,clear,1871,36.55,medium
390,919,209.34,41.5,4.39,4,4,clear,2303,42.8,medium
391,441,128.57,41.2,3.43,6,3,clear,1019,36.94,medium
392,996,144.56,29.9,6.89,2,4,rain,1603,55.55,high
393,193,67.72,57.1,2.85,10,5,clear,1415,10.37,low
394,565,84.83,42.5,6.66,11,2,clear,1170,46.26,medium
395,666,227.3,38.4,2.93,14,2,fog,2908,24.39,low
396,1153,211.17,36.7,5.46,13,4,rain,2409,42.37,medium
397,730,447.85,19.8,1.63,19,1,rain,1003,70.01,high
398,2413,438.73,16.5,5.5,20,2,rain,2637,88.49,severe
399,1367,235.69,34.1,5.8,7,4,rain,2005,55.97,high
400,569,79.14,50.7,7.19,15,4,clear,1811,22.52,low
401,514,99.23,49.3,5.18,22,6,clear,1314,39.75,medium
402,1205,352.34,14.7,3.42,18,2,rain,1372,83.3,severe
403,772,98.22,49.4,7.86,4,6,clear,2484,30.6,medium
404,721,103.3,38.4,6.98,13,2,fog,2390,32.63,medium
405,581,110.25,42.1,5.27,21,1,clear,1632,35.36,medium
406,184,24.15,50.5,7.62,11,5,clear,892,18.47,low
407,215,61.25,45.5,3.51,7,5,rain,889,23.36,low
408,1272,345.65,30.3,3.68,10,3,clear,1852,64.26,high
409,975,494.92,20.0,1.97,6,4,storm,1751,62.96,high
410,1650,228.22,35.1,7.23,8,2,clear,2628,54.33,high
411,647,567.54,37.0,1.14,22,3,rain,1724,37.06,medium
412,123,49.0,52.8,2.51,11,1,clear,849,11.29,low
413,1419,211.79,25.8,6.7,7,4,clear,1883,65.84,high
414,748,243.65,43.6,3.07,3,4,clear,2161,34.72,medium
415,270,52.12,47.5,5.18,4,5,rain,2743,13.04,low
416,242,41.3,49.9,5.86,22,6,clear,1624,18.0,low
417,231,275.0,46.1,0.84,11,0,fog,2094,10.52,low
418,1460,362.28,35.2,4.03,8,3,clear,1905,62.84,high
419,1024,262.56,43.0,3.9,15,1,clear,2630,37.13,medium
420,926,213.86,32.1,4.33,12,4,storm,2052,44.48,medium
421,1214,175.69,33.1,6.91,6,0,rain,2245,50.42,high
422,330,125.0,52.0,2.64,2,4,clear,1519,24.08,low
423,468,68.42,46.9,6.84,2,2,clear,1626,28.63,medium
424,1238,522.36,40.7,2.37,8,6,clear,2419,44.91,medium
425,447,60.32,49.7,7.41,14,4,clear,2151,16.77,low
426,223,35.97,47.0,6.2,12,6,clear,955,20.74,low
427,2406,788.85,17.0,3.05,17,4,rain,2447,91.19,severe
428,1012,390.73,46.0,2.59,9,3,clear,2515,41.29,medium
429,1051,206.89,40.7,5.08,7,2,clear,2144,41.39,medium
430,272,39.31,49.7,6.92,16,0,clear,1532,15.85,low
431,1669,540.13,29.8,3.09,7,0,clear,2194,69.36,high
432,370,68.52,43.4,5.4,18,6,clear,1072,23.68,low
433,755,1301.72,48.5,0.58,16,2,clear,2092,35.17,medium
434,749,289.19,27.6,2.59,22,3,storm,2009,42.37,medium
435,682,573.11,35.1,1.19,11,1,fog,1722,35.58,medium
436,193,26.26,41.8,7.35,23,6,storm,1336,16.62,low
437,388,55.51,50.2,6.99,15,0,clear,1259,22.6,low
438,288,39.34,44.4,7.32,22,6,clear,939,27.26,medium
439,770,550.0,23.0,1.4,20,0,fog,1427,57.35,high
440,852,142.0,46.0,6.0,14,1,clear,1747,34.73,medium
441,950,195.47,40.6,4.86,10,3,rain,2787,37.87,medium
442,809,722.32,40.0,1.12,2,1,clear,1808,38.4,medium
443,766,154.44,48.5,4.96,5,4,clear,2394,36.47,medium
444,185,30.28,56.8,6.11,11,6,clear,1690,6.47,low
445,654,147.63,49.2,4.43,1,6,clear,2411,25.18,medium
446,256,38.44,44.3,6.66,9,5,fog,2158,11.84,low
447,273,37.14,51.2,7.35,16,5,clear,1389,17.1,low
448,287,72.84,42.7,3.94,14,5,rain,1068,28.22,medium
449,757,212.64,34.4,3.56,1,1,fog,1785,38.56,medium
450,578,84.5,40.3,6.84,17,3,clear,1325,44.51,medium
451,3156,467.56,6.8,6.75,19,3,rain,2969,100.0,severe
452,1550,252.85,27.1,6.13,10,1,clear,1599,81.48,severe
453,1043,1287.65,40.2,0.81,7,2,clear,2735,37.88,medium
454,625,92.32,41.6,6.77,23,6,rain,2380,22.98,low
455,511,80.35,50.8,6.36,9,5,clear,2020,25.32,medium
456,979,411.34,49.9,2.38,5,1,clear,2853,21.27,low
457,541,212.99,42.3,2.54,19,5,clear,1246,40.92,medium
458,537,80.75,45.4,6.65,8,2,clear,1525,28.61,medium
459,3899,715.41,4.0,5.45,9,2,storm,2923,100.0,severe
460,614,83.2,49.2,7.38,14,4,clear,2079,19.08,low
461,1472,482.62,25.1,3.05,9,5,rain,2137,61.86,high
462,1843,272.63,28.5,6.76,9,2,clear,2420,66.68,high
463,731,1029.58,36.9,0.71,10,0,clear,1282,51.31,high
464,1198,261.57,38.4,4.58,11,3,clear,2581,45.19,medium
465,429,115.95,48.1,3.7,14,6,clear,1691,26.33,medium
466,541,462.39,48.4,1.17,23,3,rain,2660,16.31,low
467,470,123.04,38.4,3.82,6,4,fog,2204,19.2,low
468,585,283.98,42.7,2.06,13,3,clear,1417,44.29,medium
469,618,347.19,45.3,1.78,3,1,clear,1583,39.52,medium
470,332,42.46,42.1,7.82,18,6,rain,1629,24.44,low
471,335,60.36,41.3,5.55,19,6,rain,947,31.33,medium
472,670,917.81,34.9,0.73,4,5,rain,2625,28.56,medium
473,488,61.85,49.9,7.89,2,0,clear,2162,26.84,medium
474,2080,302.33,30.7,6.88,9,1,clear,2687,65.03,high
475,463,482.29,47.4,0.96,9,6,clear,1931,21.71,low
476,972,187.28,36.9,5.19,9,3,fog,2560,39.26,medium
477,820,102.76,41.4,7.98,19,1,clear,2376,40.23,medium
478,489,440.54,50.9,1.11,8,3,clear,1321,28.28,medium
479,729,1056.52,52.3,0.69,13,1,clear,2972,12.59,low
480,326,44.17,50.3,7.38,4,1,clear,1473,16.35,low
481,763,151.39,41.1,5.04,13,6,rain,2179,38.37,medium
482,298,268.47,48.7,1.11,5,2,clear,922,27.62,medium
483,398,72.5,44.0,5.49,13,5,rain,2160,19.39,low
484,505,94.04,36.5,5.37,11,0,rain,1355,41.36,medium
485,950,299.68,46.1,3.17,14,2,clear,2178,38.02,medium
486,1201,182.25,4.0,6.59,19,2,fog,1125,100.0,severe
487,265,144.81,52.4,1.83,0,3,clear,1407,18.08,low
488,758,190.45,41.3,3.98,21,1,clear,2381,31.15,medium
489,213,142.0,60.8,1.5,19,5,clear,1935,10.12,low
490,1287,348.78,37.5,3.69,12,3,rain,2595,42.95,medium
491,1020,517.77,32.0,1.97,14,4,rain,1866,48.33,medium
492,682,126.53,45.1,5.39,10,4,clear,1843,34.87,medium
493,571,114.43,44.0,4.99,1,2,clear,1741,32.67,medium
494,795,245.37,55.0,3.24,2,2,clear,2766,25.01,medium
495,587,131.32,51.4,4.47,13,3,clear,2452,21.76,low
496,1775,318.67,28.3,5.57,12,0,rain,2963,48.76,medium
497,331,114.93,46.2,2.88,21,0,clear,1590,25.25,medium
498,617,145.52,44.5,4.24,21,4,clear,1597,31.55,medium
499,980,127.94,52.7,7.66,5,6,clear,2672,27.15,medium
500,361,248.97,39.1,1.45,17,5,fog,1472,27.94,medium
501,770,118.1,42.5,6.52,17,0,clear,1719,36.94,medium
502,624,88.01,41.4,7.09,13,0,clear,1307,48.22,medium
503,294,72.06,49.9,4.08,6,5,rain,2101,17.12,low
504,738,252.74,17.3,2.92,20,6,fog,1056,71.87,high
505,502,75.95,35.8,6.61,6,0,fog,1643,31.88,medium
506,437,480.22,42.6,0.91,14,1,clear,971,35.03,medium
507,394,197.0,48.6,2.0,0,3,clear,1379,18.76,low
508,323,61.64,53.1,5.24,23,5,clear,1182,22.79,low
509,768,406.35,42.9,1.89,18,6,clear,1753,45.57,medium
510,1212,2054.24,24.0,0.59,9,2,rain,1724,60.55,high
511,1107,437.55,18.6,2.53,5,4,storm,1703,60.63,high
512,1551,323.12,28.9,4.8,18,4,clear,1959,71.67,high
513,438,89.02,46.2,4.92,4,3,clear,2314,12.35,low
514,764,538.03,33.2,1.42,17,3,storm,2523,38.51,medium
515,344,373.91,52.5,0.92,17,2,clear,2264,20.19,low
516,971,122.76,36.1,7.91,19,3,clear,1613,48.95,medium
517,617,125.66,46.0,4.91,19,5,clear,1889,35.65,medium
518,808,101.76,42.5,7.94,14,0,clear,1970,35.48,medium
519,1730,262.92,31.8,6.58,8,0,clear,2673,64.99,high
520,1962,1265.81,21.1,1.55,19,4,clear,2434,76.5,severe
521,501,62.94,32.7,7.96,15,3,rain,1243,49.4,medium
522,1296,408.83,45.2,3.17,20,0,clear,2469,48.71,medium
523,101,50.75,54.8,1.99,22,6,clear,1112,11.82,low
524,1117,195.62,40.3,5.71,6,1,clear,2170,48.63,medium
525,1550,211.17,39.5,7.34,12,0,clear,2948,45.58,medium
526,514,121.8,38.5,4.22,1,0,clear,1096,43.84,medium
527,945,984.38,40.0,0.96,7,2,clear,2178,45.89,medium
528,1316,668.02,42.1,1.97,23,4,clear,2848,46.31,medium
529,1657,684.71,24.3,2.42,18,0,rain,2322,66.19,high
530,183,39.27,59.2,4.66,7,6,clear,1144,5.64,low
531,461,768.33,49.6,0.6,23,3,clear,1278,35.18,medium
532,1095,365.0,10.6,3.0,8,1,fog,1071,96.98,severe
533,879,586.0,22.4,1.5,12,3,storm,1918,55.21,high
534,336,46.22,51.3,7.27,8,5,clear,2434,22.06,low
535,704,623.01,35.4,1.13,22,6,storm,2310,32.5,medium
536,589,314.97,38.1,1.87,17,3,clear,1008,48.59,medium
537,1039,197.15,41.8,5.27,2,1,clear,2015,45.38,medium
538,288,98.29,49.9,2.93,23,0,clear,1016,29.84,medium
539,847,337.45,23.3,2.51,18,0,clear,910,80.47,severe
540,874,124.32,42.9,7.03,18,1,clear,1772,41.5,medium
541,699,107.21,46.3,6.52,13,2,clear,2107,31.44,medium
542,907,129.02,35.0,7.03,23,6,rain,2151,42.15,medium
543,547,103.4,43.0,5.29,7,5,clear,1178,44.92,medium
544,1480,526.69,38.7,2.81,0,1,clear,2824,46.73,medium
545,861,267.39,36.2,3.22,13,6,rain,2140,41.39,medium
546,1196,1161.17,26.7,1.03,17,5,fog,2158,59.28,high
547,1058,231.0,44.2,4.58,1,4,clear,2707,36.14,medium
548,470,123.68,53.3,3.8,11,5,clear,1905,19.89,low
549,384,104.63,44.6,3.67,13,0,clear,1139,33.63,medium
550,787,199.75,39.4,3.94,15,1,clear,1738,33.92,medium
551,1079,325.0,24.3,3.32,5,0,storm,2351,60.57,high
552,1678,272.85,31.4,6.15,9,0,clear,2262,69.27,high
553,578,95.07,47.8,6.08,3,3,clear,2506,25.35,medium
554,598,266.96,42.3,2.24,22,3,fog,2287,24.34,low
555,418,75.04,40.2,5.57,21,4,rain,970,40.18,medium
556,491,123.99,49.1,3.96,22,5,clear,1665,22.84,low
557,477,68.44,23.3,6.97,0,3,storm,851,50.72,high
558,1524,1508.91,34.9,1.01,8,2,clear,2807,47.84,medium
559,295,40.47,48.5,7.29,2,5,clear,1258,20.92,low
560,492,172.03,43.0,2.86,15,1,clear,1072,41.56,medium
561,929,126.91,45.3,7.32,22,2,clear,2305,33.69,medium
562,552,234.89,47.6,2.35,5,4,clear,1696,35.26,medium
563,813,103.44,38.8,7.86,9,2,clear,1334,53.3,high
564,513,301.76,44.4,1.7,12,3,rain,1839,27.47,medium
565,86,51.5,49.6,1.67,5,5,rain,928,8.72,low
566,1023,494.2,44.9,2.07,12,0,clear,2233,39.75,medium
567,969,236.92,46.3,4.09,0,6,clear,2157,43.83,medium
568,1660,290.21,39.0,5.72,0,0,clear,2879,51.61,high
569,998,432.03,40.8,2.31,1,5,rain,2973,33.96,medium
570,1371,425.78,42.6,3.22,18,3,clear,2879,39.94,medium
571,767,267.25,33.2,2.87,3,1,fog,1785,41.17,medium
572,699,152.29,32.9,4.59,10,4,clear,1228,52.12,high
573,1005,587.72,41.8,1.71,23,0,clear,2096,49.28,medium
574,373,189.34,46.9,1.97,22,4,clear,1712,18.84,low
575,1097,154.29,21.0,7.11,17,2,rain,1358,69.37,high
576,513,123.32,49.2,4.16,4,6,rain,2771,16.62,low
577,1146,184.24,42.2,6.22,0,1,clear,2827,41.54,medium
578,616,95.8,45.6,6.43,10,0,rain,2131,25.96,medium
579,443,139.31,42.8,3.18,21,1,clear,1286,34.67,medium
580,241,48.49,49.1,4.97,8,5,clear,889,14.97,low
581,844,116.74,36.8,7.23,1,5,rain,2384,39.77,medium
582,621,690.0,45.9,0.9,1,3,clear,1795,26.99,medium
583,386,64.77,51.2,5.96,15,3,rain,2099,19.91,low
584,444,101.6,52.4,4.37,1,3,clear,2332,10.87,low
585,1290,629.27,44.3,2.05,7,6,clear,2597,38.23,medium
586,491,76.48,39.8,6.42,14,2,clear,1334,38.59,medium
587,635,226.79,37.8,2.8,5,1,rain,1346,39.82,medium
588,372,413.33,50.0,0.9,5,3,clear,1345,25.61,medium
589,208,35.8,56.8,5.81,11,6,clear,2220,11.72,low
590,808,163.56,28.2,4.94,18,1,clear,1129,65.0,high
591,1803,910.61,18.9,1.98,7,1,clear,1539,99.46,severe
592,682,668.63,49.8,1.02,21,1,clear,2129,31.56,medium
593,180,59.6,42.0,3.02,5,5,fog,885,22.16,low
594,822,444.32,38.8,1.85,17,5,clear,2071,37.26,medium
595,495,73.77,38.7,6.71,11,1,clear,909,48.6,medium
596,719,194.85,28.3,3.69,10,6,clear,979,65.59,high
597,393,81.37,41.7,4.83,4,1,clear,1234,34.58,medium
598,630,504.0,29.7,1.25,23,4,fog,1108,58.4,high
599,227,91.16,55.2,2.49,4,5,clear,2102,6.52,low
600,418,241.62,27.9,1.73,7,1,fog,804,48.62,medium
601,519,115.33,47.1,4.5,11,1,clear,1467,34.35,medium
602,751,517.93,36.5,1.45,4,6,fog,2027,39.0,medium
603,2067,720.21,33.3,2.87,9,3,clear,2516,69.71,high
604,958,290.3,42.7,3.3,2,6,clear,2676,33.66,medium
605,843,407.25,44.5,2.07,12,4,clear,2310,31.85,medium
606,732,110.57,48.2,6.62,3,6,clear,2425,26.31,medium
607,929,166.79,38.7,5.57,13,1,rain,2188,39.67,medium
608,522,70.26,46.5,7.43,3,4,clear,2023,19.08,low
609,1099,186.9,21.9,5.88,9,3,storm,1647,63.79,high
610,913,150.66,26.6,6.06,2,0,fog,1457,63.14,high
611,379,140.89,49.9,2.69,8,6,clear,2030,12.42,low
612,849,152.7,38.1,5.56,16,2,clear,1993,41.25,medium
613,743,121.21,36.5,6.13,7,6,rain,1726,46.48,medium
614,1100,405.9,28.5,2.71,15,0,rain,1759,62.69,high
615,724,156.71,40.7,4.62,17,6,clear,1387,44.28,medium
616,830,236.47,25.6,3.51,20,3,clear,964,72.86,high
617,375,92.82,33.9,4.04,3,3,rain,818,43.19,medium
618,170,21.49,41.9,7.91,3,2,fog,854,22.59,low
619,1177,199.49,19.1,5.9,5,2,storm,2016,58.98,high
620,499,767.69,33.2,0.65,20,0,clear,868,46.42,medium
621,896,124.44,35.1,7.2,17,0,clear,1815,57.56,high
622,910,142.41,28.5,6.39,9,6,fog,1696,53.58,high
623,694,90.84,50.7,7.64,4,4,clear,2533,27.26,medium
624,445,115.28,46.5,3.86,12,2,rain,1544,34.22,medium
625,745,101.78,46.2,7.32,5,2,clear,2320,29.48,medium
626,1084,180.67,43.3,6.0,14,1,clear,1842,44.84,medium
627,326,47.66,36.8,6.84,5,0,fog,1003,33.76,medium
628,348,43.88,59.0,7.93,23,5,clear,2761,7.74,low
629,588,142.37,52.5,4.13,14,3,clear,2747,24.2,low
630,2039,476.4,33.0,4.28,18,4,rain,2956,62.07,high
631,1181,506.87,34.2,2.33,17,2,clear,1788,61.44,high
632,845,244.22,49.5,3.46,3,1,clear,2778,23.54,low
633,289,115.6,38.1,2.5,3,6,storm,1973,20.22,low
634,905,1052.33,46.1,0.86,14,0,clear,2520,38.18,medium
635,776,335.93,51.4,2.31,14,5,clear,2864,29.38,medium
636,748,178.52,31.5,4.19,22,6,rain,1509,42.07,medium
637,499,489.22,43.5,1.02,2,5,rain,2402,19.53,low
638,1048,414.23,45.0,2.53,1,3,clear,2352,38.71,medium
639,731,200.82,25.7,3.64,20,5,storm,1754,51.76,high
640,834,121.93,36.2,6.84,23,3,clear,1613,46.51,medium
641,480,219.18,39.9,2.19,8,1,clear,979,48.7,medium
642,691,87.69,35.2,7.88,10,6,fog,1241,58.63,high
643,177,29.9,55.2,5.92,2,2,clear,1322,6.65,low
644,787,289.34,41.2,2.72,19,1,clear,1638,35.82,medium
645,780,151.16,45.5,5.16,12,2,clear,1914,34.58,medium
646,1115,230.85,47.8,4.83,19,0,clear,2407,38.91,medium
647,609,223.9,40.1,2.72,20,4,clear,1278,42.51,medium
648,1053,263.25,42.3,4.0,5,2,clear,2732,36.46,medium
649,639,297.21,47.9,2.15,23,4,clear,1722,31.52,medium
650,1957,501.79,22.2,3.9,5,4,fog,2734,68.05,high
651,621,77.72,36.3,7.99,2,4,fog,2944,22.41,low
652,472,88.22,51.3,5.35,1,2,clear,1934,20.93,low
653,331,337.76,47.7,0.98,2,6,clear,1009,30.09,medium
654,1415,552.73,33.7,2.56,1,3,rain,2857,50.38,high
655,928,151.63,36.1,6.12,2,1,rain,2524,42.1,medium
656,591,465.35,35.5,1.27,7,4,clear,922,57.15,high
657,525,226.29,32.6,2.32,5,5,fog,1255,47.7,medium
658,1062,172.68,44.1,6.15,15,0,clear,2489,36.23,medium
659,192,43.24,50.0,4.44,6,6,clear,1647,14.52,low
660,1417,273.03,40.1,5.19,23,4,clear,2640,43.29,medium
661,1152,223.69,43.1,5.15,3,0,clear,2708,34.95,medium
662,789,270.21,33.7,2.92,21,4,rain,1436,51.48,high
663,1624,2165.33,38.1,0.75,23,3,clear,2720,55.51,high
664,604,82.07,49.7,7.36,23,5,clear,2636,24.71,low
665,970,134.54,40.4,7.21,15,2,clear,2773,38.01,medium
666,578,149.74,50.2,3.86,0,6,clear,2403,17.9,low
667,161,65.98,55.4,2.44,22,6,clear,1058,7.89,low
668,43,22.28,64.2,1.93,3,3,clear,1475,3.28,low
669,318,86.41,59.9,3.68,15,1,clear,2463,7.71,low
670,849,114.27,51.6,7.43,4,4,clear,2915,26.57,medium
671,2437,3868.25,13.2,0.63,20,3,rain,2438,88.42,severe
672,546,290.43,35.1,1.88,18,0,clear,900,53.03,high
673,953,130.01,37.3,7.33,18,3,clear,1946,53.41,high
674,514,68.35,46.0,7.52,22,3,clear,1305,34.17,medium
675,608,250.21,40.2,2.43,8,5,fog,1720,28.94,medium
676,500,92.76,22.3,5.39,16,3,fog,874,57.92,high
677,582,233.73,36.2,2.49,15,0,rain,1260,44.54,medium
678,905,595.39,38.2,1.52,4,3,rain,2724,33.02,medium
679,494,160.91,48.5,3.07,2,1,clear,1704,26.46,medium
680,932,357.09,17.7,2.61,18,4,fog,1270,77.43,severe
681,917,285.67,32.0,3.21,9,3,clear,1482,57.31,high
682,584,143.84,53.9,4.06,21,6,clear,2338,24.24,low
683,1016,138.61,46.1,7.33,16,3,clear,2694,29.19,medium
684,681,325.84,53.8,2.09,19,5,clear,2813,18.98,low
685,640,122.14,44.1,5.24,14,2,clear,1351,30.63,medium
686,645,405.66,29.1,1.59,17,1,rain,968,57.47,high
687,1304,194.05,42.5,6.72,7,4,clear,2708,40.88,medium
688,920,159.72,51.4,5.76,0,2,clear,2570,25.1,medium
689,1003,258.51,38.1,3.88,1,0,fog,2897,41.65,medium
690,1822,855.4,30.2,2.13,7,3,clear,2582,67.28,high
691,368,110.84,38.8,3.32,13,5,fog,1743,33.81,medium
692,328,81.8,44.8,4.01,20,6,clear,878,39.41,medium
693,1206,225.0,40.9,5.36,17,6,clear,2283,50.95,high
694,599,868.12,46.4,0.69,17,3,clear,1953,29.86,medium
695,1332,2049.23,37.3,0.65,14,3,clear,2824,39.38,medium
696,1205,338.48,33.5,3.56,22,1,rain,2706,45.43,medium
697,775,101.97,31.1,7.6,20,0,clear,1082,70.81,high
698,656,214.38,30.6,3.06,12,0,fog,1479,46.63,medium
699,186,24.35,56.5,7.64,22,5,clear,1908,3.86,low
700,592,75.22,60.2,7.87,0,6,clear,2500,16.96,low
701,522,123.11,49.3,4.24,4,3,clear,1843,23.22,low
702,530,180.89,41.0,2.93,1,0,rain,1253,37.68,medium
703,853,194.31,44.4,4.39,15,0,clear,2114,33.44,medium
704,1094,533.66,35.7,2.05,12,0,rain,2238,54.6,high
705,513,66.45,45.1,7.72,15,1,clear,1350,34.77,medium
706,449,76.1,47.6,5.9,15,6,clear,1799,21.01,low
707,628,433.1,42.9,1.45,4,5,clear,1777,34.29,medium
708,831,134.25,43.0,6.19,15,2,clear,2364,35.69,medium
709,919,141.82,49.2,6.48,13,4,clear,2610,27.79,medium
710,990,201.63,37.9,4.91,13,0,rain,2353,43.04,medium
711,1704,1310.77,32.8,1.3,3,1,clear,2676,60.16,high
712,439,163.81,48.9,2.68,16,6,clear,1817,17.64,low
713,484,452.34,44.2,1.07,8,5,clear,1889,25.47,medium
714,420,60.96,33.0,6.89,22,0,fog,1036,47.16,medium
715,658,357.61,37.2,1.84,23,2,fog,2559,29.34,medium
716,1000,343.64,48.7,2.91,15,4,clear,2872,27.86,medium
717,592,438.52,48.0,1.35,21,1,clear,1725,32.5,medium
718,215,43.79,54.6,4.91,3,5,clear,1195,12.88,low
719,318,42.4,40.9,7.5,19,6,clear,1013,29.41,medium
720,834,1174.65,32.6,0.71,7,4,clear,1361,56.77,high
721,1125,740.13,32.4,1.52,10,6,clear,1838,53.33,high
722,637,164.18,40.4,3.88,12,4,clear,1645,31.56,medium
723,1855,416.85,26.9,4.45,7,2,clear,2341,70.04,high
724,532,125.47,49.4,4.24,1,6,clear,2672,18.35,low
725,821,128.89,48.3,6.37,23,4,clear,2693,28.75,medium
726,645,311.59,33.0,2.07,21,0,fog,1643,43.98,medium
727,613,251.23,43.8,2.44,21,1,clear,1865,24.36,low
728,922,146.35,38.6,6.3,23,1,fog,2947,27.09,medium
729,485,149.23,53.8,3.25,4,1,clear,2758,12.12,low
730,20,6.33,50.0,3.16,17,5,storm,2801,6.8,low
731,1108,323.03,24.9,3.43,18,3,rain,1634,62.29,high
732,1376,272.48,30.1,5.05,18,1,clear,1938,64.35,high
733,401,292.7,53.2,1.37,22,6,clear,2439,19.01,low
734,908,133.14,44.1,6.82,21,2,clear,2289,34.56,medium
735,696,150.65,46.4,4.62,1,0,rain,2172,33.39,medium
736,515,74.96,46.1,6.87,4,5,clear,1422,31.65,medium
737,413,263.06,42.0,1.57,7,4,clear,936,41.12,medium
738,554,100.0,40.2,5.54,19,1,fog,1563,30.46,medium
739,604,185.28,40.1,3.26,7,5,clear,1147,37.93,medium
740,1055,140.67,48.8,7.5,19,5,clear,2624,34.51,medium
741,1411,723.59,34.2,1.95,0,3,clear,2215,59.76,high
742,170,21.68,50.9,7.84,11,1,clear,976,13.31,low
743,527,95.99,47.7,5.49,23,0,clear,1597,26.42,medium
744,1207,172.18,26.4,7.01,5,2,rain,1903,62.86,high
745,330,43.48,47.1,7.59,15,1,clear,1153,27.24,medium
746,1328,254.41,40.3,5.22,23,3,clear,2988,41.21,medium
747,1668,855.38,28.5,1.95,0,3,fog,2536,65.65,high
748,656,86.2,37.1,7.61,12,6,rain,1854,37.46,medium
749,446,384.48,43.7,1.16,2,5,rain,1397,34.78,medium
750,1599,232.75,30.7,6.87,9,3,clear,2205,71.05,high
751,1500,209.5,15.8,7.16,17,3,storm,2031,65.86,high
752,642,185.01,36.3,3.47,8,3,clear,1302,46.94,medium
753,362,385.11,32.9,0.94,5,1,fog,915,34.74,medium
754,1231,293.1,40.9,4.2,4,1,clear,2943,38.58,medium
755,595,127.96,51.6,4.65,20,3,clear,2739,15.13,low
756,613,123.59,48.8,4.96,13,5,clear,2157,25.83,medium
757,978,1304.0,39.4,0.75,1,1,storm,2960,33.34,medium
758,1119,142.37,35.1,7.86,21,0,rain,2241,47.33,medium
759,998,405.69,25.2,2.46,17,4,clear,1242,76.52,severe
760,541,92.48,39.6,5.85,10,5,rain,1288,40.59,medium
761,296,38.05,46.4,7.78,17,4,clear,882,23.28,low
762,525,191.61,50.5,2.74,10,6,clear,2572,18.01,low
763,1059,260.84,21.5,4.06,9,0,storm,1766,61.62,high
764,521,81.79,37.1,6.37,22,2,rain,1143,37.03,medium
765,883,146.43,43.6,6.03,12,6,rain,2922,29.21,medium
766,1224,181.07,28.9,6.76,6,4,fog,2459,54.03,high
767,711,95.56,46.0,7.44,23,5,clear,2406,27.68,medium
768,527,80.58,50.2,6.54,1,2,clear,2149,22.62,low
769,1471,510.76,10.9,2.88,17,1,clear,1280,100.0,severe
770,1195,2343.14,37.8,0.51,8,5,clear,2262,54.78,high
771,685,145.74,39.1,4.7,3,3,rain,2484,22.34,low
772,583,82.0,46.3,7.11,22,6,clear,1879,25.42,medium
773,364,51.63,33.7,7.05,23,2,fog,1902,26.88,medium
774,1010,523.32,43.5,1.93,16,2,rain,2724,30.64,medium
775,157,113.77,56.3,1.38,16,5,clear,1502,12.25,low
776,105,50.24,64.6,2.09,16,4,clear,2675,3.46,low
777,231,200.87,47.0,1.15,3,3,clear,822,26.74,medium
778,453,226.5,42.2,2.0,0,5,clear,1672,26.97,medium
779,510,65.38,49.4,7.8,21,2,clear,2139,21.26,low
780,1042,290.25,33.1,3.59,11,1,rain,2278,54.32,high
781,446,69.04,36.2,6.46,23,0,fog,1070,41.02,medium
782,735,101.8,40.3,7.22,10,6,clear,1403,42.66,medium
783,1388,1402.02,33.9,0.99,7,3,clear,2757,51.69,high
784,988,354.12,27.5,2.79,18,1,clear,1270,74.21,high
785,1484,293.28,35.7,5.06,10,3,clear,2284,56.17,high
786,1436,251.49,29.5,5.71,10,2,clear,2364,55.21,high
787,604,99.67,30.6,6.06,14,1,rain,1225,54.67,high
788,326,53.53,46.1,6.09,9,1,clear,1175,34.43,medium
789,569,150.13,36.3,3.79,7,4,clear,904,52.7,high
790,528,83.94,42.3,6.29,14,6,clear,1583,29.57,medium
791,698,1203.45,35.9,0.58,0,1,rain,1905,36.6,medium
792,1543,2911.32,32.6,0.53,4,3,rain,2796,53.12,high
793,1517,426.12,33.0,3.56,20,0,clear,2818,53.33,high
794,340,42.55,35.2,7.99,6,6,storm,1985,22.34,low
795,232,52.73,38.9,4.4,8,5,fog,813,23.15,low
796,488,131.18,44.4,3.72,3,5,clear,1515,29.25,medium
797,195,27.62,58.4,7.06,0,6,clear,2739,7.2,low
798,602,172.49,39.1,3.49,1,6,rain,2675,26.02,medium
799,1596,492.59,37.5,3.24,10,0,clear,2633,55.78,high
800,578,201.39,38.5,2.87,8,1,rain,1516,36.81,medium
801,2763,419.91,4.1,6.58,9,1,storm,2577,98.71,severe
802,1518,519.86,40.8,2.92,20,1,clear,2900,47.48,medium
803,635,362.86,43.5,1.75,10,3,clear,1649,30.01,medium
804,886,118.29,46.0,7.49,3,4,clear,2446,26.71,medium
805,1146,156.56,26.7,7.32,7,2,clear,1367,72.08,high
806,509,105.17,53.7,4.84,22,6,clear,2529,11.11,low
807,1787,925.91,27.8,1.93,7,2,clear,2053,73.95,high
808,2691,389.44,19.3,6.91,8,1,clear,2690,95.41,severe
809,899,656.2,46.8,1.37,13,1,clear,2649,35.99,medium
810,526,212.96,34.8,2.47,18,3,clear,802,59.88,high
811,901,146.27,33.4,6.16,10,3,clear,1514,55.25,high
812,976,137.85,38.3,7.08,11,2,clear,1651,46.34,medium
813,747,98.16,43.9,7.61,15,1,clear,2935,24.79,low
814,1159,415.41,41.0,2.79,20,1,clear,1781,54.28,high
815,371,47.56,51.5,7.8,23,5,clear,1562,20.07,low
816,1429,446.56,20.4,3.2,19,2,clear,1395,91.67,severe
817,838,119.2,32.6,7.03,0,5,storm,2350,39.82,medium
818,387,194.47,53.0,1.99,12,5,clear,2094,7.66,low
819,2007,1023.98,30.9,1.96,19,5,clear,2674,68.25,high
820,598,355.95,47.4,1.68,22,4,clear,2343,31.36,medium
821,971,1229.11,43.2,0.79,2,1,clear,2144,38.43,medium
822,288,64.0,46.9,4.5,6,2,clear,1070,22.91,low
823,740,101.79,48.9,7.27,1,6,clear,2856,25.06,medium
824,407,80.91,48.8,5.03,3,0,clear,1452,25.11,medium
825,912,186.5,33.3,4.89,3,2,rain,2179,51.19,high
826,505,306.06,53.2,1.65,11,5,clear,2315,17.14,low
827,797,1226.15,45.6,0.65,17,5,clear,2175,37.05,medium
828,480,120.6,49.5,3.98,2,2,clear,1429,20.28,low
829,735,194.96,39.3,3.77,15,6,clear,1995,33.69,medium
830,1161,620.86,38.2,1.87,7,1,clear,2921,38.75,medium
831,389,55.1,49.3,7.06,0,3,clear,1535,23.19,low
832,820,1093.33,52.6,0.75,19,6,clear,2203,29.73,medium
833,993,342.41,46.4,2.9,0,0,clear,2654,36.95,medium
834,455,226.37,28.2,2.01,6,0,storm,1003,46.9,medium
835,625,172.65,35.7,3.62,8,1,clear,1052,56.81,high
836,1104,1115.15,48.1,0.99,14,4,clear,2574,40.13,medium
837,414,54.55,56.8,7.59,0,5,clear,1809,15.8,low
838,696,94.31,48.7,7.38,6,6,clear,2057,39.51,medium
839,414,96.5,42.8,4.29,1,0,rain,1573,25.07,medium
840,546,82.11,44.1,6.65,18,0,clear,917,45.93,medium
841,1674,320.69,26.5,5.22,19,1,clear,2033,74.72,high
842,798,310.51,39.1,2.57,23,2,clear,1659,41.07,medium
843,321,154.33,34.7,2.08,12,3,rain,881,38.19,medium
844,640,289.59,39.2,2.21,11,4,rain,1507,40.28,medium
845,288,46.6,54.4,6.18,7,2,clear,2517,12.94,low
846,318,41.84,49.5,7.6,4,2,clear,1349,17.72,low
847,1067,281.53,36.6,3.79,8,2,clear,1686,55.54,high
848,364,52.68,37.3,6.91,1,0,fog,1095,34.73,medium
849,573,206.86,49.1,2.77,14,5,clear,2203,23.56,low
850,1162,286.91,42.2,4.05,6,3,clear,2491,38.46,medium
851,1166,233.2,39.9,5.0,23,5,fog,2534,36.05,medium
852,1014,150.22,36.3,6.75,0,3,fog,2592,33.42,medium
853,209,32.71,35.0,6.39,23,6,storm,940,33.02,medium
854,229,266.28,50.6,0.86,21,6,clear,2510,11.92,low
855,753,149.11,28.4,5.05,20,3,rain,1376,56.2,high
856,806,104.54,39.2,7.71,16,0,fog,2916,34.13,medium
857,799,150.75,27.5,5.3,2,0,rain,1233,57.44,high
858,783,752.88,28.0,1.04,3,4,fog,1643,39.41,medium
859,231,83.39,52.7,2.77,4,5,clear,1216,15.67,low
860,523,103.36,51.0,5.06,0,0,clear,2736,20.24,low
861,728,104.6,38.8,6.96,11,5,clear,1983,37.39,medium
862,542,120.44,34.7,4.5,9,6,fog,1272,35.49,medium
863,1072,169.35,39.1,6.33,8,5,clear,2378,44.13,medium
864,177,70.24,49.4,2.52,21,6,fog,1303,11.96,low
865,893,123.0,29.4,7.26,8,4,clear,1263,65.83,high
866,944,545.66,44.4,1.73,9,4,clear,2822,31.3,medium
867,1064,187.99,24.9,5.66,21,1,rain,1569,63.9,high
868,610,103.21,45.5,5.91,15,2,clear,1183,46.46,medium
869,1028,433.76,43.7,2.37,16,2,clear,2442,35.94,medium
870,239,48.88,65.0,4.89,22,5,clear,1764,0.0,low
871,206,44.98,47.6,4.58,0,4,clear,851,20.88,low
872,629,329.32,51.8,1.91,11,1,clear,2660,25.85,medium
873,1191,216.94,32.5,5.49,11,2,clear,1801,52.87,high
874,547,75.66,41.2,7.23,20,1,clear,1312,39.92,medium
875,619,80.7,52.0,7.67,3,0,clear,2554,22.79,low
876,536,118.58,50.3,4.52,8,6,clear,2558,13.95,low
877,828,112.65,51.1,7.35,18,5,clear,2704,24.36,low
878,445,165.43,48.8,2.69,22,2,clear,2240,19.73,low
879,415,691.67,36.5,0.6,0,4,fog,1271,38.85,medium
880,1122,265.88,21.8,4.22,17,3,clear,1266,81.54,severe
881,647,363.48,51.2,1.78,6,6,clear,2524,17.06,low
882,887,194.09,31.3,4.57,0,4,fog,2286,41.05,medium
883,1104,506.42,44.8,2.18,21,1,clear,2611,37.17,medium
884,1191,257.79,35.6,4.62,22,1,rain,2323,52.83,high
885,849,166.47,31.2,5.1,9,2,storm,1692,52.35,high
886,552,129.88,49.6,4.25,6,6,clear,1717,23.31,low
887,481,76.47,46.0,6.29,8,0,clear,2081,22.19,low
888,1129,148.75,41.7,7.59,3,5,clear,2934,32.84,medium
889,1484,225.53,38.5,6.58,0,2,clear,2463,57.82,high
890,510,70.74,36.3,7.21,6,0,clear,1180,43.89,medium
891,257,46.39,38.8,5.54,3,2,fog,896,26.53,medium
892,858,809.43,34.3,1.06,12,1,rain,1856,47.36,medium
893,1798,3047.46,11.1,0.59,17,0,storm,1959,83.8,severe
894,1599,217.26,33.7,7.36,17,1,clear,2368,61.18,high
895,1132,1286.36,46.6,0.88,13,2,clear,2991,29.16,medium
896,1473,338.62,34.5,4.35,11,0,rain,2880,52.17,high
897,614,137.98,49.5,4.45,6,2,clear,1840,29.16,medium
898,275,44.57,51.1,6.17,12,0,clear,1116,29.62,medium
899,877,133.08,45.3,6.59,23,1,clear,2668,32.43,medium
900,2157,405.45,22.9,5.32,20,4,rain,2888,61.87,high
901,1217,195.03,30.0,6.24,18,4,rain,2030,58.29,high
902,1242,1182.86,38.0,1.05,9,6,clear,2084,55.76,high
903,1020,213.84,40.1,4.77,16,3,clear,2272,43.09,medium
904,1562,279.43,35.5,5.59,2,3,clear,2816,45.96,medium
905,440,77.06,41.1,5.71,0,4,rain,1581,33.37,medium
906,274,230.25,43.6,1.19,21,3,clear,1022,29.38,medium
907,364,98.64,57.0,3.69,4,6,clear,2785,11.02,low
908,1220,1000.0,39.1,1.22,7,5,clear,2373,49.26,medium
909,460,91.45,35.0,5.03,18,3,clear,823,55.88,high
910,1182,195.05,28.1,6.06,17,0,clear,1683,62.06,high
911,729,101.39,45.5,7.19,5,0,clear,1841,30.04,medium
912,624,89.14,35.8,7.0,7,4,clear,987,58.1,high
913,561,236.71,51.1,2.37,22,5,clear,1845,23.45,low
914,631,120.42,37.5,5.24,2,4,clear,1377,39.31,medium
915,525,772.06,44.5,0.68,22,2,fog,2220,33.14,medium
916,494,243.35,52.4,2.03,0,3,clear,2131,23.37,low
917,627,461.03,42.4,1.36,4,0,rain,1998,28.5,medium
918,889,966.3,28.2,0.92,17,3,rain,1542,49.55,medium
919,614,117.4,42.6,5.23,0,6,fog,1930,32.33,medium
920,1336,176.25,26.0,7.58,21,4,fog,2923,43.62,medium
921,242,117.48,40.5,2.06,5,4,clear,800,27.72,medium
922,1093,273.93,39.1,3.99,2,1,rain,2378,42.53,medium
923,519,218.07,40.0,2.38,6,4,clear,1032,50.23,high
924,355,233.55,56.2,1.52,4,1,clear,2055,8.94,low
925,179,60.27,48.4,2.97,6,1,rain,840,21.87,low
926,1628,1938.1,35.1,0.84,17,3,clear,2840,50.56,high
927,1270,265.69,28.7,4.78,10,1,clear,1679,67.85,high
928,642,264.2,53.7,2.43,12,5,clear,2795,22.55,low
929,765,116.26,34.9,6.58,11,0,storm,2232,40.04,medium
930,405,173.08,43.2,2.34,14,0,rain,1360,28.38,medium
931,213,273.08,50.1,0.78,0,6,rain,1215,11.48,low
932,816,122.52,38.5,6.66,17,2,clear,1267,53.55,high
933,484,562.79,35.5,0.86,12,4,storm,1263,42.43,medium
934,2195,1407.05,23.5,1.56,8,0,clear,2263,86.75,severe
935,246,33.47,42.1,7.35,23,5,fog,1054,31.13,medium
936,1048,210.02,26.6,4.99,23,3,storm,2463,42.33,medium
937,966,269.83,47.1,3.58,10,6,clear,2712,36.28,medium
938,359,56.36,51.6,6.37,2,2,clear,1119,28.68,medium
939,858,169.57,33.2,5.06,8,5,clear,1515,55.96,high
940,464,78.64,42.2,5.9,22,0,rain,1464,31.59,medium
941,919,772.27,32.4,1.19,23,3,rain,1804,50.1,high
942,785,140.68,43.4,5.58,13,3,rain,2059,31.72,medium
943,2567,850.0,23.3,3.02,20,1,clear,2466,90.0,severe
944,848,191.42,52.0,4.43,1,4,clear,2972,18.84,low
945,793,120.33,37.1,6.59,20,5,rain,1678,44.26,medium
946,278,42.51,41.8,6.54,14,2,clear,861,29.69,medium
947,3072,538.95,4.0,5.7,18,0,rain,2654,100.0,severe
948,755,108.63,43.8,6.95,3,4,clear,2299,33.61,medium
949,862,287.33,53.2,3.0,23,0,clear,2598,20.45,low
950,324,317.65,49.0,1.02,1,2,clear,1593,26.46,medium
951,1472,458.57,26.5,3.21,9,6,fog,2550,60.98,high
952,359,161.71,39.6,2.22,18,0,clear,873,34.67,medium
953,340,176.17,40.6,1.93,23,4,fog,873,31.21,medium
954,1416,416.47,21.0,3.4,10,1,storm,2221,70.04,high
955,483,117.23,27.1,4.12,15,5,storm,1264,47.64,medium
956,224,162.32,56.4,1.38,18,5,clear,1396,15.98,low
957,377,67.2,38.8,5.61,1,5,storm,2003,23.38,low
958,532,146.96,47.9,3.62,21,2,clear,1801,33.87,medium
959,506,173.88,53.8,2.91,5,6,clear,2010,21.27,low
960,1627,280.52,20.4,5.8,7,2,fog,2199,74.53,high
961,2169,653.31,24.5,3.32,18,1,clear,2416,79.29,severe
962,379,70.45,46.8,5.38,2,4,clear,1379,28.51,medium
963,499,542.39,35.3,0.92,0,0,rain,1140,45.88,medium
964,1231,461.05,36.0,2.67,10,2,clear,2217,41.86,medium
965,912,444.88,31.5,2.05,5,0,rain,2033,41.63,medium
966,890,898.99,44.0,0.99,23,4,clear,2927,28.61,medium
967,958,126.05,46.3,7.6,4,1,clear,2271,36.01,medium
968,807,111.46,45.2,7.24,19,6,rain,2500,28.0,medium
969,554,70.84,47.9,7.82,14,0,clear,2057,30.88,medium
970,435,67.13,48.0,6.48,19,6,clear,1382,30.19,medium
971,2469,453.03,19.4,5.45,17,2,rain,2449,88.94,severe
972,880,135.8,31.3,6.48,2,4,rain,1602,57.88,high
973,471,713.64,50.9,0.66,23,5,clear,1451,20.95,low
974,1067,1046.08,50.8,1.02,6,3,clear,2538,34.3,medium
975,964,440.18,39.5,2.19,16,0,clear,1740,51.29,high
976,987,173.16,44.6,5.7,11,4,clear,2355,43.2,medium
977,1551,378.29,26.1,4.1,1,1,rain,2694,57.59,high
978,352,191.3,45.0,1.84,4,3,clear,1461,11.35,low
979,869,114.49,21.1,7.59,17,1,clear,945,83.03,severe
980,735,390.96,41.2,1.88,11,6,clear,2310,34.25,medium
981,184,46.23,53.3,3.98,23,3,clear,839,24.31,low
982,521,131.23,48.2,3.97,13,4,clear,1500,36.11,medium
983,628,1064.41,37.5,0.59,10,3,clear,1046,52.99,high
984,929,298.71,40.2,3.11,19,0,clear,1637,55.46,high
985,630,162.79,32.8,3.87,5,0,rain,1197,47.53,medium
986,335,124.07,40.6,2.7,14,1,clear,957,32.38,medium
987,625,90.71,50.5,6.89,12,4,clear,2678,14.28,low
988,265,65.76,58.0,4.03,11,3,clear,2104,13.19,low
989,789,201.79,49.2,3.91,4,4,clear,2861,18.21,low
990,680,85.21,44.8,7.98,5,2,clear,1554,34.55,medium
991,1230,512.5,40.3,2.4,8,2,clear,2803,39.16,medium
992,546,274.37,49.6,1.99,4,4,clear,2028,22.79,low
993,483,235.61,54.3,2.05,19,6,clear,2618,12.02,low
994,799,345.89,36.2,2.31,13,5,fog,2477,35.98,medium
995,279,40.85,53.4,6.83,23,6,clear,1218,23.79,low
996,1988,1577.78,20.8,1.26,7,0,clear,2301,81.12,severe
997,628,1207.69,35.7,0.52,21,0,rain,1340,44.62,medium
998,402,262.75,37.6,1.53,14,3,rain,971,36.3,medium
999,458,159.58,46.7,2.87,23,4,clear,2272,17.98,low
1000,908,151.33,40.6,6.0,21,1,rain,2458,37.64,medium
1001,148,91.93,42.0,1.61,23,6,rain,868,20.45,low
1002,525,142.66,43.7,3.68,14,4,clear,1643,28.86,medium
1003,2261,429.85,23.9,5.26,8,2,rain,2996,69.51,high
1004,1006,552.75,31.0,1.82,8,4,clear,1230,64.93,high
1005,1099,900.82,29.4,1.22,15,3,rain,2044,60.07,high
1006,503,101.62,36.1,4.95,13,1,rain,1033,49.28,medium
1007,1676,402.88,31.9,4.16,10,2,clear,2761,55.67,high
1008,988,393.63,33.0,2.51,1,5,fog,2996,34.47,medium
1009,684,171.86,51.3,3.98,2,0,clear,2302,24.81,low
1010,1720,609.93,30.6,2.82,8,0,clear,2510,57.7,high
1011,381,54.74,53.7,6.96,14,1,clear,2617,8.58,low
1012,398,75.09,52.3,5.3,21,6,clear,1495,27.29,medium
1013,960,310.68,35.0,3.09,19,3,clear,1788,40.18,medium
1014,1019,129.97,33.1,7.84,9,5,fog,1951,48.8,medium
1015,1337,536.95,35.0,2.49,23,4,clear,2979,50.61,high
1016,226,42.01,53.8,5.38,4,6,clear,1451,17.83,low
1017,670,85.9,35.3,7.8,15,1,fog,1858,37.71,medium
1018,421,99.53,41.4,4.23,18,3,clear,974,34.95,medium
1019,1137,159.92,25.0,7.11,19,4,rain,1706,71.06,high
1020,487,254.97,43.0,1.91,21,5,clear,1350,33.8,medium
1021,696,192.27,23.1,3.62,16,1,storm,1779,43.58,medium
1022,332,54.34,55.5,6.11,21,5,clear,2037,20.96,low
1023,723,737.76,41.1,0.98,15,4,rain,1767,42.3,medium
1024,471,133.43,34.8,3.53,11,0,fog,1618,29.65,medium
1025,544,69.48,34.2,7.83,7,1,clear,1247,39.3,medium
1026,746,438.82,41.0,1.7,10,4,clear,1787,39.08,medium
1027,718,117.51,49.5,6.11,3,2,clear,2337,24.14,low
1028,770,127.27,36.8,6.05,21,1,clear,1431,49.86,medium
1029,577,89.6,37.3,6.44,19,1,clear,1204,43.46,medium
1030,714,915.38,40.0,0.78,20,6,clear,1365,50.31,high
1031,404,233.53,37.7,1.73,9,5,fog,1337,32.03,medium
1032,165,28.11,51.8,5.87,4,0,clear,1561,11.58,low
1033,592,242.62,52.2,2.44,0,1,clear,2763,18.86,low
1034,1203,272.79,41.1,4.41,13,3,clear,2980,34.61,medium
1035,642,110.31,52.2,5.82,13,5,clear,2368,15.41,low
1036,544,197.1,48.3,2.76,2,6,clear,2549,25.66,medium
1037,539,962.5,30.2,0.56,20,2,clear,826,64.91,high
1038,581,667.82,32.4,0.87,12,4,rain,1044,54.75,high
1039,325,85.75,46.2,3.79,3,1,clear,1053,28.38,medium
1040,779,213.42,44.7,3.65,8,3,clear,1942,38.27,medium
1041,630,110.33,50.8,5.71,13,5,rain,2794,23.79,low
1042,568,458.06,37.2,1.24,22,1,fog,1486,39.77,medium
1043,226,46.22,52.0,4.89,14,6,clear,1133,17.73,low
1044,209,217.71,44.5,0.96,15,3,rain,1541,15.63,low
1045,306,104.79,49.6,2.92,23,3,clear,1502,20.02,low
1046,1062,1633.85,37.0,0.65,22,3,clear,2586,41.79,medium
1047,919,466.5,46.8,1.97,11,0,clear,2081,40.15,medium
1048,1112,165.72,41.1,6.71,11,0,clear,2872,31.93,medium
1049,1019,278.42,29.6,3.66,22,5,storm,2731,40.43,medium
1050,593,173.39,30.2,3.42,17,5,rain,1319,45.57,medium
1051,1355,523.17,32.0,2.59,22,2,rain,2931,44.93,medium
1052,321,458.57,49.6,0.7,1,6,rain,2403,12.09,low
1053,993,181.87,33.1,5.46,8,2,clear,1400,69.53,high
1054,575,224.61,43.1,2.56,10,6,clear,1582,37.39,medium
1055,690,130.68,29.7,5.28,12,2,rain,1175,56.37,high
1056,1025,236.18,22.8,4.34,13,2,fog,1617,65.42,high
1057,1018,158.32,43.0,6.43,15,6,clear,2676,35.46,medium
1058,73,15.57,60.2,4.69,17,6,clear,1345,11.85,low
1059,651,508.59,44.8,1.28,0,4,clear,2277,31.13,medium
1060,887,703.97,37.8,1.26,18,3,clear,1395,51.99,high
1061,485,103.19,47.6,4.7,6,1,clear,1557,26.34,medium
1062,306,58.17,41.7,5.26,17,5,rain,1708,34.07,medium
1063,261,92.88,56.2,2.81,3,1,clear,1961,10.55,low
1064,649,87.47,50.9,7.42,22,5,clear,2434,10.33,low
1065,394,56.85,47.1,6.93,1,5,clear,1576,24.09,low
1066,638,102.57,43.8,6.22,18,6,rain,2091,34.13,medium
1067,235,29.94,51.4,7.85,12,4,clear,917,16.88,low
1068,1165,832.14,26.9,1.4,17,4,clear,1422,80.12,severe
1069,723,123.17,44.2,5.87,5,3,clear,1990,30.43,medium
1070,1003,170.58,39.7,5.88,16,4,rain,2456,30.48,medium
1071,1758,499.43,38.0,3.52,0,2,clear,2909,61.53,high
1072,932,131.27,47.9,7.1,14,1,clear,2192,37.37,medium
1073,933,211.56,47.8,4.41,16,0,clear,2523,29.05,medium
1074,986,152.87,34.4,6.45,0,2,rain,2065,55.74,high
1075,1369,382.4,26.7,3.58,9,1,clear,1925,59.79,high
1076,185,27.86,57.6,6.64,1,6,clear,1353,8.15,low
1077,253,84.33,40.5,3.0,4,1,fog,1074,20.17,low
1078,905,357.71,40.4,2.53,9,0,clear,2151,35.84,medium
1079,782,1448.15,32.8,0.54,14,2,fog,2732,27.75,medium
1080,717,181.52,42.4,3.95,21,1,rain,1857,40.59,medium
1081,917,119.09,39.0,7.7,5,2,rain,2141,47.76,medium
1082,401,53.47,47.0,7.5,14,6,clear,1517,26.55,medium
1083,621,118.51,23.5,5.24,4,1,fog,1154,59.45,high
1084,650,445.21,42.6,1.46,2,2,clear,1749,27.84,medium
1085,1135,158.08,38.4,7.18,21,2,fog,2858,35.78,medium
1086,743,123.63,40.2,6.01,9,2,clear,1506,52.3,high
1087,1144,262.99,36.9,4.35,15,1,rain,2882,37.16,medium
1088,665,126.67,46.8,5.25,13,4,clear,2651,21.3,low
1089,641,436.05,40.9,1.47,19,5,clear,1159,54.01,high
1090,743,285.77,45.9,2.6,15,0,clear,2511,28.66,medium
1091,101,33.44,55.8,3.02,15,6,clear,1367,7.42,low
1092,502,84.94,47.0,5.91,5,4,clear,1156,35.44,medium
1093,990,247.5,35.5,4.0,3,1,clear,1997,55.28,high
1094,388,59.6,41.0,6.51,21,0,clear,1125,33.71,medium
1095,435,103.57,39.4,4.2,4,5,clear,1081,35.79,medium
1096,744,159.66,31.7,4.66,4,5,rain,1609,47.74,medium
1097,658,620.75,43.6,1.06,1,4,clear,2042,24.71,low
1098,249,76.15,51.5,3.27,0,2,clear,984,28.63,medium
1099,1133,280.45,23.4,4.04,10,3,rain,1400,69.15,high
1100,185,52.11,47.2,3.55,0,0,rain,943,17.9,low
1101,1246,724.42,27.4,1.72,20,1,clear,1498,82.39,severe
1102,1180,1340.91,43.2,0.88,18,0,clear,2487,49.81,medium
1103,805,342.55,47.4,2.35,9,6,clear,2798,29.24,medium
1104,280,39.6,48.3,7.07,16,2,clear,870,37.53,medium
1105,457,377.69,38.2,1.21,20,5,storm,2422,30.37,medium
1106,259,55.11,51.8,4.7,3,6,clear,1570,16.46,low
1107,286,49.65,56.6,5.76,20,6,clear,2168,9.69,low
1108,722,161.88,33.5,4.46,12,2,rain,1405,58.06,high
1109,1491,186.61,31.7,7.99,16,4,fog,2804,59.6,high
1110,428,222.92,49.3,1.92,19,1,clear,1243,33.64,medium
1111,381,97.19,55.1,3.92,15,3,clear,1615,15.77,low
1112,509,613.25,34.4,0.83,15,6,storm,2860,21.23,low
1113,877,131.09,44.9,6.69,23,3,clear,2232,32.73,medium
1114,585,88.64,48.6,6.6,3,0,clear,1657,28.25,medium
1115,213,43.03,55.2,4.95,7,5,clear,2053,6.94,low
1116,622,1110.71,48.9,0.56,14,2,clear,2089,26.94,medium
1117,20,6.43,58.1,3.11,3,6,clear,2062,10.13,low
1118,449,112.53,52.2,3.99,6,5,clear,2118,18.88,low
1119,735,144.97,50.4,5.07,13,5,clear,2925,17.51,low
1120,650,125.48,45.7,5.18,12,6,clear,2544,15.52,low
1121,2000,760.46,34.0,2.63,9,4,clear,2938,60.53,high
1122,887,118.27,39.9,7.5,1,4,clear,1881,37.12,medium
1123,297,288.35,52.6,1.03,8,5,rain,2822,8.3,low
1124,681,175.52,49.5,3.88,17,3,clear,1909,24.86,low
1125,830,122.96,25.2,6.75,9,4,rain,1113,77.27,severe
1126,260,38.12,55.1,6.82,11,1,clear,2297,12.96,low
1127,258,42.5,45.9,6.07,21,5,rain,1742,13.84,low
1128,828,226.23,43.6,3.66,5,2,clear,2353,39.01,medium
1129,698,117.31,44.9,5.95,12,1,clear,2191,31.75,medium
1130,881,252.44,37.1,3.49,20,5,clear,1418,57.59,high
1131,613,78.69,51.3,7.79,16,4,clear,2442,25.06,medium
1132,1088,420.08,33.1,2.59,5,1,rain,2100,54.23,high
1133,217,252.33,54.1,0.86,18,5,clear,2160,11.25,low
1134,1610,247.31,35.4,6.51,10,4,clear,2402,56.85,high
1135,1987,598.49,31.5,3.32,7,1,clear,2742,70.96,high
1136,1061,447.68,40.9,2.37,6,4,clear,2923,37.55,medium
1137,887,188.72,32.3,4.7,6,1,fog,2341,36.82,medium
1138,485,226.64,39.1,2.14,8,5,clear,843,46.33,medium
1139,907,222.85,39.8,4.07,20,3,clear,1894,44.38,medium
1140,420,108.25,47.6,3.88,13,3,clear,1826,26.72,medium
1141,674,233.22,45.7,2.89,16,2,clear,2220,31.0,medium
1142,817,232.76,31.1,3.51,18,3,rain,1546,53.94,high
1143,806,189.65,35.6,4.25,13,5,storm,2857,27.19,medium
1144,900,1428.57,38.9,0.63,7,1,clear,1668,46.76,medium
1145,1707,992.44,32.4,1.72,9,1,rain,2445,68.77,high
1146,1004,164.32,38.4,6.11,15,3,clear,1898,50.3,high
1147,1159,219.51,40.4,5.28,22,2,clear,2210,49.91,medium
1148,380,68.72,39.1,5.53,15,6,rain,981,32.21,medium
1149,627,570.0,40.6,1.1,11,2,clear,1257,42.21,medium
1150,889,114.27,26.5,7.78,20,0,clear,1192,66.1,high
1151,1061,265.91,11.7,3.99,20,2,rain,1126,95.41,severe
1152,1005,219.91,39.6,4.57,11,0,rain,2712,36.18,medium
1153,407,69.69,50.6,5.84,16,0,clear,2365,15.16,low
1154,367,247.97,44.2,1.48,0,5,rain,951,37.83,medium
1155,1203,179.28,41.8,6.71,3,1,clear,2327,42.39,medium
1156,918,284.21,8.5,3.23,9,4,rain,889,93.93,severe
1157,1966,434.96,16.3,4.52,18,4,rain,2265,89.56,severe
1158,942,677.7,39.3,1.39,6,3,clear,2101,43.11,medium
1159,1296,201.87,41.4,6.42,13,3,rain,2923,41.14,medium
1160,226,207.34,49.0,1.09,13,6,fog,2996,11.08,low
1161,1074,1988.89,32.1,0.54,8,5,rain,1926,45.65,medium
1162,56,22.76,58.1,2.46,18,5,clear,1505,8.56,low
1163,423,129.36,33.5,3.27,5,6,storm,1391,29.34,medium
1164,351,59.59,49.2,5.89,15,4,clear,1210,29.56,medium
1165,1807,446.17,17.2,4.05,8,4,rain,1998,86.95,severe
1166,530,301.14,46.9,1.76,2,1,fog,2195,16.73,low
1167,519,115.59,41.3,4.49,20,0,clear,1240,37.34,medium
1168,198,26.26,51.2,7.54,12,6,rain,1389,9.55,low
1169,858,191.52,43.8,4.48,17,1,clear,2233,40.56,medium
1170,2165,393.64,18.1,5.5,10,1,rain,2742,87.68,severe
1171,559,111.8,48.7,5.0,5,3,clear,2316,18.92,low
1172,434,56.51,37.7,7.68,17,2,clear,858,51.7,high
1173,770,271.13,40.6,2.84,22,2,clear,2246,36.22,medium
1174,435,395.45,48.6,1.1,13,6,clear,1485,28.02,medium
1175,428,142.67,50.9,3.0,4,4,clear,1663,17.87,low
1176,886,166.23,37.3,5.33,18,6,clear,1413,54.39,high
1177,516,224.35,42.8,2.3,10,6,clear,1367,36.89,medium
1178,714,353.47,16.7,2.02,8,4,fog,1018,73.22,high
1179,1365,289.19,39.5,4.72,18,2,clear,2547,41.83,medium
1180,657,201.53,33.2,3.26,7,2,clear,999,60.83,high
1181,947,245.34,43.2,3.86,22,4,clear,2201,44.65,medium
1182,278,57.08,47.4,4.87,16,4,clear,982,31.38,medium
1183,781,117.62,39.9,6.64,12,3,clear,1614,41.36,medium
1184,584,120.66,44.6,4.84,18,6,clear,1594,37.11,medium
1185,276,284.54,45.7,0.97,21,5,clear,1073,29.44,medium
1186,580,160.22,29.7,3.62,11,0,storm,1920,37.26,medium
1187,171,56.44,51.4,3.03,22,1,clear,1206,17.12,low
1188,281,113.77,51.7,2.47,19,6,clear,1357,15.45,low
1189,1742,309.96,34.7,5.62,7,3,clear,2688,57.16,high
1190,773,97.23,44.4,7.95,23,5,clear,2655,29.49,medium
1191,367,137.97,50.8,2.66,23,6,clear,1785,22.75,low
1192,898,129.58,30.8,6.93,19,5,fog,1943,41.19,medium
1193,504,76.6,36.6,6.58,15,2,fog,1619,38.29,medium
1194,892,252.69,40.5,3.53,21,2,clear,1875,41.45,medium
1195,1470,211.51,35.9,6.95,8,0,clear,2542,60.25,high
1196,417,175.21,41.9,2.38,5,1,rain,1163,34.0,medium
1197,277,432.81,46.4,0.64,12,1,clear,864,30.72,medium
1198,1223,222.36,16.1,5.5,10,3,rain,1396,85.19,severe
1199,1130,212.01,29.4,5.33,15,4,storm,2986,48.82,medium
1200,1337,961.87,25.3,1.39,19,6,fog,2126,63.11,high
1201,399,174.24,44.4,2.29,17,6,rain,1954,31.09,medium
1202,294,59.76,55.4,4.92,16,2,clear,1092,17.29,low
1203,369,90.66,51.3,4.07,6,3,clear,2814,9.97,low
1204,662,84.01,25.8,7.88,8,3,rain,954,65.84,high
1205,2259,403.39,14.3,5.6,10,6,clear,2348,87.48,severe
1206,822,219.79,44.8,3.74,11,5,rain,2810,26.28,medium
1207,1714,255.06,18.5,6.72,15,1,storm,2873,61.87,high
1208,757,1376.36,42.9,0.55,13,5,clear,2238,30.53,medium
1209,368,142.08,41.4,2.59,6,6,fog,1591,23.82,low
1210,693,94.8,35.3,7.31,8,1,clear,1150,48.41,medium
1211,192,80.0,52.3,2.4,0,6,clear,848,12.39,low
1212,397,339.32,50.6,1.17,17,5,clear,1452,16.59,low
1213,557,142.09,49.8,3.92,5,1,clear,2429,22.95,low
1214,558,115.29,47.7,4.84,7,5,clear,1679,26.18,medium
1215,241,259.14,34.9,0.93,3,6,fog,919,26.63,medium
1216,405,80.84,52.4,5.01,9,0,clear,1411,10.93,low
1217,510,566.67,46.8,0.9,2,2,clear,1325,30.95,medium
1218,769,319.09,36.1,2.41,1,0,fog,2345,43.3,medium
1219,657,187.71,28.5,3.5,7,3,clear,968,66.67,high
1220,695,421.21,38.4,1.65,5,3,clear,1642,36.12,medium
1221,754,283.46,40.7,2.66,14,6,rain,2016,39.39,medium
1222,363,59.61,50.1,6.09,22,6,clear,2051,19.95,low
1223,1205,1075.89,42.5,1.12,3,4,clear,2970,45.89,medium
1224,179,42.02,55.1,4.26,1,5,clear,2266,10.32,low
1225,577,115.4,41.2,5.0,1,5,rain,1969,33.0,medium
1226,943,287.5,35.5,3.28,9,1,clear,1621,54.79,high
1227,456,247.83,44.3,1.84,6,5,rain,1934,21.85,low
1228,118,20.17,48.7,5.85,14,5,rain,1309,3.1,low
1229,1518,648.72,33.1,2.34,18,0,rain,2838,53.24,high
1230,501,112.33,53.6,4.46,17,1,clear,2329,14.8,low
1231,1666,314.34,34.4,5.3,8,4,clear,2390,59.16,high
1232,858,160.37,32.8,5.35,16,6,rain,1646,53.62,high
1233,1618,1115.86,27.3,1.45,7,6,rain,2026,70.47,high
1234,449,65.07,43.0,6.9,20,5,rain,2117,28.26,medium
1235,616,113.24,44.0,5.44,11,2,clear,1570,44.92,medium
1236,1235,307.98,34.9,4.01,18,4,clear,2195,57.82,high
1237,488,856.14,50.5,0.57,0,3,clear,1971,22.1,low
1238,1551,207.91,22.7,7.46,19,0,clear,1516,86.39,severe
1239,559,77.0,51.5,7.26,20,5,clear,2555,19.5,low
1240,825,202.21,39.6,4.08,8,1,clear,1868,40.91,medium
1241,713,295.85,42.2,2.41,3,2,clear,1497,45.32,medium
1242,1436,690.38,40.4,2.08,19,3,clear,2764,45.58,medium
1243,710,98.89,41.8,7.18,13,5,rain,2236,34.11,medium
1244,1220,166.44,31.7,7.33,19,0,fog,2371,50.88,high
1245,628,92.49,58.3,6.79,19,6,clear,2608,22.46,low
1246,1090,158.89,44.5,6.86,14,4,clear,2719,39.62,medium
1247,1940,477.83,27.5,4.06,10,0,clear,2336,79.04,severe
1248,656,144.49,27.6,4.54,4,6,fog,1518,54.93,high
1249,437,428.43,54.2,1.02,8,6,clear,2071,13.95,low
1250,183,25.92,53.1,7.06,16,3,clear,891,17.01,low
1251,307,139.55,57.7,2.2,12,6,clear,2909,6.26,low
1252,912,153.02,44.8,5.96,20,4,clear,2646,32.48,medium
1253,323,269.17,55.9,1.2,6,5,clear,1744,11.74,low
1254,1453,461.27,27.7,3.15,17,1,fog,2413,57.74,high
1255,997,303.04,14.3,3.29,9,4,storm,1244,74.53,high
1256,817,160.83,43.6,5.08,8,4,clear,2230,27.68,medium
1257,919,149.67,47.1,6.14,4,4,clear,2697,27.84,medium
1258,1314,2119.35,23.4,0.62,5,3,rain,1972,72.88,high
1259,544,207.63,40.6,2.62,0,0,clear,1236,40.5,medium
1260,478,79.01,47.4,6.05,13,4,clear,1927,20.32,low
1261,1003,237.68,43.5,4.22,5,1,clear,2584,37.62,medium
1262,933,144.43,38.2,6.46,14,6,rain,2355,36.9,medium
1263,696,99.86,36.5,6.97,13,0,clear,1844,39.7,medium
1264,311,101.63,44.4,3.06,4,2,rain,1929,17.79,low
1265,476,87.66,48.2,5.43,20,5,clear,1478,20.99,low
1266,751,544.2,34.7,1.38,19,4,clear,1080,62.65,high
1267,796,103.92,25.4,7.66,7,3,rain,1106,75.38,severe
1268,741,167.27,36.6,4.43,3,0,fog,2373,28.24,medium
1269,452,129.51,51.6,3.49,13,5,clear,2221,16.56,low
1270,841,564.43,43.9,1.49,16,2,clear,1715,47.01,medium
1271,1570,1226.56,43.9,1.28,10,4,clear,2538,53.55,high
1272,246,187.79,50.2,1.31,21,1,clear,1003,22.72,low
1273,1109,138.8,35.5,7.99,15,1,clear,2031,53.79,high
1274,1380,1243.24,31.6,1.11,12,3,clear,2467,48.0,medium
1275,664,252.47,39.0,2.63,2,3,rain,1943,38.61,medium
1276,607,415.75,39.4,1.46,15,3,clear,1649,41.48,medium
1277,1057,197.2,29.2,5.36,19,3,clear,1419,66.12,high
1278,617,85.93,39.3,7.18,12,5,rain,2104,34.68,medium
1279,414,196.21,51.7,2.11,17,6,clear,1459,24.86,low
1280,773,206.13,43.6,3.75,19,6,clear,1951,31.39,medium
1281,240,32.92,53.1,7.29,2,2,clear,1218,10.59,low
1282,1847,523.23,35.4,3.53,19,3,clear,2464,65.78,high
1283,404,120.96,51.2,3.34,19,1,clear,2397,17.92,low
1284,353,46.88,56.0,7.53,16,5,clear,1561,21.02,low
1285,1164,159.45,38.6,7.3,11,4,clear,2119,44.96,medium
1286,1038,151.09,39.3,6.87,4,5,rain,2855,36.63,medium
1287,478,64.77,41.8,7.38,18,6,clear,1010,36.24,medium
1288,587,105.39,16.1,5.57,9,2,fog,861,71.72,high
1289,1518,1725.0,13.2,0.88,9,4,storm,1873,78.51,severe
1290,1093,910.83,36.4,1.2,20,1,rain,1880,52.32,high
1291,443,87.55,57.3,5.06,11,5,clear,2221,17.97,low
1292,1000,353.36,38.4,2.83,23,0,clear,1864,50.36,high
1293,714,109.51,50.9,6.52,12,4,clear,2596,24.39,low
1294,480,68.97,31.0,6.96,4,1,rain,1147,36.9,medium
1295,582,211.64,37.6,2.75,3,3,clear,1537,41.0,medium
1296,639,665.62,42.1,0.96,8,6,clear,1786,28.96,medium
1297,37,6.92,57.9,5.35,2,1,clear,822,3.11,low
1298,197,339.66,50.0,0.58,2,6,clear,807,29.15,medium
1299,943,235.75,36.2,4.0,9,1,rain,2159,44.77,medium
1300,569,127.29,44.7,4.47,11,4,rain,1624,29.02,medium
1301,605,84.38,32.7,7.17,18,4,clear,820,66.36,high
1302,552,188.4,55.3,2.93,13,5,clear,2154,22.81,low
1303,591,78.17,41.6,7.56,23,1,rain,1637,31.63,medium
1304,357,210.0,44.6,1.7,4,6,rain,1345,20.17,low
1305,494,90.31,33.8,5.47,14,4,fog,1553,38.61,medium
1306,376,126.6,46.7,2.97,14,5,rain,2025,16.18,low
1307,819,165.45,33.8,4.95,14,0,rain,2057,37.67,medium
1308,806,403.0,47.0,2.0,15,4,clear,1714,33.24,medium
1309,678,257.79,47.5,2.63,18,6,clear,2393,24.19,low
1310,963,142.46,40.5,6.76,4,0,clear,2894,39.08,medium
1311,141,37.3,41.6,3.78,21,1,fog,830,19.71,low
1312,736,931.65,47.2,0.79,15,5,clear,2611,29.01,medium
1313,738,118.27,46.1,6.24,2,0,clear,2201,33.6,medium
1314,1220,445.26,42.6,2.74,12,2,clear,2601,39.65,medium
1315,229,57.68,52.3,3.97,4,6,clear,1013,18.34,low
1316,559,194.1,39.7,2.88,18,3,clear,1052,48.91,medium
1317,1189,366.98,32.6,3.24,8,4,clear,1824,58.96,high
1318,1168,308.18,32.2,3.79,7,0,clear,1626,61.45,high
1319,528,342.86,37.2,1.54,15,3,rain,1558,31.21,medium
1320,704,134.1,41.1,5.25,14,3,rain,2117,27.38,medium
1321,1600,267.56,36.3,5.98,20,4,clear,2708,52.11,high
1322,624,200.64,44.8,3.11,16,6,rain,1888,31.78,medium
1323,508,117.59,40.5,4.32,13,4,rain,1319,36.51,medium
1324,2378,433.94,19.1,5.48,7,0,rain,2960,80.37,severe
1325,656,97.91,32.8,6.7,2,0,rain,1101,50.88,high
1326,574,144.58,41.2,3.97,3,4,clear,1489,37.69,medium
1327,1755,269.59,35.0,6.51,9,3,clear,2859,51.52,high
1328,2065,267.14,25.5,7.73,8,4,clear,2640,73.26,high
1329,241,64.78,46.7,3.72,6,6,clear,1033,20.3,low
1330,612,255.0,49.7,2.4,14,5,clear,2767,20.2,low
1331,223,31.32,51.6,7.12,11,3,clear,845,24.28,low
1332,640,1000.0,54.1,0.64,1,1,clear,2609,23.58,low
1333,136,17.15,60.1,7.93,1,2,clear,894,7.23,low
1334,275,94.18,47.8,2.92,22,6,rain,1654,16.93,low
1335,796,190.89,43.3,4.17,3,6,clear,2084,38.33,medium
1336,386,332.76,52.4,1.16,3,5,clear,1200,22.24,low
1337,383,67.08,50.9,5.71,20,1,clear,1107,35.51,medium
1338,831,279.8,48.2,2.97,3,4,clear,2651,28.27,medium
1339,715,111.89,34.9,6.39,14,6,fog,2709,32.01,medium
1340,756,219.13,50.9,3.45,2,0,clear,2658,25.18,medium
1341,436,195.52,54.2,2.23,19,5,clear,2739,9.55,low
1342,763,135.52,12.7,5.63,8,3,rain,816,93.79,severe
1343,536,150.99,38.8,3.55,8,6,clear,1171,43.4,medium
1344,283,58.59,44.2,4.83,3,3,clear,916,25.26,medium
1345,140,18.04,53.0,7.76,12,3,clear,950,15.07,low
1346,2006,574.79,6.3,3.49,8,3,storm,2130,95.0,severe
1347,140,32.79,53.2,4.27,13,5,clear,1800,2.23,low
1348,436,74.91,46.4,5.82,13,3,clear,1084,35.43,medium
1349,1064,137.65,34.0,7.73,7,2,rain,2350,49.41,medium
1350,1414,328.84,39.0,4.3,18,5,clear,2443,50.68,high
1351,518,631.71,44.6,0.82,0,3,clear,1007,45.86,medium
1352,605,136.57,38.8,4.43,8,4,clear,1366,37.1,medium
1353,598,159.89,42.8,3.74,8,2,clear,1662,33.74,medium
1354,503,84.82,46.4,5.93,20,5,clear,1510,30.51,medium
1355,658,982.09,49.1,0.67,21,5,clear,2365,31.77,medium
1356,1104,247.53,42.8,4.46,19,5,clear,2487,36.46,medium
1357,940,173.43,19.1,5.42,9,0,rain,1125,83.74,severe
1358,1139,1518.67,20.8,0.75,8,4,fog,1598,68.81,high
1359,549,214.45,48.7,2.56,17,6,clear,1984,31.46,medium
1360,740,283.52,46.3,2.61,3,3,clear,1841,37.42,medium
1361,254,42.69,48.9,5.95,0,5,clear,990,20.51,low
1362,775,324.27,38.7,2.39,3,0,clear,2202,32.75,medium
1363,694,253.28,50.1,2.74,16,1,clear,2056,30.71,medium
1364,239,41.78,47.6,5.72,12,3,clear,1362,11.03,low
1365,1369,224.06,43.4,6.11,1,1,clear,2856,39.47,medium
1366,266,89.56,47.8,2.97,5,1,rain,1192,27.59,medium
1367,1349,181.07,27.8,7.45,19,0,clear,1842,67.32,high
1368,762,100.0,49.7,7.62,22,6,clear,2732,21.45,low
1369,1440,251.75,26.2,5.72,12,0,rain,2273,56.86,high
1370,1068,136.92,42.2,7.8,2,3,clear,2609,30.99,medium
1371,1830,653.57,39.0,2.8,10,1,clear,2782,54.81,high
1372,1589,212.72,23.0,7.47,17,3,clear,1751,83.38,severe
1373,1178,241.89,41.2,4.87,11,4,clear,2784,38.03,medium
1374,609,91.99,47.1,6.62,1,0,clear,1557,41.73,medium
1375,1160,178.74,27.6,6.49,17,3,fog,2148,55.29,high
1376,1231,157.62,24.1,7.81,19,4,fog,1704,72.18,high
1377,925,135.04,48.1,6.85,15,5,clear,2700,36.19,medium
1378,852,208.82,36.5,4.08,0,3,rain,2346,35.32,medium
1379,204,42.24,38.8,4.83,22,5,storm,1059,20.93,low
1380,778,102.91,29.0,7.56,2,3,storm,2102,41.8,medium
1381,640,133.89,56.7,4.78,7,0,clear,2835,11.3,low
1382,199,134.46,49.3,1.48,15,6,clear,964,22.17,low
1383,1328,219.5,31.9,6.05,9,1,fog,2502,52.81,high
1384,1138,229.9,46.7,4.95,12,0,clear,2921,36.36,medium
1385,787,562.14,30.5,1.4,12,1,fog,2417,39.47,medium
1386,690,102.83,48.6,6.71,5,5,rain,2524,24.9,low
1387,600,114.94,35.1,5.22,23,6,rain,1716,32.92,medium
1388,1512,231.9,4.0,6.52,7,3,rain,1242,100.0,severe
1389,449,65.36,52.3,6.87,12,3,clear,1306,24.7,low
1390,461,108.73,47.7,4.24,20,6,clear,1976,19.59,low
1391,778,637.7,26.8,1.22,23,2,storm,1580,50.64,high
1392,751,1294.83,30.5,0.58,18,3,rain,1175,60.84,high
1393,702,116.42,38.5,6.03,22,4,clear,1789,36.05,medium
1394,237,38.98,51.5,6.08,14,6,clear,834,29.41,medium
1395,942,127.82,41.0,7.37,9,4,clear,2189,36.5,medium
1396,951,766.94,35.9,1.24,19,3,rain,2247,39.86,medium
1397,2613,355.51,12.7,7.35,9,3,rain,2622,96.8,severe
1398,1393,302.83,33.3,4.6,3,2,clear,2423,47.28,medium
1399,579,342.6,28.8,1.69,17,1,fog,978,56.63,high
1400,1160,2188.68,37.1,0.53,20,0,rain,2710,35.07,medium
1401,1395,1835.53,37.1,0.76,4,0,rain,2851,47.66,medium
1402,478,901.89,50.1,0.53,1,4,clear,1574,25.51,medium
1403,679,115.08,48.4,5.9,21,3,clear,1700,34.28,medium
1404,650,296.8,39.0,2.19,12,2,fog,2030,30.26,medium
1405,287,82.0,42.8,3.5,12,1,fog,1093,27.94,medium
1406,239,50.42,53.4,4.74,11,2,clear,1889,3.65,low
1407,435,161.71,47.9,2.69,0,3,clear,1231,33.9,medium
1408,887,225.13,41.1,3.94,22,1,clear,1684,44.82,medium
1409,850,137.54,41.5,6.18,7,1,clear,1501,49.07,medium
1410,404,83.99,47.2,4.81,0,3,clear,1477,24.7,low
1411,858,109.58,38.1,7.83,16,1,rain,2338,39.96,medium
1412,1128,482.05,28.2,2.34,17,4,clear,1426,68.46,high
1413,648,139.35,46.5,4.65,12,5,clear,1702,31.21,medium
1414,1489,583.92,38.2,2.55,18,0,clear,2892,42.19,medium
1415,631,201.6,30.7,3.13,10,1,fog,1022,55.22,high
1416,723,195.41,38.0,3.7,1,3,rain,1810,35.13,medium
1417,979,241.73,28.8,4.05,6,5,storm,2153,50.41,high
1418,662,151.14,39.7,4.38,21,2,clear,1655,32.69,medium
1419,423,188.84,45.7,2.24,1,5,clear,1321,31.97,medium
1420,1465,292.42,39.3,5.01,9,4,clear,2728,56.57,high
1421,483,129.84,36.6,3.72,16,0,rain,1381,36.02,medium
1422,765,173.86,49.3,4.4,6,5,clear,2542,28.76,medium
1423,903,271.17,37.0,3.33,13,3,rain,2348,37.2,medium
1424,109,57.98,52.6,1.88,6,6,clear,1273,10.62,low
1425,1242,211.95,25.3,5.86,20,5,clear,1890,65.09,high
1426,1239,437.81,38.8,2.83,6,0,clear,2412,44.55,medium
1427,1150,147.06,42.2,7.82,10,0,clear,2491,42.5,medium
1428,391,49.24,42.4,7.94,16,6,clear,1753,23.22,low
1429,535,83.72,43.0,6.39,14,0,clear,2007,26.42,medium
1430,831,162.62,31.6,5.11,16,0,fog,2376,37.5,medium
1431,969,800.83,27.2,1.21,7,3,clear,1283,69.36,high
1432,761,138.11,44.8,5.51,6,0,clear,1758,43.59,medium
1433,638,232.0,43.5,2.75,15,5,clear,2038,32.86,medium
1434,252,76.6,41.6,3.29,2,6,rain,892,24.97,low
1435,696,135.67,31.4,5.13,23,5,rain,1463,50.05,high
1436,788,292.94,44.7,2.69,2,3,clear,1787,36.65,medium
1437,461,88.82,46.5,5.19,2,0,clear,1433,30.37,medium
1438,756,151.5,36.8,4.99,23,1,rain,2042,38.01,medium
1439,586,73.99,43.7,7.92,14,6,clear,1694,25.16,medium
1440,492,87.86,49.2,5.6,4,4,clear,2613,14.39,low
1441,645,88.36,45.5,7.3,2,6,clear,1828,30.85,medium
1442,793,155.49,38.6,5.1,18,6,fog,2556,38.26,medium
1443,712,93.81,43.5,7.59,12,0,clear,2034,34.08,medium
1444,309,57.01,50.0,5.42,4,0,clear,1041,27.49,medium
1445,407,255.97,43.7,1.59,19,1,rain,1961,27.29,medium
1446,851,528.57,45.3,1.61,19,6,clear,1838,34.92,medium
1447,1078,148.48,26.9,7.26,19,2,rain,1588,75.12,severe
1448,489,788.71,45.8,0.62,5,1,clear,1360,34.02,medium
1449,1995,623.44,20.8,3.2,18,2,clear,2015,84.07,severe
1450,257,92.45,53.1,2.78,1,4,clear,1376,17.78,low
1451,858,181.01,43.5,4.74,18,2,clear,2859,22.74,low
1452,804,167.5,52.6,4.8,16,2,clear,2881,23.03,low
1453,987,211.35,47.7,4.67,23,4,clear,2500,34.01,medium
1454,615,188.65,50.3,3.26,23,6,clear,2575,19.12,low
1455,178,107.23,47.8,1.66,3,6,clear,815,11.94,low
1456,382,57.62,52.4,6.63,3,6,clear,2443,4.8,low
1457,438,55.23,48.8,7.93,2,4,clear,1946,25.29,medium
1458,480,162.71,52.1,2.95,5,1,clear,1522,23.53,low
1459,1272,362.39,33.2,3.51,17,0,rain,2467,46.77,medium
1460,432,200.93,45.2,2.15,14,1,clear,1201,30.65,medium
1461,389,132.76,58.0,2.93,2,1,clear,2020,15.1,low
1462,681,85.77,53.2,7.94,1,5,clear,2099,27.7,medium
1463,704,93.49,43.4,7.53,6,3,clear,1749,30.37,medium
1464,502,151.66,47.3,3.31,5,4,clear,2103,24.36,low
1465,665,124.07,47.8,5.36,0,5,clear,2157,26.71,medium
1466,315,164.06,47.3,1.92,22,5,clear,1341,19.4,low
1467,1354,1556.32,32.2,0.87,20,4,rain,2158,64.04,high
1468,814,161.51,48.6,5.04,5,5,clear,2092,28.47,medium
1469,1471,328.35,34.2,4.48,18,6,rain,2873,52.61,high
1470,636,87.48,42.8,7.27,1,5,clear,1632,36.36,medium
1471,562,133.49,32.5,4.21,13,5,storm,2576,29.08,medium
1472,953,781.15,23.4,1.22,10,4,clear,1074,81.2,severe
1473,575,255.56,31.1,2.25,13,2,fog,1994,33.7,medium
1474,675,166.67,32.2,4.05,17,1,clear,911,75.65,severe
1475,638,164.43,53.7,3.88,3,3,clear,2856,19.7,low
1476,410,539.47,38.7,0.76,13,5,fog,1954,22.74,low
1477,816,138.07,39.1,5.91,19,4,clear,1256,57.89,high
1478,1046,327.9,47.7,3.19,3,1,clear,2846,31.59,medium
1479,2591,1439.44,22.5,1.8,10,4,clear,2557,85.69,severe
1480,793,127.29,28.4,6.23,8,1,storm,2019,45.4,medium
1481,752,99.47,45.4,7.56,11,0,clear,1984,34.59,medium
1482,168,30.43,59.0,5.52,12,6,clear,966,14.66,low
1483,1804,1490.91,30.7,1.21,9,0,clear,2497,63.59,high
1484,863,121.21,46.6,7.12,11,2,clear,2957,26.46,medium
1485,538,78.54,55.2,6.85,14,4,clear,2403,20.67,low
1486,785,167.02,42.8,4.7,14,3,rain,2565,27.63,medium
1487,1248,203.26,44.7,6.14,7,1,clear,2922,35.12,medium
1488,2040,574.65,24.9,3.55,10,1,clear,2637,68.31,high
1489,309,42.45,46.6,7.28,11,0,clear,868,33.88,medium
1490,382,80.08,41.4,4.77,2,4,rain,1456,32.05,medium
1491,414,86.61,53.3,4.78,1,0,clear,2395,13.63,low
1492,576,488.14,51.0,1.18,0,1,clear,2173,21.89,low
1493,486,81.68,48.3,5.95,14,0,clear,1430,33.94,medium
1494,364,223.31,50.3,1.63,13,1,rain,1568,26.6,medium
1495,391,138.65,44.2,2.82,23,2,clear,928,35.9,medium
1496,45,13.55,54.9,3.32,16,2,clear,821,5.93,low
1497,960,403.36,44.5,2.38,21,6,clear,2486,36.12,medium
1498,431,86.03,37.8,5.01,1,5,storm,2452,20.33,low
1499,587,624.47,46.2,0.94,19,2,clear,1920,30.93,medium
1500,609,99.35,50.7,6.13,5,2,clear,2437,22.84,low
1501,143,71.5,63.4,2.0,2,3,clear,2896,0.0,low
1502,549,278.68,49.3,1.97,15,0,clear,2222,18.44,low
1503,811,149.63,47.8,5.42,21,4,clear,2771,29.6,medium
1504,1163,297.44,36.2,3.91,18,4,clear,2290,47.59,medium
1505,225,50.45,46.8,4.46,0,2,clear,912,21.38,low
1506,626,115.93,42.9,5.4,14,6,clear,1658,33.87,medium
1507,1793,231.65,29.6,7.74,8,0,clear,2169,73.53,high
1508,344,52.68,62.3,6.53,16,6,clear,2151,9.07,low
1509,549,152.92,36.3,3.59,1,5,rain,2281,26.82,medium
1510,1307,182.8,15.9,7.15,19,1,fog,1314,92.84,severe
1511,612,262.66,43.8,2.33,15,3,clear,1629,38.69,medium
1512,835,118.78,29.4,7.03,10,5,fog,2044,40.53,medium
1513,293,61.81,51.3,4.74,19,6,clear,1847,15.84,low
1514,518,292.66,47.8,1.77,21,2,clear,2251,18.94,low
1515,1679,349.06,31.5,4.81,8,2,clear,2459,62.39,high
1516,695,496.43,31.7,1.4,20,3,clear,1050,50.92,high
1517,1513,995.39,23.8,1.52,20,4,clear,1613,84.01,severe
1518,609,208.56,37.2,2.92,6,6,fog,2319,26.15,medium
1519,1054,332.49,47.8,3.17,7,5,clear,2757,30.03,medium
1520,889,668.42,34.2,1.33,13,2,rain,1837,49.83,medium
1521,460,89.84,45.9,5.12,12,1,clear,1158,37.04,medium
1522,411,52.36,40.9,7.85,23,1,clear,1077,41.61,medium
1523,1563,228.18,15.9,6.85,12,3,storm,2829,65.09,high
1524,443,94.26,50.0,4.7,4,5,rain,2954,17.55,low
1525,331,81.33,36.6,4.07,22,0,rain,928,31.92,medium
1526,1092,207.6,43.1,5.26,6,0,rain,2993,35.72,medium
1527,1260,688.52,24.2,1.83,7,4,fog,1952,64.63,high
1528,271,330.49,52.8,0.82,7,2,clear,1205,17.08,low
1529,1216,155.7,44.3,7.81,15,1,clear,2719,36.25,medium
1530,443,79.68,40.2,5.56,5,2,clear,935,43.79,medium
1531,554,218.97,49.1,2.53,3,4,clear,2881,22.28,low
1532,522,73.31,40.1,7.12,6,3,clear,1147,38.77,medium
1533,509,160.57,51.9,3.17,21,5,clear,2669,15.77,low
1534,1061,527.86,45.3,2.01,2,4,clear,2419,32.81,medium
1535,589,795.95,17.7,0.74,2,2,storm,876,66.7,high
1536,1042,135.5,39.8,7.69,13,0,clear,2473,35.82,medium
1537,718,207.51,48.9,3.46,6,3,clear,1969,23.42,low
1538,263,33.04,49.1,7.96,1,1,clear,1024,24.75,low
1539,848,270.93,37.6,3.13,22,0,fog,2864,31.34,medium
1540,667,243.43,48.2,2.74,19,6,clear,1935,33.59,medium
1541,708,157.68,39.6,4.49,1,3,clear,1969,30.7,medium
1542,388,62.78,52.1,6.18,23,0,clear,2645,10.62,low
1543,699,699.0,40.8,1.0,21,0,clear,2044,28.03,medium
1544,464,143.21,47.5,3.24,13,6,clear,1640,27.93,medium
1545,392,175.0,54.2,2.24,16,6,clear,2041,11.6,low
1546,815,457.87,44.7,1.78,13,4,clear,2362,36.23,medium
1547,231,100.87,50.9,2.29,1,6,clear,1979,9.72,low
1548,929,367.19,44.7,2.53,23,2,clear,2737,33.36,medium
1549,1134,188.69,37.0,6.01,16,0,rain,2641,44.44,medium
1550,301,50.67,58.7,5.94,13,5,clear,2401,7.3,low
1551,1729,827.27,35.5,2.09,19,6,clear,2929,53.18,high
1552,937,498.4,33.0,1.88,19,0,rain,2023,46.66,medium
1553,446,122.53,54.4,3.64,13,5,clear,2935,16.12,low
1554,258,263.27,46.1,0.98,12,5,fog,1812,10.5,low
1555,403,60.33,47.9,6.68,21,1,clear,1543,25.04,medium
1556,985,165.55,30.8,5.95,8,4,fog,2134,47.66,medium
1557,400,87.72,54.3,4.56,15,6,clear,2787,15.95,low
1558,1426,380.27,33.7,3.75,20,4,clear,2455,49.22,medium
1559,2116,2404.55,14.8,0.88,10,0,fog,2633,74.05,high
1560,708,163.89,45.8,4.32,21,6,rain,2482,25.33,medium
1561,703,764.13,33.3,0.92,9,5,clear,1029,66.28,high
1562,749,103.17,41.9,7.26,1,0,clear,1773,34.46,medium
1563,700,945.95,51.0,0.74,4,4,clear,2849,24.73,low
1564,500,72.46,59.3,6.9,15,5,clear,2710,18.42,low
1565,556,148.66,28.8,3.74,1,1,rain,1129,47.99,medium
1566,942,173.8,47.7,5.42,19,3,clear,2298,37.65,medium
1567,1043,317.99,43.8,3.28,11,2,clear,2897,39.56,medium
1568,820,328.0,35.9,2.5,14,3,clear,1632,46.78,medium
1569,727,932.05,42.9,0.78,0,3,clear,1987,33.85,medium
1570,354,134.09,53.3,2.64,4,1,clear,1486,16.8,low
1571,841,340.49,27.5,2.47,9,4,clear,1017,66.72,high
1572,1151,274.7,27.1,4.19,21,5,storm,2938,40.45,medium
1573,533,102.7,50.5,5.19,5,5,clear,1559,27.85,medium
1574,253,49.22,48.4,5.14,11,6,clear,959,16.86,low
1575,1135,353.58,36.0,3.21,7,2,clear,1693,66.17,high
1576,164,59.64,57.2,2.75,1,3,rain,2552,6.21,low
1577,210,56.45,43.2,3.72,20,0,fog,1905,17.02,low
1578,904,347.69,22.7,2.6,15,0,storm,2078,48.77,medium
1579,739,985.33,26.1,0.75,17,6,rain,1192,63.61,high
1580,1084,232.62,31.8,4.66,8,2,clear,1505,60.43,high
1581,758,369.76,45.7,2.05,3,2,clear,2740,26.62,medium
1582,585,232.14,30.8,2.52,7,2,storm,1851,37.45,medium
1583,1227,426.04,31.7,2.88,3,2,rain,2203,53.72,high
1584,1856,560.73,36.0,3.31,9,4,clear,2928,60.65,high
1585,933,130.49,33.7,7.15,1,2,fog,2621,39.67,medium
1586,913,294.52,29.0,3.1,0,2,fog,1697,55.68,high
1587,782,662.71,46.6,1.18,22,4,clear,2802,26.34,medium
1588,807,195.4,44.6,4.13,20,5,clear,2489,33.48,medium
1589,1267,256.48,21.2,4.94,18,2,rain,1434,82.45,severe
1590,919,288.09,32.7,3.19,13,1,rain,1777,53.56,high
1591,1810,1340.74,21.7,1.35,9,2,clear,1799,86.43,severe
1592,298,105.67,52.4,2.82,12,6,clear,1249,25.66,medium
1593,1216,894.12,39.3,1.36,7,0,clear,2261,52.36,high
1594,275,343.75,51.8,0.8,6,6,clear,1399,22.88,low
1595,2550,1180.56,13.7,2.16,19,4,rain,2553,89.28,severe
1596,481,81.66,51.2,5.89,14,2,clear,1245,29.33,medium
1597,1155,234.28,36.7,4.93,4,1,clear,1999,53.07,high
1598,463,215.35,45.3,2.15,15,6,clear,1802,24.52,low
1599,399,55.03,43.7,7.25,4,4,clear,1190,32.81,medium
1600,513,67.86,50.1,7.56,12,5,clear,1953,21.07,low
1601,569,88.08,41.8,6.46,23,4,clear,1383,37.85,medium
1602,477,113.03,55.6,4.22,14,5,clear,2522,14.98,low
1603,523,84.63,47.3,6.18,0,2,clear,1462,30.13,medium
1604,381,105.83,42.6,3.6,21,0,clear,957,35.82,medium
1605,350,48.34,38.3,7.24,5,2,rain,945,40.89,medium
1606,368,46.41,50.0,7.93,3,3,clear,1279,22.63,low
1607,386,253.95,48.3,1.52,13,2,clear,1805,19.94,low
1608,833,130.36,42.3,6.39,14,5,clear,1729,37.12,medium
1609,538,493.58,27.4,1.09,11,4,rain,906,54.52,high
1610,456,59.53,39.5,7.66,0,2,clear,894,44.58,medium
1611,310,442.86,41.6,0.7,9,5,fog,1095,29.32,medium
1612,1137,151.0,33.3,7.53,2,3,clear,2186,52.43,high
1613,545,199.63,49.2,2.73,2,5,clear,1493,29.8,medium
1614,697,102.8,33.5,6.78,4,2,rain,1577,41.63,medium
1615,280,38.83,37.9,7.21,21,5,storm,1601,25.39,medium
1616,369,98.66,39.8,3.74,8,1,fog,1364,19.35,low
1617,506,121.63,49.7,4.16,8,6,clear,2339,17.51,low
1618,80,19.14,55.2,4.18,15,3,clear,1249,8.53,low
1619,237,172.99,51.8,1.37,16,5,clear,1609,17.27,low
1620,350,135.14,25.5,2.59,2,3,storm,878,46.75,medium
1621,642,99.84,49.5,6.43,20,2,clear,1638,26.63,medium
1622,547,123.48,48.3,4.43,8,0,clear,2369,24.76,low
1623,718,295.47,45.4,2.43,22,4,clear,2329,37.81,medium
1624,356,160.36,50.6,2.22,21,6,clear,2186,16.19,low
1625,724,131.16,47.5,5.52,22,4,rain,2959,26.4,medium
1626,214,29.64,52.8,7.22,16,5,clear,1775,19.23,low
1627,1151,202.28,29.8,5.69,7,2,fog,2079,60.5,high
1628,353,79.5,56.6,4.44,12,6,clear,2050,12.58,low
1629,335,177.25,50.5,1.89,14,1,clear,1285,27.72,medium
1630,491,174.11,50.3,2.82,22,0,clear,1605,20.37,low
1631,1718,225.46,35.5,7.62,17,4,clear,2426,64.99,high
1632,651,339.06,53.0,1.92,12,6,clear,2790,21.24,low
1633,788,224.5,26.2,3.51,7,0,fog,1586,48.24,medium
1634,255,52.25,41.9,4.88,0,3,fog,1415,26.94,medium
1635,566,186.18,43.3,3.04,4,4,clear,1178,45.17,medium
1636,536,179.26,38.7,2.99,18,1,clear,1166,40.29,medium
1637,531,276.56,50.6,1.92,12,2,clear,1733,24.7,low
1638,1002,378.11,48.6,2.65,3,4,clear,2857,32.85,medium
1639,457,59.82,48.6,7.64,7,1,clear,1557,27.12,medium
1640,1037,216.04,43.5,4.8,5,0,clear,2472,44.96,medium
1641,722,338.97,43.3,2.13,5,4,clear,2546,32.23,medium
1642,1153,922.4,42.6,1.25,22,5,clear,2811,39.19,medium
1643,354,79.91,54.5,4.43,5,0,clear,2125,10.28,low
1644,738,683.33,34.4,1.08,8,5,clear,1315,51.97,high
1645,1252,161.76,22.4,7.74,16,1,rain,2201,65.04,high
1646,393,211.29,37.8,1.86,7,4,fog,1399,33.44,medium
1647,764,145.8,45.1,5.24,14,4,clear,2544,29.42,medium
1648,797,122.62,32.8,6.5,18,1,clear,1376,56.49,high
1649,415,286.21,54.3,1.45,23,0,clear,1167,20.57,low
1650,743,267.27,52.3,2.78,12,0,clear,2795,16.15,low
1651,955,190.24,31.0,5.02,10,2,clear,1610,57.39,high
1652,459,114.75,40.7,4.0,18,4,clear,988,45.96,medium
1653,20,3.52,40.5,5.68,3,6,storm,1286,14.48,low
1654,300,51.81,51.6,5.79,16,5,clear,2433,15.45,low
1655,1705,782.11,37.4,2.18,5,3,rain,2617,63.08,high
1656,381,95.49,47.2,3.99,15,2,clear,1273,24.43,low
1657,1993,363.02,12.2,5.49,8,2,rain,2057,98.01,severe
1658,632,83.27,28.4,7.59,18,0,fog,1234,51.5,high
1659,594,218.38,34.5,2.72,9,5,rain,1219,43.97,medium
1660,422,79.03,54.0,5.34,10,5,clear,2178,17.49,low
1661,516,130.96,55.0,3.94,21,6,clear,2961,13.17,low
1662,738,441.92,44.7,1.67,13,6,clear,2850,25.64,medium
1663,404,92.24,52.4,4.38,2,5,clear,1906,16.28,low
1664,815,167.35,44.2,4.87,4,1,clear,2162,33.93,medium
1665,448,192.27,44.2,2.33,3,6,fog,1563,25.43,medium
1666,1587,221.03,13.1,7.18,6,1,storm,2585,66.19,high
1667,902,133.83,37.5,6.74,11,3,rain,2145,44.37,medium
1668,762,112.72,42.9,6.76,16,2,clear,2826,27.1,medium
1669,1015,520.51,38.1,1.95,12,4,rain,2848,33.78,medium
1670,1816,344.59,32.4,5.27,10,1,clear,2323,66.7,high
1671,775,114.99,33.4,6.74,16,4,rain,1803,41.57,medium
1672,791,964.63,44.6,0.82,18,1,clear,2137,33.3,medium
1673,20,3.7,64.1,5.4,15,2,clear,2408,0.0,low
1674,719,122.91,38.4,5.85,10,5,clear,1411,50.66,high
1675,540,118.94,51.6,4.54,16,4,clear,1790,28.63,medium
1676,491,124.62,39.2,3.94,0,6,rain,1494,35.85,medium
1677,732,200.0,43.1,3.66,3,1,clear,1601,43.79,medium
1678,1227,390.76,32.7,3.14,17,6,rain,2623,50.02,high
1679,698,112.94,49.2,6.18,21,6,clear,2239,26.75,medium
1680,1124,151.28,37.0,7.43,4,2,rain,2501,38.13,medium
1681,1480,540.15,27.5,2.74,8,5,fog,2503,59.31,high
1682,539,82.04,50.0,6.57,16,5,clear,2130,23.5,low
1683,1034,142.82,41.8,7.24,6,3,clear,2912,35.66,medium
1684,1270,1165.14,47.8,1.09,10,4,clear,2936,37.37,medium
1685,375,48.26,45.6,7.77,20,4,clear,1028,35.25,medium
1686,534,85.17,50.4,6.27,12,1,clear,2166,21.15,low
1687,445,129.36,43.5,3.44,15,2,clear,1041,38.82,medium
1688,355,113.78,38.7,3.12,3,6,rain,969,38.63,medium
1689,1025,131.75,41.4,7.78,16,4,clear,2874,28.58,medium
1690,1237,196.97,42.3,6.28,1,4,clear,2929,32.89,medium
1691,1587,363.99,31.4,4.36,18,2,clear,2277,58.8,high
1692,998,1160.47,39.3,0.86,20,0,clear,1809,46.18,medium
1693,148,28.85,53.8,5.13,15,5,clear,818,16.33,low
1694,724,127.69,47.5,5.67,3,6,clear,2616,24.95,low
1695,596,81.42,46.1,7.32,3,1,clear,2146,30.82,medium
1696,468,133.71,45.5,3.5,11,5,clear,1427,31.69,medium
1697,753,142.34,51.7,5.29,15,5,clear,2944,17.13,low
1698,1287,684.57,37.8,1.88,8,4,clear,2982,51.08,high
1699,1205,155.28,38.1,7.76,5,2,clear,2848,48.67,medium
1700,485,123.1,42.3,3.94,15,6,rain,1432,28.23,medium
1701,681,108.44,36.4,6.28,17,3,rain,1288,49.24,medium
1702,426,273.08,30.9,1.56,21,6,storm,1792,21.66,low
1703,222,60.49,52.2,3.67,21,3,clear,1023,23.52,low
1704,737,135.73,28.3,5.43,7,1,fog,1410,55.54,high
1705,322,74.36,47.3,4.33,8,6,clear,863,42.83,medium
1706,998,174.17,41.2,5.73,9,5,clear,2091,42.65,medium
1707,695,96.93,33.4,7.17,2,3,rain,1132,44.64,medium
1708,688,240.56,28.7,2.86,8,0,clear,976,65.55,high
1709,128,54.7,49.1,2.34,12,6,fog,1418,10.61,low
1710,425,63.72,43.5,6.67,21,4,fog,2348,12.24,low
1711,493,88.19,39.4,5.59,22,3,clear,1133,43.5,medium
1712,986,218.14,33.9,4.52,23,3,rain,2355,43.04,medium
1713,337,47.67,53.1,7.07,5,2,clear,1585,13.38,low
1714,357,76.61,38.0,4.66,14,1,fog,1113,31.44,medium
1715,1270,197.82,43.6,6.42,9,0,clear,2537,40.36,medium
1716,873,452.33,27.4,1.93,23,1,storm,1677,50.32,high
1717,268,55.83,48.8,4.8,3,6,clear,1561,12.5,low
1718,306,332.61,48.5,0.92,0,0,clear,1099,17.82,low
1719,281,38.97,53.5,7.21,1,5,clear,1136,14.25,low
1720,484,70.25,50.6,6.89,15,1,clear,1127,36.67,medium
1721,434,98.19,53.7,4.42,6,6,clear,2983,9.68,low
1722,310,229.63,33.8,1.35,8,4,rain,931,33.45,medium
1723,676,100.9,49.0,6.7,16,3,clear,2461,31.17,medium
1724,304,482.54,40.4,0.63,12,6,rain,925,34.27,medium
1725,967,270.87,47.6,3.57,12,1,clear,2793,34.46,medium
1726,161,22.3,49.0,7.22,16,2,fog,876,21.32,low
1727,1936,493.88,35.8,3.92,9,0,clear,2712,66.44,high
1728,514,65.81,34.6,7.81,10,6,rain,1098,50.69,high
1729,2205,398.01,28.4,5.54,17,4,clear,2815,63.9,high
1730,252,65.97,53.5,3.82,18,6,clear,2476,5.96,low
1731,213,51.45,53.5,4.14,3,5,clear,1111,15.93,low
1732,757,204.04,46.4,3.71,1,1,rain,2342,35.36,medium
1733,314,58.69,46.5,5.35,1,2,clear,1072,21.53,low
1734,362,45.71,49.6,7.92,0,5,fog,2863,17.72,low
1735,855,413.04,35.0,2.07,8,5,clear,1456,48.39,medium
1736,731,891.46,47.8,0.82,12,4,rain,2562,25.22,medium
1737,969,160.43,42.7,6.04,7,0,clear,2363,37.61,medium
1738,1466,220.78,30.1,6.64,9,5,rain,2944,49.19,medium
1739,862,153.11,38.7,5.63,11,2,clear,1855,42.9,medium
1740,952,622.22,40.1,1.53,0,2,clear,2219,39.15,medium
1741,991,728.68,44.2,1.36,3,5,clear,2323,36.91,medium
1742,828,130.19,28.1,6.36,22,1,rain,1408,63.98,high
1743,871,181.84,43.3,4.79,14,4,clear,2413,30.37,medium
1744,1152,244.59,42.8,4.71,10,5,clear,2777,35.99,medium
1745,1081,140.57,42.7,7.69,3,2,clear,2272,43.34,medium
1746,730,200.55,48.2,3.64,0,0,clear,2521,33.61,medium
1747,723,482.0,38.1,1.5,20,5,rain,1748,33.51,medium
1748,371,219.53,34.7,1.69,23,6,fog,968,37.56,medium
1749,756,439.53,47.9,1.72,6,6,rain,2727,34.28,medium
1750,671,224.41,21.0,2.99,4,4,rain,1038,76.71,severe
1751,890,124.3,48.8,7.16,14,3,clear,2052,41.86,medium
1752,635,102.58,52.6,6.19,2,3,clear,2848,19.84,low
1753,145,30.72,51.2,4.72,23,6,clear,815,14.39,low
1754,1043,135.81,47.6,7.68,2,2,clear,2520,38.5,medium
1755,341,50.59,39.1,6.74,16,6,fog,1367,28.71,medium
1756,906,169.66,36.1,5.34,7,0,clear,1533,58.0,high
1757,1231,364.2,27.4,3.38,9,6,fog,1925,51.42,high
1758,544,284.82,41.1,1.91,10,2,clear,1116,48.26,medium
1759,374,330.97,50.8,1.13,5,6,clear,1051,28.73,medium
1760,652,172.03,29.2,3.79,10,2,fog,1313,46.14,medium
1761,431,399.07,34.1,1.08,0,6,fog,1398,31.93,medium
1762,1065,601.69,48.1,1.77,6,3,clear,2863,31.68,medium
1763,1370,907.28,40.5,1.51,19,5,clear,2563,42.2,medium
1764,877,573.2,45.8,1.53,21,1,clear,2396,28.16,medium
1765,393,80.7,48.9,4.87,22,4,clear,1270,24.96,low
1766,607,246.75,38.3,2.46,1,0,fog,1741,31.44,medium
1767,785,154.83,47.7,5.07,9,5,clear,2905,33.77,medium
1768,507,64.26,48.6,7.89,6,0,clear,1664,30.2,medium
1769,782,105.39,31.7,7.42,1,4,storm,2224,36.63,medium
1770,1113,147.61,42.4,7.54,16,4,clear,2846,36.26,medium
1771,370,99.2,50.7,3.73,14,5,clear,2560,19.31,low
1772,1388,821.3,40.6,1.69,12,1,clear,2690,42.49,medium
1773,612,229.21,29.5,2.67,6,1,rain,1114,53.89,high
1774,978,224.83,36.0,4.35,23,0,clear,2470,40.77,medium
1775,673,100.9,43.8,6.67,20,5,clear,2613,29.47,medium
1776,239,67.13,50.4,3.56,22,5,clear,1158,15.15,low
1777,937,210.56,22.8,4.45,10,3,fog,1465,57.57,high
1778,105,26.32,61.8,3.99,11,5,clear,1894,0.0,low
1779,1280,385.54,4.1,3.32,7,3,storm,1282,97.67,severe
1780,802,104.7,46.6,7.66,12,2,clear,2624,25.65,medium
1781,512,116.89,44.1,4.38,16,2,clear,1154,36.1,medium
1782,620,82.45,39.0,7.52,20,5,fog,2138,27.27,medium
1783,242,67.79,47.2,3.57,13,5,rain,1074,19.39,low
1784,1652,219.68,30.9,7.52,16,3,clear,2996,56.61,high
1785,1562,454.07,23.5,3.44,22,0,storm,2613,55.83,high
1786,1361,201.93,4.0,6.74,19,5,storm,1486,92.79,severe
1787,417,72.65,52.9,5.74,15,1,clear,2048,16.45,low
1788,2601,730.62,21.5,3.56,18,0,clear,2743,86.92,severe
1789,243,138.07,47.1,1.76,16,5,clear,901,25.25,medium
1790,795,198.75,38.4,4.0,16,4,clear,1640,44.56,medium
1791,179,245.21,45.7,0.73,11,6,rain,837,23.15,low
1792,427,279.08,53.6,1.53,14,0,clear,2476,16.24,low
1793,1010,664.47,34.5,1.52,14,3,clear,1603,56.81,high
1794,1368,526.15,37.3,2.6,8,4,clear,2127,59.36,high
1795,808,108.89,40.6,7.42,3,3,rain,2107,43.11,medium
1796,989,1336.49,25.8,0.74,5,2,rain,1643,51.26,high
1797,1241,334.5,36.4,3.71,7,1,clear,2067,59.45,high
1798,476,69.59,39.3,6.84,21,2,clear,1057,37.96,medium
1799,135,18.96,57.8,7.12,21,6,clear,1001,13.8,low
1800,530,169.87,52.4,3.12,22,6,clear,1873,24.51,low
1801,333,126.14,50.4,2.64,11,3,clear,1297,23.0,low
1802,1338,388.95,27.7,3.44,22,4,rain,2696,58.5,high
1803,492,647.37,40.3,0.76,13,3,rain,1359,34.82,medium
1804,359,75.58,52.8,4.75,2,1,clear,1978,20.74,low
1805,1421,227.0,42.2,6.26,9,4,clear,2619,40.55,medium
1806,573,535.51,49.4,1.07,15,6,rain,2089,23.17,low
1807,611,316.58,43.5,1.93,12,0,clear,1368,31.49,medium
1808,1191,374.53,36.2,3.18,7,2,clear,1704,58.39,high
1809,573,74.42,47.5,7.7,12,4,clear,2430,28.44,medium
1810,1082,483.04,35.4,2.24,13,5,rain,2225,45.2,medium
1811,757,658.26,49.3,1.15,14,0,clear,2960,21.05,low
1812,726,91.67,40.0,7.92,3,4,clear,1544,38.57,medium
1813,360,82.57,45.8,4.36,17,6,clear,923,33.34,medium
1814,1508,189.92,29.1,7.94,3,4,rain,2789,52.14,high
1815,696,130.58,33.7,5.33,22,2,clear,1064,64.49,high
1816,739,199.73,51.4,3.7,12,0,clear,2240,31.53,medium
1817,615,286.05,48.4,2.15,6,3,clear,2523,25.38,medium
1818,497,264.36,47.8,1.88,21,3,clear,1571,27.71,medium
1819,1694,310.83,23.8,5.45,12,1,storm,2930,61.65,high
1820,20,3.81,60.3,5.25,9,0,clear,1540,0.83,low
1821,789,154.4,43.3,5.11,1,2,clear,2316,31.38,medium
1822,878,221.16,39.4,3.97,0,1,rain,2337,43.95,medium
1823,1146,144.88,39.7,7.91,17,6,clear,2246,47.4,medium
1824,331,73.72,30.9,4.49,4,6,storm,978,37.89,medium
1825,1360,190.74,39.6,7.13,12,2,clear,2738,41.21,medium
1826,636,121.14,44.1,5.25,21,4,clear,2051,25.27,medium
1827,542,102.26,48.0,5.3,16,6,clear,2033,24.27,low
1828,329,163.68,55.4,2.01,0,6,clear,1649,19.25,low
1829,139,31.74,54.7,4.38,23,1,clear,883,9.63,low
1830,651,328.79,41.1,1.98,6,2,fog,2216,33.2,medium
1831,1490,188.85,32.5,7.89,20,2,clear,2469,57.29,high
1832,1073,586.34,50.3,1.83,23,0,clear,2757,31.16,medium
1833,574,136.02,38.3,4.22,15,1,rain,1687,33.22,medium
1834,461,61.14,43.6,7.54,0,1,clear,1365,33.31,medium
1835,1771,551.71,4.0,3.21,19,4,rain,1331,100.0,severe
1836,147,35.94,47.8,4.09,13,6,fog,870,20.96,low
1837,1032,206.4,40.4,5.0,7,6,clear,2520,36.46,medium
1838,462,90.77,41.6,5.09,3,6,rain,1581,29.32,medium
1839,408,120.71,42.6,3.38,15,3,clear,1191,36.14,medium
1840,671,249.44,50.9,2.69,18,5,clear,2864,26.35,medium
1841,937,761.79,39.5,1.23,4,3,clear,1753,46.81,medium
1842,160,21.14,53.4,7.57,23,6,clear,949,12.38,low
1843,1023,334.31,13.7,3.06,8,6,rain,1135,85.47,severe
1844,1016,681.88,32.2,1.49,2,2,fog,2781,41.52,medium
1845,466,60.52,53.4,7.7,10,1,clear,2091,12.0,low
1846,814,138.67,19.8,5.87,20,1,clear,879,86.16,severe
1847,347,127.11,47.9,2.73,21,6,clear,1219,25.44,medium
1848,567,100.0,47.1,5.67,12,3,clear,1479,32.34,medium
1849,256,34.13,53.1,7.5,14,2,clear,2829,4.05,low
1850,545,736.49,39.5,0.74,22,0,clear,1437,35.55,medium
1851,1303,484.39,36.1,2.69,1,6,clear,2305,51.37,high
1852,1259,256.42,32.2,4.91,18,0,clear,2187,52.78,high
1853,614,91.23,53.6,6.73,13,5,clear,2106,20.5,low
1854,273,364.0,53.5,0.75,7,0,clear,1651,11.74,low
1855,386,81.78,41.7,4.72,1,2,clear,902,49.35,medium
1856,143,100.0,52.4,1.43,4,4,rain,1681,15.36,low
1857,439,216.26,48.6,2.03,19,1,clear,1638,25.13,medium
1858,550,114.11,45.3,4.82,5,3,clear,1334,34.47,medium
1859,360,121.21,52.0,2.97,4,4,clear,2114,15.47,low
1860,1215,804.64,23.8,1.51,11,3,fog,2402,57.64,high
1861,620,253.06,37.1,2.45,2,4,clear,1365,44.35,medium
1862,341,387.5,51.2,0.88,5,5,clear,1677,19.53,low
1863,483,126.44,41.7,3.82,1,1,clear,1204,40.73,medium
1864,1178,165.22,37.2,7.13,1,2,clear,2037,51.45,high
1865,888,129.26,35.5,6.87,19,5,clear,1855,48.22,medium
1866,282,62.81,52.2,4.49,6,5,rain,1756,17.87,low
1867,752,123.48,45.0,6.09,22,2,clear,2072,26.83,medium
1868,526,103.95,54.8,5.06,14,2,clear,2560,7.79,low
1869,673,86.73,43.9,7.76,8,0,clear,1900,34.17,medium
1870,463,84.95,48.8,5.45,23,5,rain,2801,16.7,low
1871,330,98.21,42.9,3.36,3,3,rain,1089,34.9,medium
1872,352,457.14,50.5,0.77,6,1,clear,1148,28.82,medium
1873,1160,179.01,30.1,6.48,10,3,rain,1709,60.56,high
1874,993,211.28,24.4,4.7,0,1,storm,1884,57.33,high
1875,827,106.85,46.6,7.74,18,3,clear,2539,30.03,medium
1876,478,102.14,49.1,4.68,23,5,clear,2243,22.96,low
1877,816,106.95,20.3,7.63,17,4,rain,959,83.75,severe
1878,2733,1666.46,18.8,1.64,18,0,clear,2522,97.17,severe
1879,584,89.98,39.2,6.49,0,4,rain,2189,26.98,medium
1880,687,205.69,38.8,3.34,3,3,rain,1756,38.45,medium
1881,353,49.23,50.5,7.17,16,6,clear,1543,24.23,low
1882,329,42.18,38.7,7.8,9,6,fog,1207,28.75,medium
1883,545,70.5,48.5,7.73,2,4,clear,2530,20.62,low
1884,870,112.26,36.0,7.75,8,0,clear,1525,48.76,medium
1885,1650,260.66,28.7,6.33,18,4,clear,2422,67.94,high
1886,652,96.45,49.4,6.76,11,6,clear,2474,21.99,low
1887,1329,166.54,33.1,7.98,20,0,clear,2348,61.84,high
1888,327,44.67,53.2,7.32,16,0,clear,2322,14.95,low
1889,362,116.4,40.0,3.11,2,1,fog,1375,29.54,medium
1890,755,121.19,44.8,6.23,0,3,clear,1741,37.34,medium
1891,400,317.46,46.1,1.26,19,5,clear,923,31.83,medium
1892,520,74.82,49.3,6.95,3,3,clear,2852,15.65,low
1893,575,76.26,49.2,7.54,16,5,clear,2075,26.49,medium
1894,444,95.28,35.2,4.66,5,6,rain,1000,37.13,medium
1895,456,137.76,42.8,3.31,4,4,clear,1013,39.1,medium
1896,369,102.79,51.7,3.59,12,6,clear,2010,15.1,low
1897,1544,428.89,33.2,3.6,19,6,clear,2438,61.88,high
1898,1800,1607.14,28.5,1.12,18,4,clear,2273,74.31,high
1899,723,388.71,35.5,1.86,2,4,rain,1669,42.98,medium
1900,456,75.75,51.0,6.02,8,5,clear,1625,27.35,medium
1901,628,184.16,47.5,3.41,8,1,clear,2193,25.27,medium
1902,251,48.08,50.8,5.22,6,6,clear,1368,24.0,low
1903,794,122.53,48.9,6.48,17,6,clear,2883,25.15,medium
1904,767,132.24,45.4,5.8,5,6,clear,1821,37.71,medium
1905,883,261.24,48.1,3.38,15,1,clear,2463,34.42,medium
1906,902,1454.84,47.5,0.62,17,0,clear,2764,29.17,medium
1907,273,108.33,51.9,2.52,11,5,clear,1126,22.97,low
1908,390,51.32,40.6,7.6,11,0,clear,845,37.25,medium
1909,647,557.76,46.5,1.16,0,4,clear,2140,26.33,medium
1910,2358,471.6,27.5,5.0,20,0,clear,2297,83.42,severe
1911,627,364.53,47.6,1.72,5,6,clear,2112,30.28,medium
1912,835,274.67,38.5,3.04,21,5,rain,2332,30.38,medium
1913,483,89.61,53.2,5.39,16,5,clear,2478,22.87,low
1914,534,89.6,25.6,5.96,4,5,storm,1347,48.23,medium
1915,345,50.44,54.8,6.84,3,0,clear,1482,17.09,low
1916,1786,649.45,27.9,2.75,17,0,clear,2028,73.95,high
1917,499,70.78,39.8,7.05,19,6,clear,1001,42.03,medium
1918,607,88.61,44.9,6.85,19,3,clear,1386,40.31,medium
1919,476,268.93,50.3,1.77,13,6,clear,2535,13.19,low
1920,1199,677.4,35.5,1.77,7,6,clear,1911,61.47,high
1921,383,71.46,42.4,5.36,19,4,clear,825,41.32,medium
1922,672,194.22,48.2,3.46,22,4,clear,2457,17.48,low
1923,479,172.92,42.3,2.77,7,5,clear,1455,30.21,medium
1924,916,191.23,42.8,4.79,19,6,clear,2449,24.9,low
1925,268,36.07,57.4,7.43,6,5,clear,2533,10.53,low
1926,329,86.81,50.3,3.79,6,3,clear,1237,17.66,low
1927,1340,2126.98,40.9,0.63,21,1,clear,2825,44.58,medium
1928,740,190.72,53.3,3.88,14,6,clear,2588,24.37,low
1929,724,532.35,47.1,1.36,22,4,clear,2063,28.01,medium
1930,479,136.08,37.5,3.52,6,4,rain,1191,40.67,medium
1931,748,101.08,40.5,7.4,9,2,clear,1655,39.12,medium
1932,177,101.72,48.1,1.74,1,2,rain,1096,19.31,low
1933,539,213.04,52.1,2.53,1,2,clear,2874,15.39,low
1934,1632,302.22,8.7,5.4,10,3,rain,1396,100.0,severe
1935,195,25.23,58.3,7.73,22,6,clear,949,19.64,low
1936,712,147.11,45.9,4.84,12,3,clear,2776,26.42,medium
1937,705,106.66,48.2,6.61,10,3,clear,2420,29.99,medium
1938,262,37.59,42.7,6.97,21,0,clear,880,26.93,medium
1939,1283,294.27,26.2,4.36,9,2,storm,2835,46.14,medium
1940,1383,790.29,33.5,1.75,14,2,clear,2198,61.47,high
1941,1502,208.9,31.5,7.19,19,3,clear,2095,75.67,severe
1942,755,159.28,50.0,4.74,20,1,clear,2534,29.02,medium
1943,638,123.64,48.6,5.16,22,6,clear,2207,31.92,medium
1944,688,111.87,47.6,6.15,15,6,clear,2433,25.23,medium
1945,559,133.41,45.0,4.19,10,2,clear,1229,36.59,medium
1946,584,358.28,40.5,1.63,15,2,rain,2229,27.6,medium
1947,324,302.8,51.7,1.07,2,4,clear,1842,26.23,medium
1948,320,42.95,53.2,7.45,14,2,clear,2178,20.36,low
1949,868,168.54,53.4,5.15,10,5,clear,2486,31.89,medium
1950,903,130.12,48.6,6.94,11,4,clear,2581,35.19,medium
1951,1308,660.61,36.7,1.98,17,1,clear,2442,52.12,high
1952,1847,1119.39,21.2,1.65,18,2,rain,2414,76.11,severe
1953,416,196.23,35.4,2.12,4,0,clear,840,47.64,medium
1954,1214,168.38,42.3,7.21,0,4,clear,2394,35.7,medium
1955,1043,364.69,28.4,2.86,18,1,clear,1421,66.72,high
1956,747,149.1,29.2,5.01,10,1,clear,1101,70.87,high
1957,931,186.2,42.3,5.0,15,4,clear,2527,30.61,medium
1958,1349,295.83,43.4,4.56,22,3,clear,2965,41.4,medium
1959,1048,225.86,44.9,4.64,12,3,clear,2770,36.75,medium
1960,645,120.34,34.9,5.36,5,4,clear,1448,51.19,high
1961,641,454.61,50.4,1.41,16,5,clear,2551,19.34,low
1962,598,81.81,42.5,7.31,15,1,clear,1443,39.59,medium
1963,1167,210.65,38.7,5.54,8,0,clear,2107,50.67,high
1964,225,34.35,58.3,6.55,14,5,clear,1708,10.7,low
1965,526,381.16,24.2,1.38,1,0,storm,1176,54.47,high
1966,773,98.47,46.4,7.85,5,6,clear,2399,26.36,medium
1967,834,110.9,44.3,7.52,6,3,clear,2306,34.65,medium
1968,375,47.41,48.5,7.91,14,0,clear,939,30.45,medium
1969,324,41.7,49.3,7.77,1,6,clear,1081,27.82,medium
1970,1280,262.3,33.4,4.88,21,0,rain,2058,55.69,high
1971,937,119.52,39.5,7.84,7,2,clear,1585,51.29,high
1972,272,37.41,46.9,7.27,20,6,clear,951,27.7,medium
1973,1065,148.54,44.5,7.17,10,5,clear,1993,45.49,medium
1974,318,183.82,52.8,1.73,2,2,clear,2024,16.87,low
1975,215,66.36,33.9,3.24,4,6,storm,813,30.94,medium
1976,798,255.77,36.9,3.12,15,6,fog,2396,29.88,medium
1977,212,36.93,35.3,5.74,6,5,fog,829,29.14,medium
1978,750,152.44,34.9,4.92,1,3,rain,1855,38.57,medium
1979,1280,1024.0,33.8,1.25,8,4,clear,2093,60.6,high
1980,726,243.62,46.7,2.98,1,0,clear,2491,21.55,low
1981,882,264.86,44.1,3.33,0,2,clear,2064,30.07,medium
1982,371,81.9,57.5,4.53,22,3,clear,2646,12.25,low
1983,679,104.78,33.3,6.48,1,0,clear,1133,56.34,high
1984,773,240.06,32.2,3.22,15,5,storm,2223,43.1,medium
1985,1492,216.23,27.4,6.9,19,5,rain,2193,55.78,high
1986,1030,161.44,42.7,6.38,11,5,clear,2250,35.53,medium
1987,953,835.96,34.8,1.14,21,2,rain,1557,62.7,high
1988,534,312.28,52.2,1.71,21,5,clear,2120,28.93,medium
1989,152,200.0,34.2,0.76,12,0,storm,925,32.47,medium
1990,802,174.35,43.1,4.6,11,1,rain,2315,41.16,medium
1991,1056,158.56,26.8,6.66,2,4,rain,1956,55.92,high
1992,646,125.68,49.8,5.14,0,5,clear,1884,29.18,medium
1993,725,129.0,45.3,5.62,4,4,clear,2372,31.78,medium
1994,729,106.11,53.6,6.87,9,4,clear,2840,24.49,low
1995,2322,381.28,20.3,6.09,18,3,rain,2553,82.87,severe
1996,300,111.94,52.5,2.68,8,2,clear,1405,13.58,low
1997,338,115.36,49.4,2.93,0,3,clear,934,29.14,medium
1998,592,288.78,52.7,2.05,4,5,clear,2840,17.52,low
1999,936,136.24,39.3,6.87,21,2,fog,2623,38.83,medium
2000,680,142.26,46.0,4.78,16,4,clear,2869,20.11,low
2001,761,411.35,46.6,1.85,12,5,clear,2574,27.06,medium
2002,476,61.18,50.8,7.78,17,5,clear,1655,17.65,low
2003,933,175.38,31.0,5.32,17,0,rain,1874,46.49,medium
2004,728,290.04,41.3,2.51,2,2,clear,2325,27.13,medium
2005,308,250.41,58.0,1.23,15,5,clear,1747,15.33,low
2006,1439,187.37,34.6,7.68,16,4,clear,2754,48.73,medium
2007,1344,235.38,38.2,5.71,0,4,clear,2838,42.8,medium
2008,246,99.6,49.7,2.47,3,5,clear,1163,20.89,low
2009,615,138.51,45.6,4.44,9,6,fog,2782,25.56,medium
2010,1192,857.55,40.6,1.39,14,0,rain,2582,35.36,medium
2011,499,98.81,53.6,5.05,13,5,clear,2434,19.67,low
2012,775,209.46,40.5,3.7,1,6,clear,2245,36.31,medium
2013,627,116.33,48.5,5.39,0,6,clear,1915,33.3,medium
2014,811,220.38,40.4,3.68,6,0,clear,1658,35.13,medium
2015,951,508.56,49.7,1.87,6,6,clear,2874,31.69,medium
2016,20,8.16,56.6,2.45,5,0,clear,2262,1.63,low
2017,33,5.02,65.0,6.57,7,5,clear,2733,2.94,low
2018,895,145.53,27.0,6.15,19,6,rain,1757,54.0,high
2019,956,126.62,51.0,7.55,10,5,clear,2854,37.04,medium
2020,1689,325.43,30.5,5.19,17,3,clear,2394,64.77,high
2021,1199,621.24,47.9,1.93,0,2,clear,2985,30.53,medium
2022,1294,521.77,44.9,2.48,23,3,clear,2820,36.99,medium
2023,546,114.71,40.2,4.76,11,4,rain,1064,45.4,medium
2024,502,302.41,44.8,1.66,6,3,clear,1875,22.63,low
2025,390,135.42,42.0,2.88,10,0,clear,1021,39.08,medium
2026,441,56.98,39.3,7.74,0,2,clear,988,38.47,medium
2027,1793,837.85,30.5,2.14,9,1,clear,2288,66.21,high
2028,1009,239.67,42.7,4.21,11,0,clear,2932,31.96,medium
2029,1121,1132.32,27.8,0.99,7,3,storm,2321,54.38,high
2030,458,196.57,49.5,2.33,2,0,clear,1999,21.53,low
2031,622,628.28,43.2,0.99,22,4,clear,1385,42.32,medium
2032,203,290.0,53.4,0.7,13,6,clear,1185,5.19,low
2033,427,94.68,23.0,4.51,18,5,storm,823,52.64,high
2034,837,228.07,45.4,3.67,17,3,clear,2246,36.05,medium
2035,1226,771.07,36.6,1.59,20,4,clear,2281,50.02,high
2036,1480,503.4,35.0,2.94,19,2,clear,2565,48.41,medium
2037,794,99.62,32.1,7.97,2,1,fog,2112,32.63,medium
2038,31,4.15,65.0,7.47,0,0,clear,1797,0.0,low
2039,1151,1065.74,39.1,1.08,12,0,clear,1791,59.26,high
2040,316,270.09,50.9,1.17,23,6,rain,2343,8.24,low
2041,2313,670.43,20.8,3.45,10,4,clear,2385,86.02,severe
2042,823,137.4,44.5,5.99,6,6,rain,2672,34.97,medium
2043,2051,756.83,26.0,2.71,19,0,clear,2648,72.32,high
2044,955,163.25,50.5,5.85,21,2,clear,2757,29.59,medium
2045,699,180.15,45.7,3.88,6,1,clear,1438,51.24,high
2046,599,516.38,36.5,1.16,15,0,fog,1325,46.27,medium
2047,930,117.42,33.5,7.92,22,0,rain,2103,44.98,medium
2048,246,200.0,47.4,1.23,2,1,rain,1261,20.67,low
2049,584,108.35,53.5,5.39,14,5,clear,2197,16.48,low
2050,1240,293.14,32.6,4.23,12,0,rain,2220,52.48,high
2051,486,274.58,44.1,1.77,4,5,rain,1750,25.46,medium
2052,455,124.32,48.6,3.66,11,0,clear,1630,30.41,medium
2053,892,132.54,39.5,6.73,12,1,rain,2914,28.85,medium
2054,1765,235.65,22.5,7.49,19,1,clear,2057,76.96,severe
2055,585,147.73,37.3,3.96,15,6,clear,1404,32.12,medium
2056,600,89.96,39.7,6.67,11,1,clear,1613,33.18,medium
2057,629,88.84,34.9,7.08,1,1,fog,1906,39.14,medium
2058,790,752.38,48.1,1.05,5,1,clear,2733,27.25,medium
2059,891,143.25,30.6,6.22,20,3,fog,1516,56.59,high
2060,1200,213.52,23.5,5.62,20,0,fog,1972,67.06,high
2061,539,70.37,46.1,7.66,4,1,clear,1521,32.68,medium
2062,952,1511.11,45.8,0.63,16,4,clear,2552,33.75,medium
2063,530,395.52,48.2,1.34,23,6,clear,2009,30.08,medium
2064,2337,1854.76,18.2,1.26,7,2,rain,2764,72.82,high
2065,710,288.62,43.6,2.46,3,3,clear,1834,40.89,medium
2066,117,16.98,56.2,6.89,4,6,clear,891,8.14,low
2067,569,97.77,42.8,5.82,14,0,rain,1493,36.51,medium
2068,618,112.16,40.4,5.51,19,5,rain,1489,36.48,medium
2069,618,223.91,32.4,2.76,15,3,rain,1765,36.57,medium
2070,382,214.61,52.7,1.78,21,4,clear,1327,26.12,medium
2071,2066,265.21,31.8,7.79,8,4,clear,2579,67.07,high
2072,756,159.83,45.8,4.73,0,0,clear,1817,35.14,medium
2073,929,232.25,49.1,4.0,0,4,clear,2413,29.5,medium
2074,925,188.78,47.8,4.9,21,2,clear,2819,23.95,low
2075,331,57.07,52.2,5.8,1,5,clear,1389,19.15,low
2076,616,206.71,48.4,2.98,16,5,clear,2404,21.39,low
2077,1509,404.56,34.6,3.73,2,4,rain,2947,46.06,medium
2078,598,110.74,47.5,5.4,21,3,clear,2219,25.05,medium
2079,372,100.0,42.4,3.72,10,5,clear,856,40.14,medium
2080,409,78.65,47.2,5.2,23,2,clear,1059,32.72,medium
2081,497,62.36,48.5,7.97,6,1,fog,2871,19.74,low
2082,812,153.5,43.6,5.29,13,5,clear,2382,39.59,medium
2083,2911,379.04,16.1,7.68,9,4,rain,2854,89.66,severe
2084,875,523.95,48.6,1.67,2,5,clear,2564,27.69,medium
2085,733,143.16,47.7,5.12,10,1,clear,2043,31.46,medium
2086,63,8.95,48.4,7.04,14,1,fog,956,9.8,low
2087,260,74.71,48.2,3.48,23,2,clear,922,27.09,medium
2088,1207,580.29,34.0,2.08,19,6,clear,1971,63.63,high
2089,1680,313.43,21.8,5.36,18,0,rain,2326,69.53,high
2090,1890,2625.0,32.4,0.72,7,1,clear,2866,64.01,high
2091,982,791.94,43.0,1.24,2,0,clear,2148,41.66,medium
2092,961,259.03,30.7,3.71,13,0,rain,1836,48.27,medium
2093,824,605.88,32.4,1.36,15,3,fog,2203,37.13,medium
2094,887,136.88,50.9,6.48,0,0,clear,2851,21.81,low
2095,474,79.0,39.0,6.0,18,2,clear,880,42.61,medium
2096,437,110.35,41.6,3.96,0,2,clear,1079,39.92,medium
2097,569,195.53,49.1,2.91,5,0,clear,2218,20.26,low
2098,1506,252.68,41.4,5.96,15,2,clear,2945,48.85,medium
2099,1136,2143.4,42.9,0.53,1,3,clear,2356,42.68,medium
2100,451,93.18,40.5,4.84,0,1,clear,1096,35.37,medium
2101,654,240.44,41.9,2.72,16,4,clear,1520,41.69,medium
2102,869,113.15,43.7,7.68,23,1,clear,2009,44.51,medium
2103,408,74.18,37.6,5.5,5,2,rain,1115,30.66,medium
2104,975,244.36,29.7,3.99,10,3,clear,1183,76.91,severe
2105,569,102.52,46.4,5.55,11,2,clear,1561,30.8,medium
2106,514,546.81,36.4,0.94,23,6,rain,1543,33.52,medium
2107,601,98.04,32.7,6.13,2,1,storm,1707,33.99,medium
2108,522,69.23,41.3,7.54,3,0,storm,2613,23.97,low
2109,498,66.31,44.7,7.51,17,4,clear,1118,38.19,medium
2110,1128,848.12,38.8,1.33,0,3,rain,2740,38.03,medium
2111,440,158.27,40.5,2.78,8,0,clear,1156,36.25,medium
2112,632,188.66,50.5,3.35,17,6,clear,2444,22.94,low
2113,560,237.29,41.1,2.36,1,2,fog,2653,20.76,low
2114,1261,1156.88,31.1,1.09,5,2,rain,1928,62.11,high
2115,136,22.93,49.7,5.93,6,1,clear,2980,7.53,low
2116,450,59.45,50.8,7.57,14,5,clear,2187,28.52,medium
2117,1374,2180.95,37.0,0.63,8,3,clear,2482,52.55,high
2118,760,853.93,40.9,0.89,5,6,fog,2719,32.43,medium
2119,1254,330.0,33.3,3.8,6,4,rain,2403,51.09,high
2120,838,225.27,45.2,3.72,3,2,clear,2037,34.87,medium
2121,711,202.56,34.5,3.51,0,1,fog,1823,40.5,medium
2122,1242,717.92,39.8,1.73,20,0,clear,2219,46.37,medium
2123,336,90.08,44.6,3.73,7,2,clear,888,30.23,medium
2124,230,34.64,50.0,6.64,5,4,clear,1090,14.87,low
2125,398,180.09,44.1,2.21,17,3,clear,957,32.65,medium
2126,1131,272.53,44.1,4.15,11,4,clear,2490,37.04,medium
2127,324,57.04,30.4,5.68,15,5,storm,950,42.04,medium
2128,742,276.87,50.4,2.68,8,6,clear,2849,20.82,low
2129,502,404.84,49.2,1.24,3,6,rain,2526,16.26,low
2130,624,169.11,42.6,3.69,4,1,clear,1856,33.64,medium
2131,389,232.93,42.5,1.67,7,3,fog,1377,30.82,medium
2132,1089,191.39,12.8,5.69,10,2,rain,1128,91.32,severe
2133,534,115.09,50.9,4.64,13,2,clear,2496,20.13,low
2134,958,312.05,41.6,3.07,16,4,clear,2079,42.42,medium
2135,790,119.88,42.4,6.59,6,2,clear,2839,30.12,medium
2136,441,103.04,44.9,4.28,9,4,clear,865,47.08,medium
2137,788,121.79,41.1,6.47,20,1,clear,1803,37.58,medium
2138,662,331.0,43.2,2.0,4,5,rain,2252,27.97,medium
2139,953,254.81,40.5,3.74,20,3,clear,2117,36.19,medium
2140,1009,153.34,42.7,6.58,21,4,clear,2423,41.64,medium
2141,647,90.24,49.6,7.17,21,2,clear,2375,21.92,low
2142,1697,561.92,35.5,3.02,2,4,clear,2845,57.51,high
2143,796,274.48,48.9,2.9,12,0,clear,2282,28.11,medium
2144,239,158.28,47.7,1.51,23,0,rain,1737,16.32,low
2145,681,88.33,30.9,7.71,6,3,clear,1221,56.14,high
2146,138,53.7,56.3,2.57,21,5,clear,1484,15.9,low
2147,1060,319.28,47.5,3.32,15,3,clear,2703,31.81,medium
2148,229,28.99,47.2,7.9,13,5,rain,1278,23.67,low
2149,543,83.15,33.7,6.53,19,1,storm,1627,33.59,medium
2150,483,205.53,49.8,2.35,21,4,clear,1975,18.65,low
2151,966,772.8,38.0,1.25,1,2,clear,1937,44.99,medium
2152,904,244.99,30.6,3.69,0,3,rain,1759,49.0,medium
2153,1186,705.95,42.1,1.68,20,4,clear,2881,38.5,medium
2154,285,70.9,51.2,4.02,5,4,clear,1300,21.61,low
2155,2297,310.41,20.5,7.4,7,2,clear,2458,83.49,severe
2156,992,188.59,29.3,5.26,8,1,fog,1797,59.45,high
2157,264,37.13,41.1,7.11,19,0,clear,844,39.74,medium
2158,2503,641.79,19.6,3.9,17,4,clear,2455,93.12,severe
2159,649,307.58,43.1,2.11,2,4,rain,2216,28.74,medium
2160,486,74.77,30.0,6.5,13,4,rain,816,52.11,high
2161,573,191.64,40.9,2.99,12,0,rain,1536,35.46,medium
2162,1208,250.62,33.8,4.82,11,2,rain,2441,49.48,medium
2163,1680,587.41,38.4,2.86,18,2,clear,2989,43.97,medium
2164,971,243.97,40.0,3.98,16,1,clear,2004,44.0,medium
2165,842,633.08,47.1,1.33,13,5,clear,2354,32.25,medium
2166,993,644.81,45.9,1.54,12,2,clear,2547,37.26,medium
2167,699,134.42,38.8,5.2,6,2,clear,1404,45.78,medium
2168,1259,833.77,33.3,1.51,20,0,rain,2924,40.72,medium
2169,898,467.71,33.3,1.92,19,2,clear,1450,51.53,high
2170,674,576.07,39.5,1.17,6,6,rain,2155,30.47,medium
2171,567,192.86,44.6,2.94,1,5,rain,2736,23.65,low
2172,318,154.37,58.3,2.06,14,0,clear,1898,14.68,low
2173,1166,542.33,33.2,2.15,15,3,fog,2165,56.64,high
2174,826,127.47,26.8,6.48,6,0,storm,2184,40.5,medium
2175,217,52.8,44.4,4.11,18,4,rain,835,27.0,medium
2176,279,45.59,46.7,6.12,8,5,clear,969,29.46,medium
2177,318,61.39,51.9,5.18,2,4,clear,1332,23.29,low
2178,746,98.42,16.1,7.58,14,2,storm,1378,60.29,high
2179,629,99.37,36.9,6.33,15,1,storm,2242,26.09,medium
2180,580,93.25,40.0,6.22,16,2,clear,1196,41.05,medium
2181,829,614.07,27.8,1.35,18,2,clear,1101,70.55,high
2182,674,936.11,51.2,0.72,0,6,clear,2583,25.81,medium
2183,460,101.77,51.2,4.52,13,5,clear,2836,19.25,low
2184,1545,1298.32,37.5,1.19,8,6,clear,2944,46.24,medium
2185,771,121.42,49.2,6.35,13,1,clear,2525,32.93,medium
2186,850,138.66,47.2,6.13,1,0,clear,2258,39.55,medium
2187,1050,197.74,29.5,5.31,3,3,storm,2799,47.58,medium
2188,340,42.71,38.2,7.96,3,6,fog,1392,20.83,low
2189,911,206.11,25.3,4.42,19,3,rain,1093,78.03,severe
2190,558,73.23,40.5,7.62,12,0,clear,1328,43.59,medium
2191,846,297.89,28.8,2.84,15,4,storm,2442,42.51,medium
2192,1141,171.06,32.0,6.67,7,4,rain,2382,46.93,medium
2193,1030,301.17,43.7,3.42,7,0,clear,2479,33.71,medium
2194,1913,266.43,27.6,7.18,9,3,clear,2353,66.91,high
2195,920,438.1,32.5,2.1,9,3,storm,1781,48.23,medium
2196,552,227.16,51.9,2.43,3,5,clear,2293,22.91,low
2197,515,72.74,53.3,7.08,13,0,clear,2256,20.51,low
2198,1255,275.22,34.4,4.56,13,2,rain,2612,54.27,high
2199,1443,198.76,27.4,7.26,17,4,rain,1963,64.07,high
2200,655,101.55,48.6,6.45,6,0,clear,2272,27.61,medium
2201,706,1038.24,33.3,0.68,8,1,clear,1399,53.3,high
2202,1289,180.03,24.5,7.16,14,0,rain,2002,66.64,high
2203,522,417.6,50.6,1.25,23,5,clear,2829,17.07,low
2204,1109,403.27,44.4,2.75,5,0,clear,2256,38.38,medium
2205,374,58.71,47.9,6.37,22,5,clear,1436,27.15,medium
2206,1192,149.0,33.4,8.0,6,1,rain,2016,45.82,medium
2207,443,157.65,53.8,2.81,12,6,clear,1618,24.2,low
2208,233,328.17,59.0,0.71,5,6,clear,1489,18.93,low
2209,1879,302.09,24.4,6.22,10,0,rain,2565,65.07,high
2210,300,38.02,45.0,7.89,16,3,clear,831,32.84,medium
2211,822,199.03,31.7,4.13,9,5,clear,1246,60.43,high
2212,332,57.64,52.7,5.76,9,6,clear,1258,21.4,low
2213,1070,150.49,49.5,7.11,22,2,clear,2943,34.35,medium
2214,876,131.33,44.7,6.67,5,1,clear,2794,34.55,medium
2215,1007,704.2,48.2,1.43,12,6,clear,2860,32.18,medium
2216,1308,381.34,39.7,3.43,11,4,clear,2474,42.73,medium
2217,389,116.47,43.3,3.34,6,2,rain,1648,19.07,low
2218,1936,257.79,26.1,7.51,17,2,clear,2541,66.46,high
2219,772,103.62,36.6,7.45,3,5,fog,2927,23.51,low
2220,733,116.35,47.7,6.3,3,4,clear,1865,37.4,medium
2221,409,400.98,54.1,1.02,13,1,clear,1820,20.26,low
2222,518,66.67,51.4,7.77,22,4,clear,1381,34.07,medium
2223,470,154.1,53.4,3.05,6,6,rain,2983,10.58,low
2224,63,11.65,54.7,5.41,15,1,clear,878,7.9,low
2225,1301,735.03,31.4,1.77,5,1,rain,2518,46.54,medium
2226,262,34.2,45.3,7.66,12,3,clear,1099,22.56,low
2227,1417,635.43,32.2,2.23,19,2,clear,1805,67.51,high
2228,429,70.44,49.0,6.09,1,4,clear,1556,26.92,medium
2229,1091,146.05,21.3,7.47,17,1,rain,1256,75.01,severe
2230,1769,344.83,29.6,5.13,17,4,fog,2728,58.19,high
2231,301,68.1,48.5,4.42,14,4,clear,1236,24.11,low
2232,547,290.96,37.2,1.88,16,6,storm,2651,23.8,low
2233,673,103.22,33.0,6.52,10,0,clear,1002,59.55,high
2234,903,140.22,38.6,6.44,8,0,rain,1997,41.02,medium
2235,593,129.76,35.9,4.57,3,3,clear,1053,54.57,high
2236,498,80.98,40.4,6.15,21,5,storm,1940,34.4,medium
2237,819,447.54,38.2,1.83,12,6,rain,2729,32.55,medium
2238,422,61.07,45.1,6.91,14,3,clear,995,37.23,medium
2239,640,453.9,54.9,1.41,2,6,clear,2813,17.61,low
2240,533,167.61,52.3,3.18,2,3,clear,2391,16.1,low
2241,457,76.17,40.1,6.0,18,0,clear,1003,37.73,medium
2242,925,131.58,30.7,7.03,5,4,rain,1670,56.74,high
2243,698,133.72,49.1,5.22,16,5,clear,1914,32.84,medium
2244,540,337.5,48.5,1.6,6,5,clear,2076,22.83,low
2245,928,446.15,36.0,2.08,3,0,fog,2773,34.11,medium
2246,542,653.01,26.6,0.83,2,2,storm,1525,44.8,medium
2247,1314,495.85,34.0,2.65,20,0,clear,2110,55.02,high
2248,1129,172.37,38.5,6.55,7,3,clear,2067,48.89,medium
2249,465,285.28,44.6,1.63,14,6,clear,1850,28.66,medium
2250,551,69.05,36.3,7.98,0,5,rain,1472,34.52,medium
2251,1034,225.27,39.0,4.59,10,0,clear,2349,35.14,medium
2252,315,40.13,46.6,7.85,23,4,clear,905,30.67,medium
2253,1074,1790.0,41.5,0.6,6,4,clear,2668,37.77,medium
2254,275,49.28,52.7,5.58,12,0,clear,1128,26.11,medium
2255,1027,157.76,44.1,6.51,16,1,clear,2919,34.83,medium
2256,534,95.7,39.1,5.58,14,1,clear,1082,46.92,medium
2257,416,442.55,44.0,0.94,11,4,clear,961,41.08,medium
2258,1134,446.46,45.2,2.54,17,3,clear,2715,36.17,medium
2259,715,112.95,48.7,6.33,18,2,clear,2001,27.02,medium
2260,617,1142.59,51.3,0.54,23,5,clear,2646,23.98,low
2261,366,55.12,36.1,6.64,6,0,fog,1161,34.28,medium
2262,366,111.25,55.3,3.29,11,6,clear,1451,23.8,low
2263,666,269.64,42.5,2.47,16,2,clear,1525,41.63,medium
2264,1416,224.76,21.2,6.3,17,2,fog,1876,71.17,high
2265,208,54.31,59.0,3.83,2,0,clear,1502,9.21,low
2266,536,249.3,42.5,2.15,6,0,clear,1273,47.07,medium
2267,729,291.6,50.3,2.5,13,3,clear,2043,24.12,low
2268,519,224.68,47.1,2.31,0,2,clear,1694,32.51,medium
2269,760,110.14,42.0,6.9,18,6,clear,1987,30.56,medium
2270,156,101.3,36.0,1.54,4,6,storm,1118,24.65,low
2271,351,43.93,47.1,7.99,14,0,clear,1169,26.1,medium
2272,661,152.66,45.2,4.33,4,3,clear,2683,26.36,medium
2273,861,494.83,53.3,1.74,13,1,clear,2726,21.53,low
2274,958,237.13,44.0,4.04,14,5,clear,2912,29.59,medium
2275,672,119.57,51.5,5.62,0,3,clear,2552,18.16,low
2276,443,77.86,43.0,5.69,2,0,rain,979,43.24,medium
2277,516,96.63,40.9,5.34,11,3,clear,1180,41.28,medium
2278,331,154.67,49.4,2.14,8,5,clear,1028,22.5,low
2279,634,1093.1,34.8,0.58,11,6,rain,1186,49.64,medium
2280,556,91.3,40.7,6.09,12,3,rain,2386,23.75,low
2281,428,72.3,51.3,5.92,1,6,clear,2234,19.37,low
2282,289,52.64,48.1,5.49,3,0,clear,1203,22.07,low
2283,1057,156.59,45.5,6.75,7,6,clear,2494,40.2,medium
2284,1496,515.86,36.6,2.9,7,2,clear,2554,56.45,high
2285,1771,555.17,38.9,3.19,10,6,clear,2996,58.48,high
2286,550,167.68,51.1,3.28,23,2,clear,2085,16.72,low
2287,916,233.08,17.7,3.93,9,3,rain,999,77.88,severe
2288,559,98.94,56.2,5.65,14,2,clear,2425,7.71,low
2289,1873,238.6,29.0,7.85,10,4,clear,2717,59.42,high
2290,1530,211.03,27.7,7.25,23,4,fog,2896,60.12,high
2291,468,103.77,54.9,4.51,15,6,clear,2236,16.58,low
2292,847,1598.11,19.6,0.53,7,3,clear,956,77.95,severe
2293,209,137.5,40.6,1.52,21,5,fog,917,24.66,low
2294,1053,429.8,35.5,2.45,19,0,clear,1679,43.7,medium
2295,507,142.02,50.2,3.57,2,6,clear,1764,20.4,low
2296,974,201.66,42.7,4.83,12,6,clear,2861,27.7,medium
2297,442,95.05,44.7,4.65,15,6,rain,1965,19.22,low
2298,907,1333.82,32.5,0.68,12,3,rain,2115,43.56,medium
2299,126,86.9,59.1,1.45,2,5,clear,1673,10.34,low
2300,778,205.82,35.0,3.78,10,6,clear,1768,39.91,medium
2301,905,232.05,44.7,3.9,12,6,clear,2107,38.93,medium
2302,522,175.76,42.7,2.97,4,0,clear,1408,33.84,medium
2303,1760,615.38,10.1,2.86,19,3,clear,1501,100.0,severe
2304,214,66.05,55.7,3.24,21,6,clear,865,11.35,low
2305,1046,218.37,34.6,4.79,9,2,clear,1855,54.48,high
2306,674,132.42,32.1,5.09,16,3,fog,1818,37.03,medium
2307,539,266.83,42.4,2.02,18,6,rain,1124,40.93,medium
2308,959,1498.44,38.9,0.64,8,4,rain,1704,51.39,high
2309,298,125.21,46.9,2.38,18,6,rain,1685,18.74,low
2310,672,273.17,43.1,2.46,0,4,clear,1645,40.86,medium
2311,696,310.71,50.0,2.24,8,5,clear,1860,25.85,medium
2312,715,111.89,47.3,6.39,22,2,clear,2688,19.23,low
2313,576,118.28,35.2,4.87,13,2,clear,977,52.27,high
2314,893,152.13,37.7,5.87,8,2,clear,1579,47.41,medium
2315,1759,303.8,29.7,5.79,4,2,rain,2985,53.74,high
2316,369,63.29,42.9,5.83,5,2,clear,865,36.15,medium
2317,711,250.35,46.0,2.84,1,1,clear,1840,32.94,medium
2318,714,125.7,45.4,5.68,2,4,rain,2522,29.93,medium
2319,563,380.41,51.0,1.48,2,5,clear,2634,16.12,low
2320,684,235.05,47.1,2.91,22,4,clear,2231,26.06,medium
2321,726,238.82,50.3,3.04,3,4,clear,2275,19.81,low
2322,774,101.18,43.3,7.65,22,1,clear,1942,33.03,medium
2323,1485,252.98,14.0,5.87,17,2,rain,1611,85.74,severe
2324,848,280.79,39.2,3.02,17,2,clear,1682,41.51,medium
2325,891,116.47,27.1,7.65,20,3,clear,1190,69.97,high
2326,772,113.7,41.5,6.79,0,0,rain,2335,32.6,medium
2327,704,123.08,46.8,5.72,6,4,clear,1739,32.7,medium
2328,717,307.73,46.5,2.33,6,6,clear,2617,30.66,medium
2329,1883,315.94,29.2,5.96,19,1,clear,2984,56.03,high
2330,269,39.27,41.4,6.85,23,0,rain,850,29.66,medium
2331,1422,269.32,39.0,5.28,21,0,rain,2992,46.46,medium
2332,827,810.78,32.8,1.02,0,1,rain,1709,46.25,medium
2333,680,120.78,41.0,5.63,5,1,clear,1631,37.4,medium
2334,377,59.0,42.7,6.39,21,3,clear,967,33.22,medium
2335,545,127.63,46.5,4.27,1,3,clear,1661,28.81,medium
2336,453,164.73,42.7,2.75,21,1,clear,1105,41.47,medium
2337,251,68.02,43.6,3.69,6,3,rain,1146,21.92,low
2338,560,528.3,46.1,1.06,19,6,clear,1746,31.67,medium
2339,1040,183.1,21.1,5.68,10,5,rain,1301,70.69,high
2340,317,40.96,52.3,7.74,12,2,clear,1152,17.43,low
2341,696,91.82,45.2,7.58,15,4,clear,2083,31.26,medium
2342,418,55.0,50.6,7.6,2,6,clear,1970,15.78,low
2343,941,342.18,37.2,2.75,3,0,rain,2106,40.37,medium
2344,1280,322.42,35.4,3.97,19,4,clear,2263,60.36,high
2345,588,114.84,33.8,5.12,4,6,rain,1274,41.21,medium
2346,982,410.88,30.8,2.39,21,0,fog,2261,49.08,medium
2347,475,69.44,49.5,6.84,16,0,clear,1707,21.97,low
2348,614,86.12,45.4,7.13,22,6,clear,2290,25.35,medium
2349,878,172.16,49.3,5.1,20,2,clear,2511,32.51,medium
2350,321,92.51,52.4,3.47,0,4,clear,1825,21.73,low
2351,667,995.52,51.1,0.67,0,6,clear,2465,24.42,low
2352,898,200.0,33.2,4.49,12,1,fog,2248,42.23,medium
2353,898,137.31,44.6,6.54,14,5,clear,2278,34.59,medium
2354,696,99.29,39.4,7.01,13,2,clear,1510,46.4,medium
2355,1350,478.72,32.4,2.82,22,2,clear,2451,46.03,medium
2356,1206,188.73,39.0,6.39,22,2,rain,2693,43.89,medium
2357,1274,160.66,38.3,7.93,11,3,clear,2664,49.04,medium
2358,1380,491.1,36.5,2.81,22,1,rain,2994,46.64,medium
2359,778,103.32,46.6,7.53,11,0,clear,2089,38.15,medium
2360,761,1435.85,48.7,0.53,6,4,clear,2373,30.96,medium
2361,1067,140.21,48.3,7.61,19,0,clear,2757,33.06,medium
2362,973,982.83,31.4,0.99,5,0,fog,2454,39.97,medium
2363,287,57.98,46.8,4.95,22,3,rain,2647,10.58,low
2364,845,208.64,27.0,4.05,18,4,rain,1518,58.63,high
2365,825,121.68,23.5,6.78,8,4,clear,1044,78.74,severe
2366,533,91.58,41.5,5.82,23,6,rain,1653,29.89,medium
2367,1545,299.42,30.6,5.16,8,3,clear,2109,66.9,high
2368,472,197.49,37.0,2.39,16,3,rain,945,46.53,medium
2369,1602,364.09,30.1,4.4,5,3,clear,2476,56.51,high
2370,506,94.05,53.0,5.38,16,4,clear,1882,20.07,low
2371,775,99.74,38.5,7.77,2,2,clear,1600,44.28,medium
2372,766,416.3,43.7,1.84,7,6,clear,2168,26.62,medium
2373,1297,442.66,42.7,2.93,3,5,clear,2820,38.71,medium
2374,941,648.97,36.2,1.45,13,1,clear,1859,45.01,medium
2375,213,44.94,52.4,4.74,22,3,clear,1957,7.25,low
2376,1214,252.39,34.3,4.81,19,1,clear,1990,51.57,high
2377,647,107.3,40.3,6.03,11,3,rain,1707,35.73,medium
2378,937,694.07,32.1,1.35,7,5,clear,1548,59.6,high
2379,260,81.0,43.3,3.21,5,2,clear,1101,20.31,low
2380,1837,246.58,40.6,7.45,17,3,clear,2603,58.39,high
2381,863,317.28,37.8,2.72,7,5,clear,1779,41.14,medium
2382,475,207.42,39.2,2.29,10,1,clear,863,50.08,high
2383,590,128.82,33.2,4.58,8,1,rain,978,44.94,medium
2384,1520,279.41,41.0,5.44,1,1,clear,2803,49.24,medium
2385,438,377.59,41.4,1.16,16,2,clear,950,46.19,medium
2386,524,85.34,53.1,6.14,3,5,clear,2315,25.55,medium
2387,592,117.93,47.6,5.02,21,6,clear,2160,14.25,low
2388,678,330.73,30.2,2.05,1,2,storm,2060,42.51,medium
2389,521,66.71,36.9,7.81,1,6,fog,1240,41.37,medium
2390,288,68.25,26.7,4.22,23,6,storm,835,39.38,medium
2391,234,44.91,54.4,5.21,5,2,clear,1259,17.14,low
2392,1475,2201.49,40.7,0.67,23,4,clear,2848,42.69,medium
2393,1166,498.29,16.8,2.34,17,3,clear,1148,97.98,severe
2394,2050,414.98,22.1,4.94,9,0,rain,2643,76.05,severe
2395,440,87.13,48.2,5.05,19,3,rain,1504,27.27,medium
2396,1339,316.55,34.5,4.23,8,3,clear,1973,55.68,high
2397,398,57.27,58.1,6.95,23,2,clear,1484,24.82,low
2398,883,250.14,43.4,3.53,1,2,clear,2134,37.54,medium
2399,1457,888.41,35.5,1.64,8,1,clear,2754,47.88,medium
2400,223,30.59,57.2,7.29,4,4,clear,1141,13.62,low
2401,807,121.72,48.4,6.63,4,1,clear,2998,22.73,low
2402,371,49.6,43.2,7.48,3,1,clear,816,36.17,medium
2403,1121,158.56,49.0,7.07,11,0,clear,2924,30.48,medium
2404,970,169.58,49.7,5.72,6,6,clear,2751,32.53,medium
2405,485,78.86,50.7,6.15,5,4,clear,2000,16.24,low
2406,262,50.58,52.2,5.18,6,6,clear,1461,10.05,low
2407,772,225.07,40.2,3.43,6,3,clear,1776,37.12,medium
2408,2298,897.66,38.4,2.56,7,1,clear,2942,66.17,high
2409,2305,690.12,20.2,3.34,7,0,fog,2843,77.83,severe
2410,886,177.2,43.7,5.0,0,2,clear,2711,30.73,medium
2411,719,584.55,46.8,1.23,12,4,clear,2457,28.3,medium
2412,475,59.52,45.6,7.98,6,6,clear,1885,20.48,low
2413,713,93.45,25.7,7.63,21,1,clear,1174,62.04,high
2414,488,125.45,34.6,3.89,21,3,rain,1061,50.57,high
2415,763,163.38,44.5,4.67,14,2,clear,1846,38.17,medium
2416,377,62.11,52.1,6.07,16,2,clear,1888,21.24,low
2417,1332,190.56,30.4,6.99,19,3,clear,2293,51.71,high
2418,484,72.67,39.0,6.66,1,5,storm,2750,23.8,low
2419,763,171.08,38.6,4.46,19,1,rain,1895,34.96,medium
2420,242,39.29,51.0,6.16,3,1,clear,945,28.5,medium
2421,760,419.89,35.9,1.81,1,6,fog,2734,31.41,medium
2422,873,263.75,45.1,3.31,21,6,clear,2753,29.59,medium
2423,573,280.88,53.3,2.04,3,0,clear,2597,17.17,low
2424,952,459.9,49.2,2.07,3,1,clear,2690,24.14,low
2425,2290,288.05,27.0,7.95,17,4,clear,2711,75.71,severe
2426,555,80.67,48.1,6.88,4,1,clear,2650,29.02,medium
2427,953,119.42,36.3,7.98,11,6,fog,2675,30.76,medium
2428,501,139.94,53.4,3.58,0,3,clear,2272,18.27,low
2429,643,84.27,27.9,7.63,17,3,clear,855,69.91,high
2430,789,182.22,45.2,4.33,14,6,fog,2984,25.18,medium
2431,346,45.83,43.4,7.55,4,1,clear,978,28.64,medium
2432,394,390.1,43.6,1.01,15,5,rain,1565,24.74,low
2433,1328,729.67,41.5,1.82,21,3,clear,2941,41.86,medium
2434,494,74.4,43.0,6.64,13,6,rain,1413,36.77,medium
2435,693,184.8,50.3,3.75,13,0,clear,2583,21.14,low
2436,1119,265.17,13.5,4.22,10,4,rain,1033,93.17,severe
2437,1299,175.3,35.5,7.41,5,3,rain,2918,47.1,medium
2438,1421,272.22,40.7,5.22,14,3,clear,2503,48.26,medium
2439,579,87.46,52.0,6.62,16,2,clear,2271,24.13,low
2440,274,34.47,43.9,7.95,2,5,rain,1313,24.79,low
2441,1448,916.46,17.6,1.58,23,1,storm,2336,63.7,high
2442,1227,161.66,42.2,7.59,6,3,clear,2755,45.08,medium
2443,292,37.68,53.9,7.75,22,6,clear,1630,14.74,low
2444,1011,170.78,46.5,5.92,13,5,clear,2683,32.37,medium
2445,975,894.5,44.4,1.09,8,6,clear,2541,42.98,medium
2446,400,533.33,51.2,0.75,13,1,clear,1915,16.86,low
2447,327,56.19,45.9,5.82,4,6,clear,893,32.19,medium
2448,1406,464.03,21.9,3.03,10,2,fog,1959,72.42,high
2449,621,223.38,40.4,2.78,16,3,clear,1328,39.35,medium
2450,324,57.75,52.7,5.61,6,2,clear,1198,19.48,low
2451,374,117.24,50.8,3.19,6,5,clear,1479,18.62,low
2452,1143,148.44,29.9,7.7,22,1,fog,2215,48.62,medium
2453,337,58.3,56.2,5.78,12,3,clear,2655,10.44,low
2454,925,385.42,38.7,2.4,16,2,clear,2105,41.01,medium
2455,1016,150.07,31.2,6.77,9,4,fog,2441,44.04,medium
2456,782,570.8,32.6,1.37,17,1,clear,1051,68.49,high
2457,1188,326.37,43.8,3.64,17,3,clear,2797,46.18,medium
2458,588,98.82,46.2,5.95,15,1,clear,2094,22.59,low
2459,558,127.98,40.8,4.36,6,6,rain,1584,35.37,medium
2460,816,450.83,35.4,1.81,12,1,rain,1779,40.97,medium
2461,203,57.67,51.3,3.52,21,3,clear,1002,19.17,low
2462,1894,439.44,26.8,4.31,18,1,clear,2369,64.2,high
2463,383,103.51,47.9,3.7,6,4,clear,1108,34.35,medium
2464,284,77.38,37.1,3.67,1,0,storm,1237,32.7,medium
2465,249,117.45,52.2,2.12,20,4,clear,1027,21.35,low
2466,523,66.04,54.4,7.92,1,1,clear,1980,17.92,low
2467,1589,419.26,27.8,3.79,18,1,fog,2727,58.9,high
2468,593,117.66,41.8,5.04,23,4,clear,1589,35.88,medium
2469,869,178.07,48.1,4.88,12,2,clear,2932,26.63,medium
2470,602,135.59,37.8,4.44,22,0,rain,2006,31.34,medium
2471,1134,289.29,23.2,3.92,8,6,storm,1882,58.18,high
2472,686,176.8,43.2,3.88,20,0,rain,1648,40.74,medium
2473,342,122.58,46.3,2.79,1,1,clear,801,35.36,medium
2474,344,81.13,46.8,4.24,6,0,clear,1170,28.98,medium
2475,351,294.96,44.5,1.19,21,2,clear,1225,24.45,low
2476,895,215.14,30.6,4.16,12,5,storm,1948,48.54,medium
2477,528,447.46,42.4,1.18,18,4,clear,1205,36.87,medium
2478,458,178.21,47.0,2.57,21,1,clear,1036,35.54,medium
2479,1158,957.02,30.2,1.21,23,1,rain,2255,45.96,medium
2480,654,111.6,47.0,5.86,12,2,clear,2776,20.25,low
2481,352,54.15,51.0,6.5,16,3,clear,1164,26.25,medium
2482,653,106.01,38.9,6.16,9,2,clear,1332,41.32,medium
2483,323,48.79,52.2,6.62,13,5,clear,1590,19.94,low
2484,491,818.33,45.1,0.6,3,1,rain,2085,20.02,low
2485,411,84.05,54.3,4.89,15,2,clear,1891,12.5,low
2486,501,107.05,43.0,4.68,13,6,clear,1433,30.23,medium
2487,354,172.68,50.9,2.05,15,4,clear,1401,31.51,medium
2488,1048,131.16,38.8,7.99,9,3,clear,2181,42.55,medium
2489,862,141.54,29.2,6.09,18,4,clear,1152,68.47,high
2490,573,219.54,47.3,2.61,21,2,clear,1788,25.33,medium
2491,544,80.12,45.4,6.79,4,1,clear,1584,32.43,medium
2492,659,176.2,45.1,3.74,2,1,clear,1725,36.33,medium
2493,345,148.71,49.7,2.32,22,4,clear,962,31.53,medium
2494,497,108.75,43.1,4.57,16,3,rain,1564,40.49,medium
2495,290,61.83,49.9,4.69,5,3,clear,940,26.0,medium
2496,1669,226.15,21.5,7.38,10,5,fog,2194,70.95,high
2497,952,130.59,46.9,7.29,12,4,clear,2410,33.04,medium
2498,620,105.98,44.8,5.85,18,2,clear,1855,33.57,medium
2499,524,289.5,46.5,1.81,16,4,clear,1699,30.3,medium
2500,413,77.05,47.3,5.36,11,1,clear,1159,23.25,low
2501,1447,939.61,37.3,1.54,9,0,clear,2400,54.29,high
2502,960,159.47,43.2,6.02,3,1,clear,1999,46.69,medium
2503,447,698.44,45.6,0.64,0,3,clear,1853,21.78,low
2504,1062,429.96,38.1,2.47,23,4,rain,2359,37.82,medium
2505,1662,1051.9,27.7,1.58,14,2,rain,2771,59.24,high
2506,571,751.32,55.5,0.76,16,5,clear,2087,26.45,medium
2507,2628,509.3,10.5,5.16,9,4,fog,2650,85.25,severe
2508,2507,510.59,11.0,4.91,18,3,storm,2882,84.1,severe
2509,2016,635.96,18.6,3.17,7,1,rain,2360,74.03,high
2510,1163,199.83,26.2,5.82,19,3,fog,2234,56.79,high
2511,210,51.72,51.0,4.06,21,2,clear,1008,20.01,low
2512,318,40.51,59.6,7.85,21,5,clear,1712,9.82,low
2513,951,124.64,44.8,7.63,0,0,clear,2584,38.0,medium
2514,1170,239.75,33.7,4.88,18,3,clear,2062,57.08,high
2515,762,108.24,17.8,7.04,15,3,fog,1199,70.78,high
2516,1183,372.01,27.1,3.18,1,6,fog,2822,43.22,medium
2517,762,281.18,35.7,2.71,22,6,rain,2072,38.19,medium
2518,823,156.76,34.1,5.25,21,1,rain,1771,45.76,medium
2519,894,173.59,23.3,5.15,9,2,clear,1079,78.2,severe
2520,445,195.18,47.4,2.28,23,5,rain,2734,17.82,low
2521,864,403.74,41.1,2.14,1,5,rain,2703,28.33,medium
2522,1499,244.54,16.8,6.13,1,2,storm,2723,61.72,high
2523,376,64.38,39.3,5.84,16,2,rain,1070,36.53,medium
2524,410,64.87,44.4,6.32,0,3,clear,1117,35.57,medium
2525,1031,458.22,41.4,2.25,0,0,clear,2176,43.71,medium
2526,1006,382.51,24.4,2.63,8,0,storm,2099,55.2,high
2527,580,179.01,39.6,3.24,0,5,fog,2673,25.89,medium
2528,1250,446.43,31.5,2.8,3,3,rain,2251,51.07,high
2529,733,357.56,39.4,2.05,13,0,clear,1436,38.66,medium
2530,541,298.9,45.2,1.81,8,3,clear,1140,43.45,medium
2531,1125,180.0,34.8,6.25,8,3,clear,1901,54.57,high
2532,910,167.59,39.1,5.43,15,3,rain,2566,39.59,medium
2533,338,88.71,39.6,3.81,5,0,storm,2977,16.26,low
2534,427,688.71,46.4,0.62,8,5,clear,1118,33.06,medium
2535,943,118.17,33.7,7.98,0,4,rain,2001,51.7,high
2536,564,266.04,51.9,2.12,11,5,clear,2722,21.58,low
2537,709,93.41,53.3,7.59,0,5,clear,2181,31.46,medium
2538,731,111.6,41.0,6.55,3,6,rain,2485,25.04,medium
2539,887,153.73,32.3,5.77,20,5,rain,1957,35.81,medium
2540,427,821.15,48.7,0.52,1,0,clear,1716,20.27,low
2541,517,420.33,49.8,1.23,4,3,clear,2427,24.64,low
2542,1641,726.11,16.5,2.26,9,4,clear,1598,93.19,severe
2543,405,114.08,30.9,3.55,18,6,storm,913,44.38,medium
2544,1501,217.22,25.4,6.91,5,4,rain,2308,63.01,high
2545,429,62.63,48.7,6.85,4,2,clear,1615,27.56,medium
2546,1522,698.17,34.3,2.18,19,1,clear,2314,57.95,high
2547,514,90.18,40.2,5.7,4,3,clear,1207,39.42,medium
2548,1235,334.69,18.4,3.69,13,4,rain,1424,81.25,severe
2549,1070,578.38,36.4,1.85,8,2,clear,1724,58.85,high
2550,877,1719.61,40.7,0.51,20,4,clear,1526,48.63,medium
2551,797,171.77,43.3,4.64,10,1,clear,2618,31.41,medium
2552,582,78.02,52.6,7.46,2,2,clear,1905,26.52,medium
2553,453,168.4,42.8,2.69,14,6,fog,2544,24.77,low
2554,1092,192.93,33.8,5.66,10,0,fog,2396,45.85,medium
2555,659,212.58,57.1,3.1,4,6,clear,2832,21.32,low
2556,440,60.19,35.0,7.31,8,0,fog,1104,45.04,medium
2557,796,347.6,50.3,2.29,16,5,clear,2259,28.59,medium
2558,913,661.59,40.4,1.38,17,0,clear,1942,38.04,medium
2559,1634,447.67,16.3,3.65,10,2,clear,1677,93.18,severe
2560,1822,484.57,33.8,3.76,10,0,clear,2428,58.48,high
2561,497,82.01,56.8,6.06,2,5,clear,2773,11.64,low
2562,1118,275.37,34.7,4.06,4,0,rain,2228,53.23,high
2563,536,161.93,32.1,3.31,10,6,rain,910,54.89,high
2564,256,44.44,53.8,5.76,16,6,clear,2318,5.69,low
2565,584,143.84,49.1,4.06,11,3,clear,2084,25.12,medium
2566,406,77.04,53.8,5.27,14,0,clear,1436,20.13,low
2567,1509,1410.28,30.4,1.07,7,3,clear,2080,59.32,high
2568,366,139.16,41.0,2.63,6,3,rain,956,32.0,medium
2569,956,129.19,41.5,7.4,16,6,clear,2209,40.4,medium
2570,588,84.6,43.8,6.95,15,5,fog,2731,27.85,medium
2571,1009,226.74,30.4,4.45,8,1,fog,1874,47.09,medium
2572,2477,570.74,14.0,4.34,10,4,fog,2845,86.58,severe
2573,856,123.52,46.2,6.93,14,1,clear,2860,30.68,medium
2574,702,212.08,43.6,3.31,21,4,clear,1981,28.89,medium
2575,1499,201.21,25.0,7.45,4,3,storm,2943,52.94,high
2576,214,53.9,45.2,3.97,5,0,rain,909,22.81,low
2577,231,30.43,44.1,7.59,2,4,rain,1045,19.87,low
2578,523,365.73,48.9,1.43,17,2,clear,1305,38.55,medium
2579,116,29.59,60.4,3.92,1,5,clear,1137,4.03,low
2580,343,44.37,48.7,7.73,18,4,clear,1090,21.87,low
2581,1201,272.34,48.9,4.41,18,4,clear,2868,34.72,medium
2582,673,227.36,45.3,2.96,1,1,clear,1760,37.98,medium
2583,1243,331.47,34.6,3.75,20,0,clear,2239,54.83,high
2584,174,82.08,48.2,2.12,23,4,clear,1048,21.8,low
2585,271,40.03,45.3,6.77,2,4,clear,823,31.15,medium
2586,1132,275.43,40.8,4.11,18,3,clear,2526,44.37,medium
2587,273,37.71,46.5,7.24,14,5,rain,1437,13.76,low
2588,1197,684.0,37.2,1.75,7,2,clear,2254,52.0,high
2589,604,103.78,44.9,5.82,9,6,rain,1881,31.31,medium
2590,972,190.22,45.5,5.11,10,4,clear,2516,32.2,medium
2591,500,63.94,34.8,7.82,15,0,rain,862,53.84,high
2592,1688,1180.42,27.9,1.43,8,0,rain,2398,58.4,high
2593,2040,341.71,24.8,5.97,8,3,rain,2573,71.36,high
2594,1093,155.92,30.3,7.01,20,2,rain,1849,57.24,high
2595,361,61.92,44.7,5.83,15,2,clear,866,35.26,medium
2596,372,113.76,40.9,3.27,23,5,rain,1378,26.69,medium
2597,820,105.81,35.5,7.75,15,0,clear,1639,39.28,medium
2598,723,179.4,46.7,4.03,21,4,clear,1521,47.96,medium
2599,1218,181.79,39.6,6.7,19,6,clear,2501,47.93,medium
2600,340,106.92,43.9,3.18,13,4,clear,890,33.78,medium
2601,1425,367.27,42.2,3.88,9,6,clear,2929,42.77,medium
2602,254,63.66,52.4,3.99,16,5,clear,1237,15.93,low
2603,500,154.8,49.2,3.23,15,4,clear,1403,33.74,medium
2604,290,37.13,44.9,7.81,18,4,clear,846,29.17,medium
2605,234,135.26,51.7,1.73,16,6,clear,847,22.66,low
2606,870,530.49,36.5,1.64,9,2,clear,1610,45.41,medium
2607,438,56.52,45.9,7.75,18,4,clear,1235,38.52,medium
2608,244,151.55,58.8,1.61,5,6,clear,1034,17.81,low
2609,1781,319.18,34.1,5.58,20,5,clear,2856,65.03,high
2610,1777,606.48,38.6,2.93,9,1,clear,2686,56.74,high
2611,1078,496.77,36.7,2.17,5,1,rain,2324,45.14,medium
2612,92,34.98,52.1,2.63,23,5,clear,898,12.99,low
2613,1794,230.59,14.4,7.78,10,2,fog,1942,89.35,severe
2614,217,258.33,51.0,0.84,19,5,clear,845,30.74,medium
2615,685,122.32,50.9,5.6,2,2,clear,2108,25.46,medium
2616,1299,199.85,18.3,6.5,7,1,storm,2267,63.94,high
2617,639,109.61,30.8,5.83,11,1,rain,1118,55.92,high
2618,1211,170.08,27.9,7.12,17,6,clear,1757,62.02,high
2619,259,63.17,49.5,4.1,23,1,clear,1087,25.26,medium
2620,1029,525.0,46.3,1.96,23,2,clear,2282,36.45,medium
2621,648,94.88,50.9,6.83,21,3,clear,2157,15.78,low
2622,747,249.0,37.6,3.0,17,4,clear,1294,50.3,high
2623,871,131.17,40.1,6.64,6,5,fog,2768,29.36,medium
2624,1520,250.41,39.5,6.07,11,4,clear,2961,42.29,medium
2625,1041,223.87,20.7,4.65,5,4,fog,1680,61.59,high
2626,690,184.99,46.6,3.73,23,3,clear,1854,35.8,medium
2627,652,177.17,47.6,3.68,11,4,clear,2541,25.47,medium
2628,216,27.1,46.7,7.97,19,5,rain,1211,22.04,low
2629,1697,215.36,17.9,7.88,11,1,storm,2567,65.38,high
2630,842,171.49,41.6,4.91,12,0,clear,2393,37.67,medium
2631,941,133.85,36.9,7.03,4,2,clear,2146,40.76,medium
2632,773,102.38,39.1,7.55,15,3,rain,2167,35.45,medium
2633,658,685.42,50.6,0.96,4,4,clear,2560,23.98,low
2634,167,47.85,46.9,3.49,0,6,rain,810,20.5,low
2635,508,117.32,55.0,4.33,6,2,clear,2232,14.93,low
2636,1191,1253.68,8.8,0.95,12,1,storm,1718,75.91,severe
2637,1809,1320.44,31.9,1.37,18,1,clear,2575,64.64,high
2638,1257,201.12,44.4,6.25,2,1,clear,2751,37.3,medium
2639,650,250.97,27.4,2.59,7,2,rain,932,66.38,high
2640,465,75.61,28.0,6.15,7,2,rain,918,53.78,high
2641,1464,228.39,22.7,6.41,5,4,storm,2506,61.69,high
2642,711,664.49,46.8,1.07,15,5,clear,1789,32.08,medium
2643,1175,541.47,23.4,2.17,17,3,clear,1375,74.72,high
2644,243,30.96,45.8,7.85,21,0,clear,821,31.01,medium
2645,180,83.33,55.6,2.16,22,5,clear,1589,8.35,low
2646,288,36.09,52.1,7.98,7,6,clear,2217,11.14,low
2647,547,74.22,32.6,7.37,21,4,storm,1622,39.08,medium
2648,315,41.23,44.9,7.64,6,6,clear,1412,22.08,low
2649,772,1403.64,16.1,0.55,8,1,rain,991,82.66,severe
2650,1002,236.32,37.1,4.24,19,5,fog,2487,33.25,medium
2651,1137,360.95,37.3,3.15,9,3,clear,2211,54.78,high
2652,966,480.6,34.9,2.01,5,0,rain,1906,45.18,medium
2653,311,48.29,49.1,6.44,2,0,clear,1119,30.51,medium
2654,487,281.5,39.0,1.73,12,0,fog,1735,26.24,medium
2655,306,61.45,47.8,4.98,6,2,clear,1012,25.24,medium
2656,1258,254.14,40.9,4.95,17,3,clear,2460,49.54,medium
2657,450,85.71,34.2,5.25,21,0,rain,995,43.33,medium
2658,190,47.5,44.5,4.0,13,5,rain,918,15.82,low
2659,584,297.96,33.7,1.96,9,4,rain,917,59.63,high
2660,1159,176.95,46.5,6.55,1,5,clear,2929,30.5,medium
2661,484,369.47,45.1,1.31,20,2,clear,1195,41.76,medium
2662,719,104.96,42.9,6.85,21,2,clear,1360,43.85,medium
2663,265,33.33,53.8,7.95,9,6,clear,1110,19.99,low
2664,348,255.88,45.2,1.36,16,5,rain,1610,18.54,low
2665,522,226.96,41.1,2.3,7,6,clear,1053,41.03,medium
2666,1214,194.86,27.1,6.23,0,0,storm,1979,66.4,high
2667,552,86.38,42.3,6.39,20,1,clear,1083,51.02,high
2668,762,504.64,40.5,1.51,19,4,fog,2629,33.94,medium
2669,2754,2754.0,4.0,1.0,20,0,rain,1817,100.0,severe
2670,231,78.84,51.1,2.93,2,6,rain,1833,17.12,low
2671,835,274.67,40.8,3.04,10,1,clear,1812,43.45,medium
2672,751,270.14,34.6,2.78,18,4,clear,1194,51.99,high
2673,355,72.6,44.7,4.89,1,4,clear,875,35.37,medium
2674,1501,396.04,27.4,3.79,20,3,clear,2148,60.96,high
2675,550,230.13,28.8,2.39,9,6,storm,1407,43.64,medium
2676,242,35.54,48.2,6.81,12,2,clear,1001,23.38,low
2677,462,245.74,45.4,1.88,21,0,clear,1230,26.35,medium
2678,260,47.62,47.3,5.46,3,5,clear,940,22.76,low
2679,538,77.86,50.2,6.91,19,6,clear,1953,19.02,low
2680,1530,202.11,22.1,7.57,10,3,clear,1544,86.97,severe
2681,1549,242.03,30.8,6.4,20,3,clear,2342,62.07,high
2682,464,132.57,44.2,3.5,11,5,rain,1790,32.88,medium
2683,701,91.87,42.0,7.63,14,2,clear,1583,43.92,medium
2684,707,135.18,40.7,5.23,19,2,clear,1449,45.48,medium
2685,289,68.0,60.2,4.25,13,5,clear,1530,13.7,low
2686,420,151.08,50.0,2.78,11,0,clear,1732,25.39,medium
2687,299,44.23,57.7,6.76,5,5,clear,2337,9.78,low
2688,841,198.35,42.0,4.24,19,3,clear,2033,38.41,medium
2689,1338,2230.0,46.2,0.6,2,3,clear,2812,39.29,medium
2690,486,91.35,45.9,5.32,8,4,clear,1206,46.19,medium
2691,273,78.67,58.6,3.47,4,3,clear,1688,11.61,low
2692,1293,179.33,34.1,7.21,19,3,fog,2884,39.08,medium
2693,610,247.97,34.6,2.46,4,3,fog,1553,30.27,medium
2694,1047,1203.45,30.0,0.87,19,3,fog,2760,41.28,medium
2695,410,54.23,40.9,7.56,15,0,rain,1084,35.92,medium
2696,2142,333.13,24.3,6.43,20,3,rain,2721,74.62,high
2697,243,87.41,54.4,2.78,14,6,clear,1308,16.71,low
2698,1035,285.91,41.2,3.62,20,1,clear,2347,44.46,medium
2699,736,566.15,44.9,1.3,2,0,clear,1876,35.51,medium
2700,1100,245.54,33.8,4.48,8,0,fog,2887,37.94,medium
2701,729,441.82,36.0,1.65,18,1,clear,1294,53.45,high
2702,686,140.0,31.9,4.9,22,1,rain,1707,48.06,medium
2703,296,80.65,51.0,3.67,20,5,clear,1700,13.9,low
2704,432,113.68,51.9,3.8,0,4,clear,1774,25.67,medium
2705,1120,284.26,26.8,3.94,16,1,rain,1747,68.21,high
2706,830,193.93,24.1,4.28,7,3,rain,1088,71.07,high
2707,540,259.62,23.1,2.08,20,0,storm,1332,46.89,medium
2708,396,237.13,32.0,1.67,4,2,fog,1100,38.88,medium
2709,498,216.52,39.5,2.3,18,2,fog,1458,34.75,medium
2710,1297,554.27,25.7,2.34,19,4,clear,1263,87.37,severe
2711,751,96.41,46.4,7.79,9,6,clear,2096,26.9,medium
2712,1059,151.72,28.2,6.98,13,3,fog,2489,54.65,high
2713,589,116.4,55.1,5.06,13,5,clear,2957,18.97,low
2714,868,526.06,23.3,1.65,12,1,fog,1355,63.56,high
2715,449,95.94,61.6,4.68,6,6,clear,2410,9.42,low
2716,1578,259.11,38.4,6.09,9,2,clear,2821,55.32,high
2717,1022,157.72,41.9,6.48,1,0,clear,2691,35.12,medium
2718,865,950.55,46.2,0.91,12,5,clear,2417,29.85,medium
2719,630,161.95,44.1,3.89,15,3,clear,1564,37.17,medium
2720,524,125.96,49.6,4.16,1,4,clear,2437,21.89,low
2721,444,67.68,38.5,6.56,22,2,rain,1620,31.47,medium
2722,283,252.68,54.7,1.12,18,2,clear,2645,9.91,low
2723,530,71.91,41.6,7.37,19,6,clear,1557,32.72,medium
2724,1241,183.04,45.7,6.78,18,3,clear,2921,35.83,medium
2725,126,30.81,59.6,4.09,7,1,clear,1993,5.41,low
2726,1005,328.43,30.3,3.06,12,2,rain,1572,70.99,high
2727,419,58.28,47.7,7.19,9,6,clear,1414,26.17,medium
2728,1918,1957.14,24.6,0.98,7,1,clear,2330,73.44,high
2729,1842,235.85,25.7,7.81,18,0,fog,2940,65.42,high
2730,217,55.08,47.8,3.94,22,6,clear,1193,24.08,low
2731,535,72.2,47.1,7.41,7,1,clear,1947,24.09,low
2732,421,408.74,49.9,1.03,14,0,clear,1259,31.15,medium
2733,496,175.27,35.3,2.83,4,0,fog,1377,34.35,medium
2734,324,49.92,49.0,6.49,21,5,clear,1035,29.47,medium
2735,167,49.55,60.4,3.37,22,5,clear,995,19.29,low
2736,1172,313.37,49.3,3.74,19,5,clear,2927,32.08,medium
2737,1232,412.04,13.7,2.99,7,3,rain,1303,95.21,severe
2738,669,562.18,34.0,1.19,17,3,clear,1150,46.46,medium
2739,528,194.83,50.9,2.71,16,6,clear,2478,17.36,low
2740,250,38.7,48.5,6.46,2,6,clear,888,21.18,low
2741,1298,168.13,14.8,7.72,1,1,storm,1695,74.73,high
2742,577,287.06,48.1,2.01,11,1,clear,2112,19.39,low
2743,511,107.58,50.1,4.75,21,2,clear,2821,10.73,low
2744,1291,164.67,31.5,7.84,4,4,fog,2826,45.45,medium
2745,1081,214.48,45.8,5.04,5,0,clear,2776,27.98,medium
2746,1902,627.72,17.1,3.03,5,0,storm,2638,69.86,high
2747,748,275.0,42.4,2.72,13,3,clear,2286,31.47,medium
2748,885,126.07,31.9,7.02,3,1,fog,2421,40.17,medium
2749,837,113.72,43.1,7.36,22,2,clear,2055,31.25,medium
2750,547,168.83,41.0,3.24,16,6,rain,1941,37.74,medium
2751,239,47.99,42.1,4.98,20,6,fog,1066,26.08,medium
2752,614,157.44,32.8,3.9,8,4,clear,942,63.85,high
2753,1475,204.58,30.7,7.21,18,1,rain,1953,63.17,high
2754,1653,256.28,14.1,6.45,18,0,rain,1780,87.33,severe
2755,1313,179.37,40.4,7.32,16,3,clear,2830,47.59,medium
2756,739,120.75,40.8,6.12,14,4,clear,2048,38.2,medium
2757,1492,318.8,38.3,4.68,3,3,clear,2931,48.26,medium
2758,730,170.16,36.2,4.29,9,4,rain,2218,26.44,medium
2759,1953,308.53,25.3,6.33,7,4,rain,2770,67.58,high
2760,925,158.39,35.6,5.84,19,1,clear,1500,54.87,high
2761,572,137.5,48.2,4.16,12,6,clear,2340,25.79,medium
2762,403,165.84,49.8,2.43,5,4,clear,1298,18.87,low
2763,2754,2503.64,19.4,1.1,8,3,clear,2974,94.42,severe
2764,491,78.69,49.4,6.24,8,1,clear,1244,37.07,medium
2765,750,167.41,40.4,4.48,2,4,clear,1828,43.3,medium
2766,264,169.23,46.7,1.56,22,2,clear,807,28.05,medium
2767,577,88.63,49.5,6.51,11,6,clear,2617,19.62,low
2768,757,149.31,14.1,5.07,18,2,rain,829,82.87,severe
2769,2385,740.68,24.8,3.22,18,2,clear,2635,82.38,severe
2770,463,275.6,45.2,1.68,16,2,rain,2014,15.82,low
2771,595,201.69,50.6,2.95,7,4,clear,2131,29.44,medium
2772,1006,336.45,48.1,2.99,16,0,clear,2403,33.49,medium
2773,486,80.87,58.1,6.01,14,5,clear,2971,14.8,low
2774,569,90.89,49.8,6.26,11,4,clear,2454,23.59,low
2775,509,176.12,44.8,2.89,2,4,clear,1891,22.42,low
2776,2130,434.69,10.3,4.9,10,2,rain,2117,98.82,severe
2777,449,160.93,48.2,2.79,2,2,clear,1367,30.58,medium
2778,296,84.81,46.9,3.49,6,1,clear,1016,35.08,medium
2779,516,245.71,41.5,2.1,14,1,clear,1352,37.9,medium
2780,611,121.23,43.6,5.04,17,2,clear,1248,40.85,medium
2781,826,419.29,42.2,1.97,20,6,clear,2279,42.95,medium
2782,448,140.44,38.5,3.19,6,3,clear,988,38.65,medium
2783,526,77.24,51.4,6.81,20,2,clear,2032,21.14,low
2784,179,337.74,48.3,0.53,21,6,rain,1342,11.98,low
2785,1180,848.92,39.7,1.39,13,4,clear,2842,35.99,medium
2786,890,209.91,46.9,4.24,8,5,clear,2720,19.9,low
2787,183,81.7,44.9,2.24,1,2,rain,858,19.97,low
2788,170,60.5,61.4,2.81,15,6,clear,2145,8.3,low
2789,198,27.39,50.9,7.23,0,6,clear,987,27.02,medium
2790,397,64.66,48.0,6.14,22,0,clear,1168,26.48,medium
2791,268,49.45,53.9,5.42,20,6,clear,2188,5.51,low
2792,260,118.72,50.4,2.19,21,5,clear,1172,20.4,low
2793,810,385.71,30.6,2.1,16,1,fog,2018,42.38,medium
2794,89,35.89,59.3,2.48,15,5,clear,863,5.91,low
2795,355,48.3,34.6,7.35,11,5,storm,2212,21.53,low
2796,1414,1536.96,6.6,0.92,17,1,rain,1291,100.0,severe
2797,434,76.68,45.5,5.66,10,5,clear,1398,26.45,medium
2798,673,190.11,50.3,3.54,16,5,clear,2725,21.16,low
2799,908,156.82,48.1,5.79,7,2,clear,2751,27.64,medium
2800,554,167.37,32.2,3.31,20,5,storm,1937,30.96,medium
2801,775,469.7,48.6,1.65,4,2,clear,2675,28.57,medium
2802,335,51.22,36.2,6.54,0,2,rain,810,39.89,medium
2803,1415,186.92,16.2,7.57,9,1,rain,1587,84.16,severe
2804,1077,1631.82,41.1,0.66,2,2,clear,2726,37.86,medium
2805,874,111.34,33.5,7.85,18,3,fog,2028,41.76,medium
2806,965,134.4,38.4,7.18,9,6,rain,2018,45.03,medium
2807,744,145.88,30.4,5.1,11,2,fog,1638,47.11,medium
2808,712,108.54,41.8,6.56,6,2,clear,1401,43.76,medium
2809,396,126.52,52.1,3.13,19,2,clear,1384,22.38,low
2810,346,69.48,34.4,4.98,18,5,rain,842,42.65,medium
2811,399,66.61,52.8,5.99,9,5,clear,1230,32.16,medium
2812,740,190.23,36.8,3.89,13,4,fog,2509,38.54,medium
2813,835,120.84,39.5,6.91,18,1,clear,1878,44.4,medium
2814,895,119.17,44.7,7.51,0,0,clear,2529,34.39,medium
2815,1671,752.7,37.2,2.22,17,5,clear,2746,53.81,high
2816,1000,300.3,43.4,3.33,2,0,clear,2215,43.49,medium
2817,1678,987.06,20.2,1.7,8,1,clear,1681,97.39,severe
2818,903,114.89,44.1,7.86,23,2,rain,2410,30.72,medium
2819,527,91.65,44.3,5.75,2,2,clear,1391,34.55,medium
2820,1529,1513.86,31.2,1.01,20,1,fog,2878,46.35,medium
2821,509,71.19,39.1,7.15,2,5,fog,1829,21.31,low
2822,934,476.53,30.9,1.96,17,0,clear,1299,66.12,high
2823,470,79.12,51.2,5.94,14,5,clear,2236,21.82,low
2824,273,36.6,51.5,7.46,21,3,clear,1656,15.87,low
2825,360,120.81,41.9,2.98,11,2,storm,1610,19.72,low
2826,1584,346.61,31.0,4.57,12,4,rain,2870,52.08,high
2827,131,21.41,53.3,6.12,16,5,clear,1013,9.68,low
2828,1262,349.58,27.1,3.61,7,3,clear,1865,69.16,high
2829,1532,549.1,25.7,2.79,17,3,rain,2477,71.27,high
2830,229,189.26,48.1,1.21,14,6,rain,1438,10.72,low
2831,757,282.46,30.0,2.68,5,3,rain,1565,44.02,medium
2832,755,100.4,44.9,7.52,16,6,clear,1917,31.65,medium
2833,1077,742.76,40.0,1.45,8,6,rain,2735,38.03,medium
2834,278,361.04,53.3,0.77,3,6,clear,999,16.92,low
2835,1948,277.89,17.3,7.01,7,1,storm,2895,74.08,high
2836,923,174.15,32.3,5.3,6,3,rain,1640,51.35,high
2837,1472,500.68,33.8,2.94,8,0,fog,2883,47.46,medium
2838,342,120.0,47.6,2.85,14,5,rain,1756,20.55,low
2839,2442,578.67,24.0,4.22,18,4,clear,2799,75.33,severe
2840,1467,225.0,34.1,6.52,7,2,clear,2255,54.97,high
2841,1227,259.41,37.0,4.73,22,2,rain,2512,48.47,medium
2842,159,22.71,54.9,7.0,22,5,clear,891,10.23,low
2843,516,92.47,49.8,5.58,2,5,clear,1921,23.14,low
2844,251,174.31,49.1,1.44,15,5,clear,999,18.48,low
2845,531,312.35,50.6,1.7,21,1,clear,1627,19.04,low
2846,573,163.25,46.4,3.51,16,3,clear,1487,37.56,medium
2847,1971,600.91,28.0,3.28,7,0,clear,2545,71.6,high
2848,1224,1942.86,49.5,0.63,12,4,clear,2917,40.41,medium
2849,699,100.58,25.0,6.95,14,2,storm,1489,52.81,high
2850,585,769.74,49.2,0.76,11,5,clear,2413,28.03,medium
2851,1069,188.54,37.8,5.67,2,0,fog,2166,44.78,medium
2852,490,63.31,55.4,7.74,9,6,clear,2399,15.67,low
2853,657,116.9,51.4,5.62,20,5,clear,2173,24.97,low
2854,1098,451.85,39.6,2.43,13,1,rain,2619,35.43,medium
2855,581,472.36,36.8,1.23,6,0,rain,1704,39.54,medium
2856,1235,164.45,45.1,7.51,17,5,clear,2662,44.73,medium
2857,1270,450.35,36.8,2.82,19,1,clear,2286,52.07,high
2858,238,109.68,50.3,2.17,4,5,clear,1065,28.75,medium
2859,463,487.37,53.5,0.95,22,4,clear,2042,18.2,low
2860,1128,142.07,17.3,7.94,18,3,rain,1177,81.37,severe
2861,160,38.0,52.9,4.21,15,5,clear,1032,25.54,medium
2862,1171,300.26,20.1,3.9,7,0,clear,1502,75.1,severe
2863,911,171.89,40.2,5.3,2,0,clear,2266,39.34,medium
2864,634,660.42,43.3,0.96,13,6,fog,2556,20.22,low
2865,534,71.68,39.5,7.45,10,5,rain,1484,27.72,medium
2866,656,138.11,48.5,4.75,12,5,clear,2457,26.23,medium
2867,511,408.8,35.0,1.25,13,4,rain,1246,42.32,medium
2868,725,153.28,49.7,4.73,2,0,clear,2957,23.18,low
2869,292,46.57,52.2,6.27,3,1,clear,1260,16.79,low
2870,282,40.4,49.0,6.98,11,5,clear,1173,16.29,low
2871,913,163.04,42.6,5.6,12,1,clear,2093,40.68,medium
2872,565,288.27,24.7,1.96,15,2,storm,1550,44.82,medium
2873,475,63.33,48.5,7.5,15,6,clear,1580,29.25,medium
2874,712,241.36,35.9,2.95,8,2,clear,1100,58.59,high
2875,1311,203.89,30.3,6.43,19,6,rain,2405,50.05,high
2876,93,34.57,56.5,2.69,0,5,clear,2190,5.04,low
2877,461,76.45,27.5,6.03,3,2,storm,1134,44.35,medium
2878,210,269.23,55.6,0.78,5,1,rain,2261,11.47,low
2879,317,51.38,45.0,6.17,20,1,clear,934,31.7,medium
2880,341,69.59,45.9,4.9,4,4,clear,1419,26.09,medium
2881,751,408.15,51.2,1.84,4,0,clear,2968,14.58,low
2882,664,113.31,43.4,5.86,15,6,rain,2346,23.33,low
2883,1190,583.33,36.5,2.04,22,2,rain,2905,41.97,medium
2884,603,301.5,35.3,2.0,14,4,rain,1760,42.32,medium
2885,488,220.81,46.8,2.21,2,4,clear,1551,33.93,medium
2886,967,826.5,41.3,1.17,4,1,clear,2450,40.6,medium
2887,977,311.15,46.7,3.14,14,6,clear,2858,27.85,medium
2888,735,102.94,51.1,7.14,9,2,clear,2890,25.32,medium
2889,534,72.16,41.5,7.4,3,6,clear,1562,23.89,low
2890,579,188.6,49.6,3.07,4,2,clear,2757,17.83,low
2891,450,193.97,50.6,2.32,16,6,clear,1472,24.56,low
2892,673,91.44,48.6,7.36,4,3,clear,1897,22.75,low
2893,865,155.58,38.1,5.56,23,0,rain,1774,43.45,medium
2894,853,140.53,39.2,6.07,3,4,rain,2886,32.32,medium
2895,1142,175.69,20.7,6.5,21,4,storm,2573,52.4,high
2896,1462,186.01,36.6,7.86,8,3,clear,2834,44.22,medium
2897,1175,903.85,43.2,1.3,22,1,clear,2762,39.87,medium
2898,721,595.87,39.2,1.21,23,2,rain,1675,38.67,medium
2899,568,873.85,41.6,0.65,9,4,clear,2225,22.71,low
2900,845,256.06,21.2,3.3,8,6,storm,1400,62.7,high
2901,241,86.38,43.8,2.79,23,5,rain,1059,24.14,low
2902,848,368.7,47.5,2.3,23,6,clear,2502,24.19,low
2903,537,211.42,43.1,2.54,13,1,rain,1781,33.24,medium
2904,1599,203.69,18.1,7.85,9,0,storm,2763,59.73,high
2905,869,111.27,36.3,7.81,0,5,rain,2126,41.44,medium
2906,446,91.58,50.8,4.87,15,3,clear,1290,28.32,medium
2907,477,486.73,36.3,0.98,12,0,fog,1364,33.48,medium
2908,631,133.4,50.0,4.73,18,3,clear,2644,28.04,medium
2909,1238,167.3,29.5,7.4,15,4,rain,2462,51.21,high
2910,463,123.8,52.1,3.74,15,5,clear,2575,11.48,low
2911,576,134.89,38.3,4.27,16,6,fog,2419,24.4,low
2912,1162,210.13,42.1,5.53,1,1,clear,2513,45.52,medium
2913,1169,215.29,32.2,5.43,13,1,rain,2828,40.93,medium
2914,392,286.13,50.4,1.37,12,3,clear,1339,25.03,medium
2915,503,113.03,50.2,4.45,6,6,clear,2141,18.98,low
2916,1282,496.9,39.3,2.58,7,3,clear,2348,54.93,high
2917,1307,299.08,43.8,4.37,20,0,clear,2925,37.19,medium
2918,660,210.19,30.5,3.14,19,4,clear,886,70.92,high
2919,707,170.36,44.2,4.15,22,1,clear,1578,48.24,medium
2920,742,93.69,35.4,7.92,16,1,fog,1900,45.98,medium
2921,786,108.26,44.9,7.26,22,0,clear,2262,32.22,medium
2922,1460,299.79,37.1,4.87,18,0,fog,2965,43.85,medium
2923,645,358.33,49.8,1.8,6,5,clear,2674,26.09,medium
2924,693,624.32,39.5,1.11,12,2,fog,2206,28.64,medium
2925,747,139.89,48.4,5.34,13,3,clear,1866,30.55,medium
2926,594,276.28,37.8,2.15,3,5,fog,2252,32.62,medium
2927,656,119.06,39.9,5.51,19,6,clear,1512,39.47,medium
2928,1294,770.24,20.8,1.68,7,4,rain,1392,80.52,severe
2929,891,150.25,40.9,5.93,7,6,clear,1891,48.51,medium
2930,317,223.24,34.0,1.42,12,3,storm,1146,25.32,medium
2931,310,85.87,45.3,3.61,22,5,fog,1545,19.2,low
2932,676,314.42,39.4,2.15,8,4,clear,1310,51.43,high
2933,403,463.22,50.9,0.87,4,4,clear,1929,9.92,low
2934,1072,368.38,45.6,2.91,22,5,clear,2984,36.16,medium
2935,254,44.72,47.7,5.68,9,6,clear,901,19.08,low
2936,2357,906.54,22.2,2.6,10,4,rain,2789,81.31,severe
2937,1225,158.68,45.3,7.72,12,0,clear,2683,34.86,medium
2938,760,100.0,38.7,7.6,22,0,fog,1875,36.33,medium
2939,267,240.54,54.4,1.11,4,0,clear,1456,11.81,low
2940,1105,528.71,41.6,2.09,0,4,clear,2561,40.58,medium
2941,693,160.42,36.3,4.32,21,3,clear,1548,45.57,medium
2942,743,283.59,42.9,2.62,5,4,clear,1940,29.54,medium
2943,794,389.22,36.4,2.04,18,1,clear,1439,52.71,high
2944,486,339.86,42.0,1.43,9,3,clear,1296,29.39,medium
2945,774,329.36,36.1,2.35,8,5,clear,1391,52.89,high
2946,1497,393.95,30.4,3.8,21,1,clear,2262,60.59,high
2947,387,51.06,58.2,7.58,12,6,clear,1886,17.51,low
2948,899,141.57,39.2,6.35,3,6,fog,2330,42.62,medium
2949,410,153.56,36.5,2.67,10,6,rain,1076,34.29,medium
2950,542,124.03,39.6,4.37,21,6,fog,2636,29.57,medium
2951,861,327.38,43.7,2.63,21,6,clear,2791,27.38,medium
2952,712,133.33,39.9,5.34,6,2,rain,1633,38.96,medium
2953,785,229.53,45.6,3.42,15,5,clear,1841,44.41,medium
2954,119,47.98,61.4,2.48,13,5,clear,1461,12.68,low
2955,821,132.85,44.2,6.18,1,3,clear,2481,31.79,medium
2956,1172,152.21,37.4,7.7,6,2,rain,2395,43.64,medium
2957,2250,792.25,28.1,2.84,9,0,clear,2926,66.26,high
2958,799,168.21,45.4,4.75,12,2,clear,2417,25.0,medium
2959,1213,196.28,23.9,6.18,9,1,clear,1428,74.24,high
2960,484,159.74,48.7,3.03,3,4,clear,2751,20.26,low
2961,1583,276.75,4.0,5.72,7,2,storm,1483,100.0,severe
2962,385,223.84,45.1,1.72,10,6,clear,885,43.9,medium
2963,456,85.71,42.7,5.32,19,1,clear,914,37.24,medium
2964,485,131.44,45.7,3.69,10,4,clear,1160,35.42,medium
2965,1518,297.06,33.7,5.11,19,1,rain,2641,55.31,high
2966,439,83.78,44.9,5.24,22,0,clear,1799,18.94,low
2967,1179,448.29,34.8,2.63,19,2,clear,2031,58.85,high
2968,726,115.97,41.2,6.26,8,6,clear,1670,36.8,medium
2969,20,8.66,60.5,2.31,17,5,clear,2036,0.0,low
2970,1654,272.04,31.0,6.08,10,2,clear,2577,59.83,high
2971,282,52.13,45.2,5.41,0,4,clear,986,28.57,medium
2972,716,101.27,37.4,7.07,8,4,fog,2702,30.17,medium
2973,513,175.09,56.8,2.93,7,0,clear,2874,16.24,low
2974,651,92.47,54.6,7.04,6,5,clear,2150,24.16,low
2975,470,59.57,40.1,7.89,1,4,clear,1249,42.9,medium
2976,660,119.57,50.5,5.52,6,6,clear,2571,20.33,low
2977,476,81.23,41.1,5.86,6,5,fog,2524,23.31,low
2978,297,330.0,40.2,0.9,22,5,rain,971,28.04,medium
2979,567,113.63,29.1,4.99,1,6,storm,1652,41.95,medium
2980,301,74.14,53.8,4.06,21,6,clear,2485,10.88,low
2981,1094,252.66,41.4,4.33,0,5,rain,2661,28.85,medium
2982,1263,1754.17,34.3,0.72,19,2,clear,2435,52.87,high
2983,806,131.7,44.6,6.12,22,3,fog,2193,36.32,medium
2984,489,111.39,50.6,4.39,3,6,clear,2304,16.07,low
2985,465,102.88,47.8,4.52,0,0,clear,1121,34.88,medium
2986,732,106.24,38.2,6.89,7,3,clear,1348,55.77,high
2987,480,60.38,45.4,7.95,14,1,clear,1514,34.81,medium
2988,418,53.45,50.0,7.82,9,4,clear,1166,30.11,medium
2989,1079,165.49,30.5,6.52,2,4,rain,2612,46.49,medium
2990,424,140.4,48.6,3.02,23,1,clear,1594,23.17,low
2991,1532,238.26,39.7,6.43,17,2,clear,2743,47.51,medium
2992,575,120.29,46.0,4.78,15,2,clear,1924,27.84,medium
2993,1232,313.49,40.0,3.93,23,2,clear,2356,46.19,medium
2994,295,40.8,45.2,7.23,2,1,clear,916,34.4,medium
2995,1659,3252.94,8.7,0.51,20,4,rain,1595,94.91,severe
2996,832,108.33,48.2,7.68,10,6,clear,2389,34.56,medium
2997,340,167.49,47.1,2.03,2,1,clear,1097,29.18,medium
2998,837,151.36,21.1,5.53,3,2,fog,1170,75.27,severe
2999,230,112.75,45.1,2.04,0,6,clear,1149,21.31,low
3000,580,135.2,48.7,4.29,9,4,clear,1766,23.94,low
3001,275,63.66,50.3,4.32,8,5,clear,1039,19.03,low
3002,360,59.11,37.5,6.09,3,3,rain,896,39.48,medium
3003,290,46.47,48.3,6.24,1,6,clear,1166,21.02,low
3004,2236,361.23,23.4,6.19,10,0,clear,2537,80.48,severe
3005,818,106.93,42.3,7.65,3,5,clear,2150,32.47,medium
3006,690,103.76,48.4,6.65,11,0,clear,2217,15.65,low
3007,423,423.0,50.8,1.0,18,4,clear,2012,24.08,low
3008,2046,444.78,13.7,4.6,20,2,storm,2613,79.67,severe
3009,456,63.78,37.2,7.15,3,1,fog,1458,40.15,medium
3010,576,211.76,40.9,2.72,11,3,rain,1930,31.34,medium
3011,798,1330.0,45.5,0.6,22,3,clear,2310,34.73,medium
3012,552,80.47,44.5,6.86,0,4,clear,1485,33.77,medium
3013,620,321.24,30.1,1.93,23,2,rain,1011,61.51,high
3014,1269,315.67,25.1,4.02,21,0,storm,2899,47.75,medium
3015,763,112.87,37.3,6.76,17,4,clear,1337,51.23,high
3016,1011,145.26,30.0,6.96,12,1,rain,1765,53.92,high
3017,515,139.57,37.3,3.69,18,6,clear,1144,44.78,medium
3018,831,120.26,36.7,6.91,16,6,fog,2234,30.5,medium
3019,884,119.78,38.6,7.38,19,3,fog,2577,35.18,medium
3020,421,339.52,48.0,1.24,3,5,clear,1839,22.9,low
3021,497,64.55,38.9,7.7,14,3,clear,1072,47.12,medium
3022,688,174.62,30.0,3.94,8,0,storm,1604,42.64,medium
3023,1356,178.42,33.2,7.6,9,6,clear,2158,62.91,high
3024,1388,1430.93,29.5,0.97,7,6,rain,2351,52.18,high
3025,1127,156.75,40.9,7.19,15,5,fog,2980,36.35,medium
3026,2193,716.67,25.0,3.06,9,1,clear,2684,73.35,high
3027,559,83.68,37.2,6.68,2,4,rain,1208,48.9,medium
3028,694,160.65,45.8,4.32,5,6,clear,2631,29.75,medium
3029,1492,479.74,28.0,3.11,9,1,rain,2458,50.05,high
3030,282,62.11,41.4,4.54,23,5,fog,1512,21.75,low
3031,637,85.5,44.5,7.45,1,6,clear,2512,19.83,low
3032,269,38.99,59.2,6.9,18,1,clear,2824,4.68,low
3033,514,115.77,44.1,4.44,14,2,clear,1297,38.09,medium
3034,448,128.37,46.1,3.49,15,4,clear,1700,25.37,medium
3035,1266,2344.44,40.4,0.54,18,6,clear,2286,50.74,high
3036,553,164.09,45.7,3.37,15,6,clear,1395,32.31,medium
3037,247,265.59,49.3,0.93,0,6,clear,1110,25.36,medium
3038,1382,324.41,36.6,4.26,3,2,rain,2464,50.05,high
3039,784,130.67,46.2,6.0,2,2,clear,2160,32.78,medium
3040,281,56.88,44.4,4.94,14,5,clear,1382,26.93,medium
3041,1194,189.52,23.3,6.3,19,6,rain,1579,68.51,high
3042,842,223.34,38.0,3.77,14,4,fog,2980,28.8,medium
3043,472,83.69,51.1,5.64,23,5,clear,2517,16.76,low
3044,648,88.4,35.5,7.33,6,2,fog,1706,40.33,medium
3045,2078,1282.72,23.3,1.62,10,0,rain,2371,85.95,severe
3046,1082,143.88,45.8,7.52,11,1,clear,2614,34.42,medium
3047,571,99.83,49.8,5.72,0,1,clear,2430,27.31,medium
3048,334,315.09,53.4,1.06,0,6,clear,1625,19.3,low
3049,1347,241.4,26.4,5.58,9,2,clear,1654,70.57,high
3050,956,144.19,41.1,6.63,14,0,clear,1958,41.79,medium
3051,764,570.15,46.2,1.34,2,2,clear,1745,36.15,medium
3052,988,978.22,33.9,1.01,14,2,clear,1592,53.01,high
3053,948,214.0,40.1,4.43,4,1,clear,1763,51.02,high
3054,1299,236.61,43.2,5.49,20,5,rain,2998,38.55,medium
3055,424,104.43,37.7,4.06,1,5,fog,1215,34.34,medium
3056,463,152.3,51.6,3.04,23,4,clear,2686,12.66,low
3057,551,390.78,44.2,1.41,6,2,rain,2968,22.25,low
3058,551,80.32,15.0,6.86,18,6,storm,836,60.96,high
3059,878,135.49,32.8,6.48,20,3,fog,1916,53.23,high
3060,1027,1141.11,11.3,0.9,8,4,rain,957,100.0,severe
3061,361,55.28,56.2,6.53,16,1,clear,2003,16.05,low
3062,923,165.41,46.3,5.58,16,5,clear,2429,38.57,medium
3063,430,573.33,43.1,0.75,2,1,clear,1356,25.88,medium
3064,1038,301.74,31.0,3.44,1,3,rain,1930,50.41,high
3065,408,89.67,48.8,4.55,15,5,clear,1278,24.57,low
3066,1558,568.61,33.7,2.74,10,4,clear,2521,56.84,high
3067,1186,648.09,24.6,1.83,10,4,rain,1658,72.43,high
3068,2283,750.99,21.6,3.04,8,6,rain,2766,76.62,severe
3069,20,3.36,59.9,5.96,1,6,clear,2745,2.58,low
3070,389,82.77,40.9,4.7,11,4,fog,2088,18.13,low
3071,516,154.49,40.1,3.34,7,4,clear,1045,40.4,medium
3072,538,227.97,53.8,2.36,0,2,clear,2704,21.58,low
3073,1009,185.82,28.0,5.43,19,2,clear,1329,71.89,high
3074,1149,209.67,36.8,5.48,8,4,clear,1925,61.7,high
3075,494,126.99,24.6,3.89,3,4,storm,1095,53.94,high
3076,895,273.7,46.0,3.27,13,4,clear,2347,36.3,medium
3077,364,204.49,45.3,1.78,7,2,clear,1137,26.15,medium
3078,814,957.65,50.5,0.85,16,2,clear,2503,31.29,medium
3079,1701,850.5,41.8,2.0,20,3,clear,2799,52.92,high
3080,819,273.91,33.4,2.99,7,3,clear,1032,73.91,high
3081,687,114.12,29.9,6.02,3,1,rain,1110,58.65,high
3082,1223,413.18,38.2,2.96,0,4,clear,2864,45.89,medium
3083,891,1086.59,36.3,0.82,17,4,fog,2230,42.51,medium
3084,485,181.65,40.6,2.67,22,6,clear,1249,40.8,medium
3085,1326,597.3,37.3,2.22,13,4,fog,2930,44.43,medium
3086,694,290.38,38.5,2.39,23,5,clear,1399,46.66,medium
3087,1842,354.91,25.3,5.19,10,2,fog,2564,66.86,high
3088,733,127.48,52.0,5.75,15,4,clear,2824,21.15,low
3089,488,117.03,41.3,4.17,9,5,clear,921,39.38,medium
3090,1419,195.45,32.0,7.26,2,3,rain,2899,48.09,medium
3091,286,72.41,50.1,3.95,15,2,clear,1715,17.66,low
3092,2030,2569.62,26.1,0.79,19,3,clear,2165,89.96,severe
3093,1440,213.33,25.8,6.75,10,0,rain,2367,58.03,high
3094,653,1145.61,48.3,0.57,6,1,clear,2519,29.84,medium
3095,1159,181.09,23.0,6.4,6,1,storm,1895,65.15,high
3096,712,132.59,45.0,5.37,20,6,clear,1744,32.5,medium
3097,441,79.03,46.7,5.58,14,1,clear,1186,29.27,medium
3098,633,383.64,30.1,1.65,21,3,fog,1095,52.28,high
3099,85,22.91,54.9,3.71,3,1,clear,1931,11.94,low
3100,1030,132.9,43.8,7.75,17,5,clear,2598,32.68,medium
3101,942,137.12,38.4,6.87,9,3,clear,1829,52.5,high
3102,280,245.61,56.2,1.14,22,6,clear,1972,17.62,low
3103,1217,223.71,37.8,5.44,22,1,clear,2861,37.9,medium
3104,451,98.9,45.6,4.56,13,3,clear,1154,37.89,medium
3105,540,129.19,47.3,4.18,12,6,clear,1481,32.83,medium
3106,468,246.32,51.1,1.9,8,5,clear,1845,25.34,medium
3107,774,151.76,46.1,5.1,22,4,clear,2125,32.71,medium
3108,840,107.97,39.5,7.78,19,5,clear,2010,32.06,medium
3109,1375,368.63,27.8,3.73,16,0,rain,2748,53.42,high
3110,1320,1245.28,29.6,1.06,3,0,rain,2157,66.64,high
3111,749,230.46,38.8,3.25,22,2,rain,1428,50.47,high
3112,1300,206.68,34.9,6.29,8,2,rain,2272,48.36,medium
3113,536,83.49,49.9,6.42,2,6,clear,2319,22.2,low
3114,238,50.75,51.9,4.69,19,1,clear,839,18.44,low
3115,822,242.48,31.2,3.39,9,0,rain,1213,63.91,high
3116,608,779.49,43.8,0.78,9,2,clear,1443,33.73,medium
3117,401,60.94,54.0,6.58,1,6,clear,1508,16.18,low
3118,1063,390.81,43.9,2.72,0,2,clear,2530,36.45,medium
3119,491,154.4,43.6,3.18,22,1,rain,1611,34.35,medium
3120,1308,264.78,22.4,4.94,20,4,rain,1583,77.24,severe
3121,643,130.96,54.7,4.91,23,1,clear,2476,25.45,medium
3122,1087,734.46,29.7,1.48,20,5,rain,2147,45.9,medium
3123,1099,276.83,36.8,3.97,19,5,clear,1990,50.67,high
3124,700,223.64,47.0,3.13,0,6,clear,2654,23.28,low
3125,205,59.42,55.3,3.45,0,6,clear,1549,15.9,low
3126,700,151.19,45.2,4.63,4,2,clear,1938,35.4,medium
3127,550,79.25,44.0,6.94,15,2,clear,1323,28.69,medium
3128,623,206.29,54.2,3.02,16,5,clear,2434,19.5,low
3129,917,413.06,15.2,2.22,17,3,rain,999,87.45,severe
3130,130,17.24,55.7,7.54,14,6,clear,1385,11.4,low
3131,620,378.05,37.4,1.64,19,5,clear,1160,50.38,high
3132,2196,1103.52,27.9,1.99,19,0,clear,2927,75.16,severe
3133,1908,431.67,13.6,4.42,17,4,rain,2148,91.16,severe
3134,947,200.21,45.9,4.73,8,5,clear,2297,36.5,medium
3135,913,308.45,41.9,2.96,10,4,clear,2154,41.03,medium
3136,424,57.84,29.1,7.33,14,1,fog,1124,42.72,medium
3137,854,137.96,49.7,6.19,23,4,clear,2339,36.28,medium
3138,2102,301.58,13.9,6.97,7,4,rain,2183,94.68,severe
3139,1810,434.05,32.8,4.17,8,2,clear,2880,53.64,high
3140,132,23.78,38.4,5.55,10,6,storm,1060,16.0,low
3141,192,31.42,44.5,6.11,11,6,fog,1702,10.57,low
3142,885,233.51,42.7,3.79,0,0,clear,2557,36.36,medium
3143,484,71.92,43.3,6.73,21,1,clear,1084,32.77,medium
3144,287,36.98,49.7,7.76,22,1,clear,940,23.76,low
3145,598,246.09,40.4,2.43,20,6,clear,1141,47.89,medium
3146,900,234.99,6.2,3.83,10,4,storm,965,91.78,severe
3147,345,48.18,35.1,7.16,22,1,fog,1009,35.3,medium
3148,830,110.08,24.4,7.54,17,2,rain,1098,66.17,high
3149,647,110.22,51.2,5.87,17,5,clear,2274,18.47,low
3150,622,118.03,47.6,5.27,13,0,clear,2456,26.7,medium
3151,390,74.14,54.1,5.26,16,1,clear,2480,15.41,low
3152,762,1088.57,53.1,0.7,8,5,clear,2989,25.79,medium
3153,793,141.61,36.5,5.6,15,4,rain,1533,50.47,high
3154,683,187.12,46.8,3.65,22,4,clear,2219,27.46,medium
3155,1396,208.36,34.1,6.7,16,4,clear,2139,55.5,high
3156,483,164.85,45.1,2.93,11,2,clear,1244,29.14,medium
3157,345,188.52,45.5,1.83,14,5,clear,1090,25.28,medium
3158,379,168.44,41.6,2.25,9,6,clear,877,36.71,medium
3159,1157,1134.31,39.1,1.02,12,5,rain,2940,37.95,medium
3160,357,68.92,42.2,5.18,19,1,clear,811,35.84,medium
3161,477,954.0,52.7,0.5,17,6,clear,2871,10.97,low
3162,437,397.27,39.9,1.1,6,0,rain,1375,32.68,medium
3163,431,334.11,51.0,1.29,22,5,clear,2176,16.29,low
3164,750,134.89,46.9,5.56,15,0,clear,1997,33.6,medium
3165,930,171.27,40.9,5.43,1,4,clear,1890,45.04,medium
3166,1004,230.8,42.8,4.35,15,2,clear,2703,39.71,medium
3167,1310,226.25,34.6,5.79,20,2,clear,1995,55.44,high
3168,810,149.72,54.4,5.41,14,1,clear,2782,26.22,medium
3169,271,50.47,48.3,5.37,16,3,clear,948,19.67,low
3170,2634,369.42,4.0,7.13,10,1,storm,2714,100.0,severe
3171,467,103.55,25.9,4.51,0,2,storm,1069,46.0,medium
3172,408,63.06,36.2,6.47,6,4,storm,1708,31.93,medium
3173,822,318.6,35.8,2.58,11,4,rain,2062,34.8,medium
3174,556,90.7,34.9,6.13,10,0,clear,943,54.68,high
3175,924,352.67,34.4,2.62,5,0,clear,1649,53.1,high
3176,215,35.71,48.9,6.02,5,3,clear,854,19.89,low
3177,1160,156.33,24.1,7.42,20,5,storm,2594,57.49,high
3178,1360,200.59,40.0,6.78,19,2,clear,2577,43.15,medium
3179,203,38.01,54.6,5.34,19,4,clear,939,16.27,low
3180,1547,253.19,24.2,6.11,7,3,clear,1913,75.0,severe
3181,1420,209.13,37.5,6.79,14,2,clear,2884,46.63,medium
3182,884,161.9,41.8,5.46,2,1,clear,1759,43.21,medium
3183,488,156.41,49.0,3.12,1,1,clear,1712,24.75,low
3184,1390,277.45,22.7,5.01,8,1,rain,1908,75.78,severe
3185,1438,186.51,22.0,7.71,19,0,rain,1802,71.57,high
3186,976,179.74,26.9,5.43,19,1,rain,1451,59.27,high
3187,830,171.84,15.0,4.83,3,1,storm,1272,66.73,high
3188,1173,550.7,37.5,2.13,21,4,rain,2948,38.47,medium
3189,850,508.98,47.8,1.67,4,0,clear,2736,23.38,low
3190,362,247.95,55.6,1.46,21,6,clear,1794,15.05,low
3191,757,146.14,31.8,5.18,20,0,clear,1092,58.29,high
3192,180,206.9,45.9,0.87,6,2,rain,1039,12.42,low
3193,805,533.11,53.4,1.51,17,4,clear,2728,29.07,medium
3194,819,470.69,45.5,1.74,19,6,clear,2433,34.96,medium
3195,1133,192.36,51.8,5.89,12,5,clear,2878,22.83,low
3196,311,64.12,44.7,4.85,0,2,clear,827,25.8,medium
3197,830,186.52,47.4,4.45,22,1,clear,1841,35.47,medium
3198,202,29.49,52.8,6.85,6,6,clear,1587,7.66,low
3199,1152,530.88,42.6,2.17,15,1,clear,2011,46.96,medium
3200,703,415.98,19.2,1.69,11,0,storm,1512,54.66,high
3201,1425,510.75,29.5,2.79,11,0,rain,1992,68.49,high
3202,249,32.3,54.5,7.71,15,6,clear,2450,12.99,low
3203,319,55.77,59.4,5.72,2,5,clear,2227,12.53,low
3204,480,173.91,36.7,2.76,15,1,fog,1644,30.76,medium
3205,750,281.95,50.3,2.66,17,6,clear,2043,28.0,medium
3206,580,491.53,42.6,1.18,14,3,clear,1296,38.15,medium
3207,694,102.97,49.3,6.74,1,3,clear,2871,26.16,medium
3208,130,28.89,48.8,4.5,6,6,rain,980,14.77,low
3209,770,114.24,31.9,6.74,14,0,fog,2137,34.96,medium
3210,806,139.21,36.6,5.79,7,2,rain,1958,38.63,medium
3211,351,62.46,46.9,5.62,12,0,clear,954,35.61,medium
3212,324,184.09,40.8,1.76,23,1,fog,2316,13.97,low
3213,285,39.31,39.1,7.25,6,5,fog,1361,29.2,medium
3214,458,61.07,47.3,7.5,11,3,clear,1422,26.33,medium
3215,2188,835.11,5.4,2.62,9,0,rain,1788,100.0,severe
3216,1639,1064.29,9.5,1.54,7,2,rain,1421,100.0,severe
3217,189,60.0,55.6,3.15,16,6,clear,1122,11.73,low
3218,200,67.8,55.0,2.95,2,0,rain,1852,14.05,low
3219,646,91.5,37.7,7.06,18,0,clear,982,53.81,high
3220,391,724.07,52.3,0.54,15,5,clear,2758,5.06,low
3221,677,118.36,30.7,5.72,10,3,storm,1825,38.21,medium
3222,395,92.29,50.1,4.28,6,0,clear,1808,21.44,low
3223,1047,265.06,26.3,3.95,18,0,clear,1294,68.73,high
3224,963,194.55,34.4,4.95,13,3,rain,2175,45.08,medium
3225,1480,993.29,26.6,1.49,7,2,rain,2178,63.02,high
3226,727,114.31,48.0,6.36,11,1,clear,2745,22.16,low
3227,722,120.74,41.8,5.98,14,0,clear,1650,39.31,medium
3228,308,60.16,48.5,5.12,4,5,clear,1124,27.27,medium
3229,837,133.49,50.1,6.27,21,0,clear,1952,37.67,medium
3230,277,62.53,56.7,4.43,20,1,clear,2941,1.46,low
3231,742,455.21,37.7,1.63,14,5,storm,2949,34.23,medium
3232,928,249.46,41.3,3.72,23,4,clear,2744,37.79,medium
3233,612,93.87,44.4,6.52,23,1,clear,1988,37.54,medium
3234,90,21.74,57.9,4.14,5,0,clear,1178,1.31,low
3235,1328,233.39,38.5,5.69,17,3,clear,2323,51.85,high
3236,723,408.47,35.4,1.77,16,4,clear,1404,46.0,medium
3237,330,46.35,45.5,7.12,0,6,clear,1043,31.15,medium
3238,861,662.31,38.0,1.3,13,1,clear,2094,44.6,medium
3239,120,22.9,47.2,5.24,15,4,rain,853,16.27,low
3240,1555,226.02,36.6,6.88,19,4,clear,2672,45.14,medium
3241,269,141.58,55.5,1.9,2,3,clear,1346,16.51,low
3242,859,474.59,31.5,1.81,16,4,rain,1384,55.85,high
3243,1022,149.63,35.7,6.83,12,0,fog,2887,32.74,medium
3244,409,79.42,42.3,5.15,23,5,clear,888,41.11,medium
3245,479,105.74,36.7,4.53,0,0,clear,1247,36.43,medium
3246,261,44.62,44.6,5.85,3,5,rain,901,28.61,medium
3247,577,89.6,50.1,6.44,16,5,clear,2213,18.03,low
3248,986,149.17,18.7,6.61,19,0,rain,1313,77.29,severe
3249,918,409.82,38.1,2.24,1,4,rain,2571,38.44,medium
3250,799,139.2,33.9,5.74,18,1,clear,1617,47.07,medium
3251,393,260.26,52.4,1.51,22,5,clear,1228,20.67,low
3252,2106,695.05,30.6,3.03,7,4,clear,2899,69.22,high
3253,403,98.77,39.3,4.08,11,3,rain,1018,33.68,medium
3254,311,125.4,51.6,2.48,11,5,clear,1786,16.53,low
3255,596,310.42,40.8,1.92,8,6,clear,1271,36.02,medium
3256,616,1140.74,47.4,0.54,23,1,clear,2278,24.63,low
3257,764,347.27,38.3,2.2,5,3,clear,1396,45.43,medium
3258,787,102.88,44.6,7.65,22,6,clear,2046,33.81,medium
3259,469,97.91,28.3,4.79,9,5,storm,1091,42.08,medium
3260,1502,1283.76,26.0,1.17,3,2,rain,2279,63.85,high
3261,1320,256.31,35.4,5.15,2,4,clear,2852,39.24,medium
3262,1391,195.92,38.9,7.1,21,1,clear,2463,47.97,medium
3263,447,236.51,42.1,1.89,17,4,clear,1029,37.31,medium
3264,1892,1735.78,21.5,1.09,18,2,rain,2291,69.91,high
3265,1579,423.32,32.7,3.73,19,0,clear,2182,61.89,high
3266,705,115.57,20.9,6.1,7,0,fog,1063,70.95,high
3267,925,217.65,35.3,4.25,22,6,rain,2336,36.24,medium
3268,546,75.73,44.8,7.21,20,3,clear,1688,34.46,medium
3269,690,100.15,49.2,6.89,16,4,clear,2988,20.76,low
3270,296,202.74,39.2,1.46,6,6,rain,1093,30.56,medium
3271,1767,1523.28,28.7,1.16,1,0,clear,2758,61.21,high
3272,733,106.39,37.0,6.89,15,1,clear,1867,42.03,medium
3273,521,66.03,48.7,7.89,9,5,clear,2047,20.6,low
3274,1007,645.51,32.5,1.56,0,1,clear,1728,53.96,high
3275,671,136.66,45.9,4.91,14,0,clear,2454,27.79,medium
3276,411,60.53,50.6,6.79,13,1,clear,1235,21.3,low
3277,1482,447.73,31.9,3.31,9,0,clear,2003,61.2,high
3278,876,177.33,19.1,4.94,7,6,storm,1669,49.3,medium
3279,1656,407.88,39.0,4.06,20,3,clear,2823,53.47,high
3280,475,89.62,47.0,5.3,4,6,clear,1787,26.36,medium
3281,590,141.49,40.1,4.17,17,0,clear,1391,38.28,medium
3282,928,117.47,40.5,7.9,14,4,rain,2250,40.66,medium
3283,708,133.58,48.9,5.3,11,3,clear,1928,34.89,medium
3284,189,151.2,53.8,1.25,4,5,clear,924,19.52,low
3285,450,387.93,44.8,1.16,12,1,clear,921,44.58,medium
3286,734,116.32,21.9,6.31,17,1,fog,1252,55.22,high
3287,462,90.23,46.1,5.12,6,5,clear,1903,25.21,medium
3288,1548,554.84,29.2,2.79,9,1,rain,2514,61.63,high
3289,622,79.03,51.0,7.87,8,5,clear,1960,28.42,medium
3290,966,418.18,39.9,2.31,19,3,clear,1785,52.06,high
3291,1232,301.96,29.7,4.08,19,3,clear,1974,57.31,high
3292,831,109.92,42.9,7.56,8,2,clear,1832,43.01,medium
3293,949,451.9,32.6,2.1,14,3,fog,2645,41.4,medium
3294,1249,157.9,46.5,7.91,19,4,clear,2326,42.26,medium
3295,973,359.04,38.1,2.71,23,2,clear,1951,38.93,medium
3296,549,83.69,31.8,6.56,23,1,fog,1687,33.69,medium
3297,486,156.27,33.7,3.11,17,1,fog,963,51.42,high
3298,626,110.21,49.5,5.68,23,4,clear,1500,38.33,medium
3299,533,106.6,49.2,5.0,5,2,clear,1772,27.96,medium
3300,1212,358.58,38.5,3.38,9,6,clear,2274,42.84,medium
3301,1872,515.7,22.9,3.63,18,4,fog,2819,66.04,high
3302,652,497.71,43.2,1.31,6,5,clear,1531,37.18,medium
3303,282,57.79,46.9,4.88,12,5,clear,884,29.25,medium
3304,240,163.27,48.5,1.47,12,3,clear,1187,18.52,low
3305,605,623.71,33.2,0.97,7,5,clear,928,64.82,high
3306,727,98.51,39.3,7.38,15,3,rain,2105,32.49,medium
3307,295,118.95,43.9,2.48,5,2,rain,870,41.65,medium
3308,595,140.33,39.8,4.24,15,0,clear,1623,40.25,medium
3309,1272,174.01,29.0,7.31,8,0,clear,1689,67.06,high
3310,2006,255.87,33.6,7.84,1,2,clear,2901,61.52,high
3311,1138,312.64,33.6,3.64,19,6,clear,1823,56.29,high
3312,281,60.69,50.1,4.63,4,5,clear,1249,24.24,low
3313,127,169.33,53.2,0.75,3,4,clear,1212,13.21,low
3314,756,210.0,40.7,3.6,3,4,fog,2984,33.2,medium
3315,272,41.72,42.3,6.52,20,5,clear,839,37.03,medium
3316,429,79.89,54.2,5.37,15,5,clear,2582,15.23,low
3317,1373,204.01,26.5,6.73,20,0,fog,2135,63.41,high
3318,730,352.66,45.1,2.07,3,2,clear,2291,30.53,medium
3319,177,22.49,48.8,7.87,22,6,clear,1023,23.16,low
3320,397,121.41,46.8,3.27,5,5,clear,1299,34.26,medium
3321,866,113.65,40.3,7.62,7,2,clear,1472,56.09,high
3322,926,138.21,43.6,6.7,19,4,rain,2759,32.3,medium
3323,363,333.03,59.0,1.09,1,6,clear,1923,17.68,low
3324,990,130.26,31.6,7.6,15,3,fog,2317,44.27,medium
3325,1207,292.96,42.5,4.12,18,6,clear,2999,38.79,medium
3326,866,1292.54,43.6,0.67,1,5,clear,2606,36.34,medium
3327,468,482.47,38.5,0.97,23,3,clear,941,41.67,medium
3328,799,209.16,45.7,3.82,11,4,clear,2761,25.88,medium
3329,903,242.09,46.5,3.73,14,2,clear,2871,27.17,medium
3330,868,153.09,28.2,5.67,19,3,clear,1082,67.76,high
3331,425,64.2,40.8,6.62,13,6,rain,1587,33.64,medium
3332,767,98.46,43.9,7.79,3,1,clear,2344,34.56,medium
3333,753,234.58,52.7,3.21,6,0,clear,2728,20.1,low
3334,901,115.22,40.5,7.82,19,2,clear,1786,45.22,medium
3335,657,185.59,47.5,3.54,22,4,clear,2119,29.02,medium
3336,2300,375.2,30.4,6.13,10,0,clear,2397,79.6,severe
3337,1336,347.01,35.9,3.85,8,4,clear,2267,56.81,high
3338,306,108.13,56.3,2.83,23,6,clear,2386,10.45,low
3339,711,323.18,46.2,2.2,16,6,rain,2947,26.78,medium
3340,328,62.6,52.1,5.24,5,4,clear,2006,11.89,low
3341,473,62.32,31.1,7.59,6,0,rain,973,43.19,medium
3342,312,119.08,43.9,2.62,11,5,storm,2399,15.18,low
3343,455,58.33,49.2,7.8,16,2,clear,1717,20.67,low
3344,599,98.2,36.5,6.1,3,5,rain,1782,26.66,medium
3345,743,135.83,45.9,5.47,17,4,clear,1830,32.53,medium
3346,825,120.97,53.5,6.82,6,3,clear,2886,21.87,low
3347,1198,215.08,31.8,5.57,18,6,clear,1992,53.94,high
3348,562,182.47,49.3,3.08,9,5,clear,2667,11.79,low
3349,928,250.81,49.3,3.7,10,0,clear,2714,30.93,medium
3350,796,211.7,36.2,3.76,5,1,storm,2758,35.89,medium
3351,359,93.73,55.2,3.83,23,6,clear,1515,16.08,low
3352,975,560.34,31.4,1.74,9,0,rain,1766,51.12,high
3353,421,75.31,55.2,5.59,6,5,clear,2268,10.1,low
3354,445,126.78,35.6,3.51,4,6,rain,1414,33.53,medium
3355,767,194.18,45.7,3.95,11,6,clear,2406,25.47,medium
3356,427,65.79,41.9,6.49,4,5,rain,1189,36.45,medium
3357,1468,220.09,40.5,6.67,10,1,clear,2976,52.46,high
3358,687,156.14,43.2,4.4,0,5,clear,2005,43.03,medium
3359,286,39.56,54.4,7.23,13,4,clear,1096,24.32,low
3360,1880,292.38,22.0,6.43,17,2,rain,2389,74.16,high
3361,420,77.49,51.3,5.42,6,5,clear,1630,23.9,low
3362,832,125.49,32.9,6.63,18,4,clear,1330,57.05,high
3363,847,221.15,40.7,3.83,21,4,clear,1849,45.54,medium
3364,593,173.9,41.0,3.41,8,6,clear,1298,39.97,medium
3365,427,212.44,44.9,2.01,23,4,clear,1186,30.29,medium
3366,428,602.82,44.1,0.71,2,2,clear,1263,27.08,medium
3367,434,148.63,46.1,2.92,23,1,clear,1059,32.13,medium
3368,891,258.26,43.0,3.45,11,5,clear,2232,36.07,medium
3369,1257,315.04,38.9,3.99,3,1,rain,2870,42.88,medium
3370,1189,1450.0,33.7,0.82,2,1,clear,1985,59.45,high
3371,179,245.21,56.3,0.73,21,5,clear,2290,12.82,low
3372,680,430.38,35.9,1.58,11,0,clear,1327,47.01,medium
3373,985,1894.23,23.7,0.52,3,2,rain,1541,67.85,high
3374,2051,266.02,21.4,7.71,10,1,clear,2561,71.83,high
3375,551,185.52,43.4,2.97,4,6,fog,2534,23.03,low
3376,1015,227.07,40.5,4.47,16,0,clear,2271,43.33,medium
3377,1152,169.91,41.0,6.78,15,4,clear,2573,40.54,medium
3378,1049,651.55,48.2,1.61,18,4,clear,2917,34.4,medium
3379,1101,164.08,35.7,6.71,9,4,clear,1761,59.56,high
3380,399,50.83,50.0,7.85,1,5,clear,1245,25.47,medium
3381,668,84.34,40.3,7.92,7,2,rain,1971,34.21,medium
3382,626,127.24,48.1,4.92,8,5,clear,2335,18.61,low
3383,314,77.72,47.8,4.04,14,0,rain,1387,13.86,low
3384,874,241.44,15.5,3.62,17,1,rain,1056,79.59,severe
3385,819,162.5,45.2,5.04,16,6,clear,2848,27.95,medium
3386,806,151.79,31.8,5.31,7,3,clear,1277,63.9,high
3387,305,40.72,45.1,7.49,23,2,clear,924,26.38,medium
3388,191,64.97,43.9,2.94,2,0,fog,1405,23.88,low
3389,611,168.32,47.1,3.63,3,2,clear,1936,27.68,medium
3390,158,171.74,52.7,0.92,15,3,clear,907,15.13,low
3391,484,75.27,49.8,6.43,3,2,clear,1929,20.94,low
3392,487,114.05,35.6,4.27,3,0,storm,1601,38.86,medium
3393,275,52.48,46.3,5.24,21,0,rain,1101,23.39,low
3394,1102,268.13,46.7,4.11,5,1,clear,2632,30.17,medium
3395,1258,210.72,34.6,5.97,17,0,clear,2038,59.33,high
3396,442,181.89,49.8,2.43,15,6,clear,1237,26.46,medium
3397,464,121.47,50.5,3.82,0,2,clear,1933,21.45,low
3398,689,360.73,44.2,1.91,19,6,clear,1654,34.0,medium
3399,391,117.07,42.1,3.34,17,4,clear,891,30.63,medium
3400,860,413.46,46.7,2.08,23,2,clear,2203,33.98,medium
3401,572,127.39,41.8,4.49,11,0,rain,1879,28.77,medium
3402,244,44.28,50.1,5.51,17,6,clear,2009,5.56,low
3403,1282,188.53,33.4,6.8,20,3,rain,2251,51.22,high
3404,928,163.96,44.2,5.66,7,4,clear,2089,41.53,medium
3405,1270,167.55,29.1,7.58,9,6,rain,2726,45.11,medium
3406,616,500.81,50.7,1.23,15,6,clear,2436,20.62,low
3407,1920,1297.3,25.7,1.48,17,3,fog,2741,70.08,high
3408,426,105.97,49.5,4.02,4,5,clear,1216,25.6,medium
3409,618,624.24,41.6,0.99,2,0,clear,1225,44.56,medium
3410,419,158.71,37.1,2.64,19,5,fog,1303,35.57,medium
3411,930,316.33,38.4,2.94,20,6,clear,1586,59.09,high
3412,626,222.78,43.2,2.81,22,3,clear,1323,43.2,medium
3413,755,139.56,48.7,5.41,2,2,clear,2548,22.6,low
3414,380,103.54,49.4,3.67,1,6,clear,1198,34.92,medium
3415,321,64.07,50.1,5.01,12,0,clear,1935,22.22,low
3416,1205,700.58,25.2,1.72,8,0,clear,1369,79.36,severe
3417,125,31.65,59.8,3.95,21,3,clear,844,16.43,low
3418,239,468.63,49.0,0.51,1,5,clear,1159,14.86,low
3419,767,264.48,44.9,2.9,14,4,clear,2189,26.79,medium
3420,667,111.54,52.1,5.98,10,5,clear,2217,23.97,low
3421,948,119.55,49.8,7.93,18,3,clear,2567,32.76,medium
3422,574,118.35,42.9,4.85,4,0,clear,1252,37.23,medium
3423,973,1231.65,4.1,0.79,19,4,storm,1045,92.81,severe
3424,252,67.38,51.2,3.74,23,6,clear,921,23.35,low
3425,2889,867.57,21.7,3.33,7,4,clear,2768,92.13,severe
3426,1068,161.09,39.5,6.63,21,2,clear,2610,44.09,medium
3427,1125,900.0,30.3,1.25,20,1,rain,1715,57.98,high
3428,960,653.06,19.7,1.47,9,2,fog,1394,68.01,high
3429,862,113.27,31.4,7.61,8,6,clear,1284,64.92,high
3430,248,158.97,50.0,1.56,3,2,clear,817,22.66,low
3431,390,76.62,53.0,5.09,3,0,clear,2373,10.13,low
3432,455,73.51,40.2,6.19,8,3,clear,1020,38.65,medium
3433,1013,261.08,35.1,3.88,13,2,fog,2971,39.93,medium
3434,934,178.59,49.5,5.23,7,1,clear,2584,31.99,medium
3435,586,78.98,52.3,7.42,7,4,clear,2342,22.24,low
3436,261,40.65,43.9,6.42,3,5,fog,1089,28.61,medium
3437,553,80.49,52.7,6.87,7,5,clear,2377,19.88,low
3438,629,740.0,51.5,0.85,11,6,clear,2971,16.44,low
3439,1042,655.35,40.6,1.59,14,4,clear,2027,46.34,medium
3440,478,61.6,49.0,7.76,21,0,clear,1479,31.05,medium
3441,1031,239.77,36.0,4.3,18,2,clear,1976,48.84,medium
3442,1755,664.77,31.4,2.64,10,2,clear,2333,61.75,high
3443,691,116.92,43.7,5.91,14,0,clear,1543,33.26,medium
3444,372,101.36,52.1,3.67,21,5,rain,2137,19.88,low
3445,476,297.5,35.8,1.6,18,6,fog,1256,43.18,medium
3446,1193,779.74,33.9,1.53,8,4,rain,1732,61.99,high
3447,321,50.23,55.2,6.39,0,5,clear,2589,8.64,low
3448,476,125.59,53.9,3.79,23,3,clear,1474,25.78,medium
3449,1976,302.6,25.5,6.53,19,2,rain,2688,68.01,high
3450,1015,153.09,40.6,6.63,0,2,clear,1957,43.01,medium
3451,491,672.6,43.4,0.73,4,6,fog,2375,23.13,low
3452,334,50.91,47.7,6.56,5,6,rain,1702,26.07,medium
3453,503,94.91,34.6,5.3,11,2,clear,887,55.37,high
3454,1479,287.18,35.5,5.15,20,1,clear,2216,57.89,high
3455,706,108.95,44.6,6.48,10,5,clear,1490,44.25,medium
3456,344,74.62,43.7,4.61,9,0,clear,907,33.04,medium
3457,807,242.34,30.2,3.33,22,3,storm,1985,42.01,medium
3458,1237,1963.49,29.3,0.63,17,0,clear,2038,54.91,high
3459,1026,293.98,32.4,3.49,16,6,fog,2675,37.86,medium
3460,495,125.95,41.7,3.93,8,4,fog,2341,23.73,low
3461,115,35.38,56.5,3.25,16,6,clear,1724,4.81,low
3462,611,83.02,41.9,7.36,18,2,clear,2097,25.78,medium
3463,314,48.09,54.8,6.53,13,4,clear,2077,11.56,low
3464,794,116.59,40.0,6.81,21,0,rain,2499,27.49,medium
3465,461,823.21,38.2,0.56,0,2,storm,2503,23.63,low
3466,637,153.49,34.9,4.15,13,1,clear,1280,51.78,high
3467,1330,385.51,37.4,3.45,19,5,clear,2631,47.49,medium
3468,527,201.15,36.2,2.62,18,6,clear,1013,53.07,high
3469,628,486.82,48.2,1.29,23,0,clear,2351,20.81,low
3470,989,543.41,33.7,1.82,18,1,clear,1540,57.52,high
3471,1987,3485.96,21.7,0.57,20,4,rain,2557,68.61,high
3472,164,24.48,54.4,6.7,13,5,clear,839,12.0,low
3473,408,55.66,51.7,7.33,10,5,clear,1944,18.03,low
3474,1448,605.86,38.1,2.39,12,0,clear,2781,44.48,medium
3475,343,241.55,41.8,1.42,17,6,clear,956,36.59,medium
3476,315,59.1,27.6,5.33,6,0,fog,805,48.15,medium
3477,1285,904.93,14.3,1.42,20,4,storm,1685,75.16,severe
3478,468,85.09,32.9,5.5,18,4,clear,805,56.7,high
3479,977,408.79,38.7,2.39,14,6,rain,2464,40.18,medium
3480,676,120.93,51.4,5.59,1,0,clear,2032,30.26,medium
3481,384,49.29,49.7,7.79,16,2,clear,1446,23.57,low
3482,559,103.33,53.6,5.41,1,6,clear,2009,27.51,medium
3483,994,306.79,39.8,3.24,12,4,rain,2778,36.35,medium
3484,1495,2020.27,41.6,0.74,2,0,clear,2879,46.73,medium
3485,950,1000.0,48.1,0.95,6,6,clear,2639,25.61,medium
3486,209,30.87,55.7,6.77,15,6,clear,2597,5.31,low
3487,456,80.0,46.0,5.7,5,0,rain,2333,29.41,medium
3488,1370,242.91,27.3,5.64,14,1,fog,2877,51.12,high
3489,823,935.23,26.7,0.88,7,4,clear,1026,62.92,high
3490,558,104.1,56.1,5.36,13,5,clear,2604,11.39,low
3491,616,90.06,38.6,6.84,7,3,clear,1309,43.32,medium
3492,488,88.57,44.8,5.51,7,2,clear,1164,36.01,medium
3493,320,116.36,51.8,2.75,4,1,clear,1665,17.92,low
3494,214,30.79,50.4,6.95,11,5,clear,931,20.19,low
3495,562,117.08,47.1,4.8,17,4,clear,2003,29.79,medium
3496,166,32.49,39.3,5.11,21,2,fog,940,27.01,medium
3497,301,376.25,57.7,0.8,8,6,clear,1507,12.78,low
3498,385,119.57,43.2,3.22,6,6,clear,1153,36.18,medium
3499,304,80.42,33.8,3.78,12,5,fog,877,45.82,medium
3500,758,284.96,24.2,2.66,3,4,rain,1267,57.51,high
3501,1008,210.0,39.8,4.8,1,3,clear,2857,34.12,medium
3502,1240,1458.82,41.4,0.85,16,1,rain,2777,40.67,medium
3503,1389,2136.92,42.3,0.65,6,4,clear,2739,42.88,medium
3504,682,94.59,37.8,7.21,0,4,fog,2530,29.2,medium
3505,3469,1020.29,10.4,3.4,8,4,rain,2823,100.0,severe
3506,748,325.22,36.3,2.3,9,5,fog,2309,32.5,medium
3507,937,167.32,40.7,5.6,7,6,clear,2038,40.67,medium
3508,589,98.49,41.4,5.98,3,0,clear,1613,35.28,medium
3509,236,35.12,47.1,6.72,15,5,clear,874,21.14,low
3510,743,92.99,45.6,7.99,20,3,clear,2376,27.49,medium
3511,468,60.08,44.0,7.79,21,0,clear,1293,27.16,medium
3512,918,124.56,44.6,7.37,23,0,rain,2954,36.63,medium
3513,491,94.06,54.4,5.22,15,5,clear,2543,13.77,low
3514,197,26.55,55.3,7.42,16,3,clear,1578,12.43,low
3515,214,33.75,49.4,6.34,12,1,rain,2144,20.38,low
3516,697,170.83,35.6,4.08,9,3,clear,1247,51.9,high
3517,847,139.08,26.1,6.09,13,3,rain,1590,57.68,high
3518,705,335.71,37.4,2.1,9,0,rain,1356,42.24,medium
3519,297,39.97,45.2,7.43,13,0,rain,1090,27.67,medium
3520,565,107.82,43.9,5.24,4,5,clear,1898,25.17,medium
3521,765,117.15,51.2,6.53,11,0,clear,2838,26.86,medium
3522,262,39.28,47.4,6.67,11,6,clear,814,27.49,medium
3523,504,70.19,29.2,7.18,10,2,fog,864,50.43,high
3524,494,234.12,49.0,2.11,13,3,clear,1883,30.63,medium
3525,1065,1086.73,22.2,0.98,1,1,storm,1735,61.13,high
3526,1239,161.33,30.1,7.68,7,1,rain,2112,57.01,high
3527,461,62.38,40.2,7.39,16,6,clear,1128,33.78,medium
3528,369,47.55,52.2,7.76,5,0,clear,1877,22.09,low
3529,463,84.95,43.3,5.45,13,5,fog,1654,26.81,medium
3530,1028,166.61,36.2,6.17,23,5,clear,2393,46.86,medium
3531,393,50.78,50.4,7.74,15,5,clear,1964,20.48,low
3532,716,139.84,36.8,5.12,19,4,clear,1585,43.32,medium
3533,233,456.86,48.9,0.51,2,0,clear,859,21.32,low
3534,385,122.22,48.7,3.15,6,6,clear,2252,19.6,low
3535,598,77.46,43.7,7.72,18,4,clear,1532,29.93,medium
3536,810,152.26,50.1,5.32,3,1,clear,2639,24.78,low
3537,2356,597.97,28.1,3.94,19,4,clear,2567,81.18,severe
3538,437,109.25,38.9,4.0,17,1,clear,854,40.83,medium
3539,716,98.22,44.0,7.29,17,5,clear,2129,32.12,medium
3540,527,435.54,33.8,1.21,17,2,fog,998,49.93,medium
3541,731,123.48,34.4,5.92,16,0,rain,1435,48.56,medium
3542,423,63.13,36.4,6.7,3,3,fog,1282,38.37,medium
3543,986,131.82,49.2,7.48,5,2,clear,2853,31.57,medium
3544,362,84.38,46.0,4.29,1,5,rain,1926,22.07,low
3545,331,72.91,44.8,4.54,1,1,rain,819,29.23,medium
3546,770,156.5,30.1,4.92,17,1,fog,1767,47.16,medium
3547,1355,244.14,44.6,5.55,3,0,clear,2677,47.91,medium
3548,689,643.93,42.4,1.07,9,1,clear,1621,33.82,medium
3549,723,357.92,41.6,2.02,10,1,clear,1453,47.73,medium
3550,547,154.96,55.3,3.53,15,2,clear,2608,16.56,low
3551,910,121.01,26.4,7.52,18,6,fog,1630,56.98,high
3552,2233,525.41,28.5,4.25,20,0,clear,2644,75.96,severe
3553,1185,157.16,37.7,7.54,7,2,clear,2075,48.85,medium
3554,864,1350.0,15.2,0.64,17,6,storm,1251,75.31,severe
3555,1170,184.25,36.4,6.35,14,4,rain,2967,33.7,medium
3556,1794,2990.0,4.0,0.6,9,1,rain,1363,100.0,severe
3557,832,349.58,43.3,2.38,19,5,clear,2171,37.96,medium
3558,751,275.09,36.1,2.73,6,2,fog,2162,39.4,medium
3559,136,26.67,61.6,5.1,3,5,clear,1084,18.85,low
3560,357,45.3,50.0,7.88,21,4,clear,1443,16.75,low
3561,541,165.95,47.6,3.26,6,2,clear,1943,17.81,low
3562,231,32.44,48.2,7.12,22,4,clear,920,20.72,low
3563,795,132.5,44.8,6.0,12,3,clear,1904,38.5,medium
3564,529,73.57,46.5,7.19,12,6,clear,1885,29.69,medium
3565,809,107.87,44.9,7.5,0,2,clear,1732,34.38,medium
3566,456,62.64,46.2,7.28,13,3,clear,1540,31.51,medium
3567,1457,292.57,34.3,4.98,4,2,rain,2730,48.04,medium
3568,653,85.7,51.2,7.62,15,5,clear,2863,18.6,low
3569,991,665.1,28.3,1.49,20,6,fog,1728,53.48,high
3570,999,396.43,35.1,2.52,10,2,clear,2310,42.06,medium
3571,668,147.46,49.3,4.53,3,6,clear,2087,23.45,low
3572,489,101.45,41.0,4.82,0,5,clear,1255,30.35,medium
3573,747,119.52,44.7,6.25,23,4,clear,1767,37.21,medium
3574,491,70.65,47.6,6.95,14,3,clear,1278,39.61,medium
3575,363,56.45,52.3,6.43,21,4,clear,1721,19.61,low
3576,1110,280.3,35.7,3.96,19,2,clear,2058,50.55,high
3577,1012,156.17,35.8,6.48,21,4,rain,2627,41.34,medium
3578,802,276.55,46.1,2.9,2,3,clear,2288,32.4,medium
3579,1658,245.27,38.0,6.76,5,0,rain,2529,52.53,high
3580,934,203.04,47.9,4.6,23,0,clear,2996,24.46,low
3581,256,110.34,35.0,2.32,21,1,storm,1757,24.19,low
3582,508,108.55,41.0,4.68,6,0,clear,1523,28.59,medium
3583,1578,246.56,27.6,6.4,18,0,rain,2644,55.39,high
3584,482,214.22,49.4,2.25,14,0,clear,2051,24.13,low
3585,527,94.44,38.2,5.58,3,5,storm,2025,26.75,medium
3586,654,123.63,41.8,5.29,16,3,rain,2178,33.87,medium
3587,1673,464.72,27.7,3.6,8,0,clear,2033,74.41,high
3588,649,86.65,47.8,7.49,2,1,clear,2191,28.51,medium
3589,2339,551.65,19.8,4.24,10,4,clear,2654,77.76,severe
3590,729,144.64,48.3,5.04,14,1,clear,2904,24.02,low
3591,1161,157.96,42.1,7.35,9,4,clear,2410,44.86,medium
3592,210,280.0,51.0,0.75,21,0,clear,849,28.8,medium
3593,844,222.11,41.2,3.8,15,3,rain,2312,34.06,medium
3594,290,62.37,47.2,4.65,2,6,clear,1218,19.97,low
3595,1084,483.93,41.8,2.24,7,2,clear,2217,42.9,medium
3596,1162,202.09,30.0,5.75,10,3,clear,1748,61.36,high
3597,989,166.5,27.9,5.94,23,2,rain,1454,61.08,high
3598,803,166.94,33.8,4.81,21,4,rain,1903,44.84,medium
3599,778,212.57,51.9,3.66,4,0,clear,2870,20.37,low
3600,331,75.4,48.6,4.39,6,0,clear,1585,19.57,low
3601,890,218.14,37.8,4.08,0,2,rain,2137,43.72,medium
3602,810,170.89,19.9,4.74,9,0,storm,1209,73.23,high
3603,710,121.78,36.3,5.83,1,5,rain,1767,44.6,medium
3604,1365,251.38,40.3,5.43,14,2,clear,2845,43.57,medium
3605,539,85.28,43.7,6.32,15,5,rain,2027,30.32,medium
3606,851,202.14,40.4,4.21,11,2,clear,1697,43.61,medium
3607,493,379.23,44.0,1.3,1,3,clear,1270,35.4,medium
3608,655,655.0,48.2,1.0,0,3,clear,1918,31.09,medium
3609,232,42.41,49.4,5.47,16,5,clear,840,15.23,low
3610,781,106.55,43.8,7.33,3,3,clear,1627,46.05,medium
3611,628,95.44,42.4,6.58,23,2,rain,2361,21.14,low
3612,364,171.7,38.2,2.12,15,1,rain,863,38.12,medium
3613,282,49.47,51.6,5.7,0,3,clear,1418,24.98,low
3614,478,62.65,48.5,7.63,12,5,clear,1556,22.22,low
3615,563,407.97,47.1,1.38,1,4,clear,1819,25.69,medium
3616,336,110.53,36.3,3.04,15,3,rain,941,36.19,medium
3617,901,298.34,34.5,3.02,20,0,clear,1494,52.59,high
3618,480,71.96,54.8,6.67,12,6,clear,2998,9.45,low
3619,596,80.22,48.3,7.43,2,4,clear,1761,33.35,medium
3620,747,134.59,33.4,5.55,6,0,clear,1537,45.51,medium
3621,434,326.32,50.1,1.33,1,2,clear,1956,22.9,low
3622,570,160.56,46.7,3.55,5,3,clear,2207,17.22,low
3623,377,129.11,40.4,2.92,22,3,rain,1347,32.37,medium
3624,515,82.27,49.7,6.26,6,4,clear,1871,23.88,low
3625,503,333.11,33.4,1.51,15,3,fog,1681,29.75,medium
3626,451,69.71,35.7,6.47,10,6,fog,2004,27.28,medium
3627,747,324.78,38.2,2.3,5,3,clear,1160,58.97,high
3628,877,522.02,48.2,1.68,11,4,clear,2315,29.94,medium
3629,863,231.99,48.8,3.72,11,4,clear,2638,28.44,medium
3630,1133,1258.89,43.3,0.9,22,2,clear,2989,32.54,medium
3631,487,63.58,56.2,7.66,22,5,clear,2747,18.69,low
3632,1122,975.65,41.2,1.15,0,1,clear,2390,38.45,medium
3633,829,123.55,44.0,6.71,5,2,clear,2758,32.21,medium
3634,422,98.14,39.8,4.3,1,2,clear,981,42.03,medium
3635,1091,138.28,33.8,7.89,10,4,clear,1413,70.22,high
3636,733,126.82,49.0,5.78,16,3,clear,2045,30.45,medium
3637,591,88.34,44.4,6.69,23,0,clear,1609,38.34,medium
3638,221,89.47,59.1,2.47,1,5,clear,1647,8.45,low
3639,729,633.91,25.4,1.15,8,4,rain,993,76.49,severe
3640,386,271.83,46.6,1.42,2,3,clear,1686,14.83,low
3641,1249,360.98,46.8,3.46,20,3,clear,2745,40.98,medium
3642,817,710.43,46.0,1.15,0,0,clear,2317,30.78,medium
3643,1316,345.41,35.8,3.81,19,5,clear,2468,46.84,medium
3644,602,596.04,37.3,1.01,23,4,fog,1534,33.45,medium
3645,791,557.04,39.7,1.42,6,3,clear,1716,47.9,medium
3646,1163,486.61,39.2,2.39,12,3,clear,2753,38.31,medium
3647,410,120.59,40.3,3.4,12,0,rain,1017,40.97,medium
3648,1049,1234.12,33.8,0.85,19,6,rain,2681,45.53,medium
3649,2109,550.65,17.2,3.83,18,3,clear,2079,91.93,severe
3650,885,167.93,42.5,5.27,21,3,rain,2399,31.81,medium
3651,571,124.95,46.1,4.57,10,3,clear,1489,33.91,medium
3652,90,30.1,44.5,2.99,9,4,rain,1296,20.91,low
3653,422,468.89,42.3,0.9,14,0,clear,1011,30.76,medium
3654,569,87.4,38.6,6.51,5,3,clear,1291,41.28,medium
3655,953,419.82,51.2,2.27,5,2,clear,2589,31.17,medium
3656,307,41.15,43.8,7.46,12,4,rain,1489,14.98,low
3657,515,79.11,37.7,6.51,16,2,rain,1206,42.78,medium
3658,1654,275.21,39.4,6.01,20,2,clear,2787,50.99,high
3659,813,243.41,41.3,3.34,9,6,fog,2461,27.98,medium
3660,746,857.47,50.4,0.87,7,3,clear,2782,21.11,low
3661,1092,147.77,40.5,7.39,16,4,clear,2695,36.47,medium
3662,1205,174.64,30.1,6.9,17,3,rain,1945,58.91,high
3663,527,131.09,49.5,4.02,17,5,clear,1712,23.47,low
3664,737,169.04,27.7,4.36,4,1,storm,1721,50.69,high
3665,737,534.06,43.3,1.38,21,5,rain,2397,27.45,medium
3666,462,71.52,46.8,6.46,11,3,clear,1685,23.83,low
3667,709,91.13,40.3,7.78,14,3,storm,2734,30.43,medium
3668,692,435.22,42.1,1.59,1,5,rain,2740,25.03,medium
3669,1036,285.4,45.9,3.63,10,5,clear,1993,48.2,medium
3670,495,71.84,51.1,6.89,0,0,clear,1866,18.77,low
3671,351,55.63,38.1,6.31,17,3,fog,1728,17.75,low
3672,726,264.96,47.8,2.74,22,0,clear,2266,25.04,medium
3673,2759,437.94,13.8,6.3,20,0,rain,2940,87.76,severe
3674,629,100.8,33.3,6.24,5,2,storm,2438,34.61,medium
3675,1210,790.85,22.3,1.53,9,4,rain,1666,63.44,high
3676,528,177.18,52.2,2.98,1,6,clear,2355,18.3,low
3677,1814,348.18,29.8,5.21,10,0,rain,2950,59.66,high
3678,446,109.31,35.8,4.08,3,0,storm,1476,29.12,medium
3679,873,141.49,32.2,6.17,18,0,clear,1230,54.47,high
3680,921,186.06,41.8,4.95,8,6,rain,2588,27.63,medium
3681,257,51.09,51.4,5.03,3,6,clear,1338,20.42,low
3682,798,153.76,37.8,5.19,1,0,rain,1785,40.24,medium
3683,1020,1000.0,40.1,1.02,7,1,clear,2068,44.31,medium
3684,451,107.38,45.6,4.2,22,6,rain,1420,25.9,medium
3685,1725,395.64,19.7,4.36,15,2,storm,2846,60.11,high
3686,594,75.48,50.4,7.87,16,1,clear,2055,23.98,low
3687,405,100.0,40.1,4.05,5,1,clear,969,32.81,medium
3688,524,127.49,39.4,4.11,11,0,clear,1029,43.82,medium
3689,792,222.47,26.9,3.56,5,4,fog,1628,52.68,high
3690,652,164.65,44.4,3.96,19,1,clear,2045,23.59,low
3691,1098,149.18,36.9,7.36,8,6,clear,1814,50.64,high
3692,412,121.53,47.0,3.39,9,5,clear,1197,32.89,medium
3693,581,115.51,56.6,5.03,15,5,clear,2915,13.98,low
3694,385,67.9,43.2,5.67,16,4,clear,1069,31.21,medium
3695,1474,340.42,25.1,4.33,9,0,rain,1808,69.31,high
3696,799,974.39,42.6,0.82,7,1,clear,1878,40.16,medium
3697,516,280.43,44.5,1.84,21,0,clear,2413,16.4,low
3698,871,161.9,44.8,5.38,22,5,clear,2236,32.0,medium
3699,1065,177.8,41.1,5.99,13,1,clear,2430,34.02,medium
3700,315,68.33,51.9,4.61,2,4,clear,1346,16.8,low
3701,1856,483.33,18.3,3.84,17,3,fog,2960,63.85,high
3702,506,75.52,26.8,6.7,2,2,storm,1362,38.68,medium
3703,562,82.77,37.0,6.79,5,0,fog,1929,33.15,medium
3704,469,151.78,55.0,3.09,4,5,clear,1880,20.93,low
3705,819,140.48,47.5,5.83,8,5,clear,2255,29.73,medium
3706,392,137.54,46.6,2.85,23,5,clear,2013,21.1,low
3707,626,91.39,48.3,6.85,18,1,rain,2965,23.79,low
3708,771,1028.0,46.7,0.75,1,5,clear,2538,34.18,medium
3709,878,645.59,16.5,1.36,10,3,clear,858,91.87,severe
3710,394,126.28,51.2,3.12,22,3,clear,1586,22.64,low
3711,765,735.58,46.4,1.04,8,0,clear,2819,31.79,medium
3712,636,124.22,43.4,5.12,21,6,clear,1392,44.91,medium
3713,484,420.87,41.9,1.15,3,3,clear,1160,43.33,medium
3714,795,1032.47,46.0,0.77,17,3,clear,2868,32.07,medium
3715,1126,886.61,27.6,1.27,15,3,fog,2140,52.71,high
3716,826,1424.14,36.0,0.58,7,6,clear,1307,56.7,high
3717,1274,1612.66,22.8,0.79,17,5,clear,1355,80.6,severe
3718,1377,252.66,41.2,5.45,15,2,rain,2782,46.15,medium
3719,1660,443.85,35.8,3.74,18,3,clear,2819,49.53,medium
3720,1063,271.87,40.3,3.91,8,4,clear,1883,46.6,medium
3721,480,112.94,44.4,4.25,2,0,clear,1061,36.27,medium
3722,368,123.08,56.2,2.99,1,3,clear,1726,17.02,low
3723,519,1038.0,28.6,0.5,1,3,rain,941,51.63,high
3724,484,121.91,47.4,3.97,19,5,clear,1331,31.34,medium
3725,382,65.3,53.4,5.85,20,5,clear,1565,18.93,low
3726,1090,547.74,33.7,1.99,23,1,rain,2290,45.8,medium
3727,660,464.79,39.6,1.42,12,0,clear,1742,33.99,medium
3728,515,64.46,33.9,7.99,12,3,rain,978,51.96,high
3729,776,173.99,45.2,4.46,0,1,clear,1823,32.72,medium
3730,2290,2573.03,25.5,0.89,9,1,clear,2351,82.72,severe
3731,341,89.27,44.8,3.82,22,0,fog,2212,15.85,low
3732,1009,168.73,35.3,5.98,23,6,rain,2524,35.12,medium
3733,1104,261.61,29.0,4.22,11,3,rain,1890,58.13,high
3734,2240,444.44,20.8,5.04,22,4,rain,2908,75.15,severe
3735,815,149.82,42.6,5.44,12,1,clear,2262,34.42,medium
3736,769,100.79,41.2,7.63,18,2,clear,1271,52.29,high
3737,596,133.04,31.7,4.48,0,5,rain,1296,45.55,medium
3738,1627,236.83,23.8,6.87,17,4,clear,2022,71.05,high
3739,714,392.31,38.8,1.82,11,6,clear,1639,38.93,medium
3740,749,122.39,46.8,6.12,13,3,clear,2208,30.1,medium
3741,1182,436.16,35.2,2.71,17,3,clear,1789,56.04,high
3742,629,85.81,53.6,7.33,15,0,clear,2685,24.74,low
3743,604,99.18,51.6,6.09,6,3,clear,2771,11.19,low
3744,1526,1230.65,40.4,1.24,5,2,clear,2867,45.58,medium
3745,1262,2337.04,37.4,0.54,18,3,fog,2874,37.34,medium
3746,2591,361.37,14.2,7.17,8,3,fog,2537,96.94,severe
3747,407,118.31,50.3,3.44,2,6,clear,1351,27.16,medium
3748,1259,437.15,37.6,2.88,18,0,clear,2043,55.03,high
3749,728,132.12,39.5,5.51,6,1,rain,1585,43.25,medium
3750,435,80.86,51.0,5.38,21,4,clear,1456,22.54,low
3751,642,176.86,21.4,3.63,11,2,storm,1057,57.7,high
3752,550,75.03,46.7,7.33,1,5,clear,1861,28.91,medium
3753,701,264.53,47.6,2.65,19,0,clear,1585,42.35,medium
3754,265,108.16,45.1,2.45,15,5,clear,951,29.81,medium
3755,755,113.7,43.6,6.64,11,4,clear,2009,30.45,medium
3756,314,41.26,40.6,7.61,11,5,rain,1682,21.12,low
3757,1134,1553.42,17.6,0.73,22,2,storm,2078,63.96,high
3758,527,138.68,40.7,3.8,17,3,rain,1156,40.33,medium
3759,1081,265.6,28.8,4.07,2,6,storm,2535,40.63,medium
3760,648,143.68,49.9,4.51,11,1,clear,2546,25.9,medium
3761,968,138.68,43.8,6.98,19,1,clear,2446,40.32,medium
3762,246,52.79,54.7,4.66,7,2,clear,1721,13.6,low
3763,529,188.93,48.8,2.8,5,4,clear,2068,23.26,low
3764,1925,369.48,28.3,5.21,8,2,clear,2302,67.06,high
3765,209,31.67,43.0,6.6,5,3,rain,969,19.33,low
3766,1052,314.97,34.4,3.34,19,4,clear,1719,56.32,high
3767,894,475.53,43.6,1.88,2,5,rain,2894,25.88,medium
3768,1002,1642.62,34.4,0.61,14,0,rain,1973,39.32,medium
3769,437,57.27,38.5,7.63,17,1,clear,939,39.9,medium
3770,762,142.16,30.8,5.36,3,1,storm,2372,24.72,low
3771,1005,205.52,35.7,4.89,3,1,clear,1787,56.76,high
3772,419,126.59,48.5,3.31,16,1,rain,2713,16.5,low
3773,344,83.5,52.8,4.12,3,6,clear,1555,22.66,low
3774,507,340.27,44.5,1.49,4,2,clear,1354,41.4,medium
3775,609,205.05,42.0,2.97,15,2,clear,1607,37.58,medium
3776,686,124.5,48.5,5.51,23,5,clear,2843,26.09,medium
3777,784,956.1,46.9,0.82,0,4,clear,2788,28.25,medium
3778,518,176.19,52.6,2.94,9,6,clear,2501,26.02,medium
3779,617,1101.79,38.8,0.56,14,0,fog,1582,42.25,medium
3780,466,63.57,36.3,7.33,15,6,clear,884,39.51,medium
3781,354,95.93,36.8,3.69,18,6,fog,1473,32.97,medium
3782,988,141.75,38.8,6.97,7,6,clear,2262,35.62,medium
3783,701,1229.82,39.7,0.57,6,4,rain,1528,47.51,medium
3784,1090,230.44,35.6,4.73,17,6,rain,2242,39.49,medium
3785,1602,251.89,4.0,6.36,19,1,storm,1457,100.0,severe
3786,835,209.8,53.0,3.98,8,5,clear,2939,21.49,low
3787,200,48.08,54.6,4.16,6,5,clear,1312,13.21,low
3788,569,135.48,23.0,4.2,17,2,fog,901,69.51,high
3789,545,243.3,52.5,2.24,10,1,clear,2161,23.75,low
3790,393,58.4,39.4,6.73,17,5,clear,990,32.68,medium
3791,474,111.27,40.8,4.26,2,6,fog,2355,22.8,low
3792,1411,189.91,28.6,7.43,10,0,clear,1747,74.1,high
3793,655,396.97,44.2,1.65,0,0,rain,2876,21.61,low
3794,945,130.34,45.9,7.25,4,3,clear,2421,34.75,medium
3795,990,186.44,21.5,5.31,20,5,storm,1525,70.44,high
3796,233,34.52,50.3,6.75,15,1,clear,1299,14.66,low
3797,646,184.57,40.4,3.5,9,4,clear,938,55.01,high
3798,298,273.39,45.6,1.09,0,0,clear,1068,24.53,low
3799,1211,330.87,30.5,3.66,20,1,clear,1815,57.43,high
3800,833,107.21,41.7,7.77,9,4,clear,1792,35.84,medium
3801,655,164.99,48.0,3.97,5,1,clear,1921,23.79,low
3802,1201,194.97,40.2,6.16,3,1,clear,2683,42.72,medium
3803,573,108.11,42.8,5.3,22,2,clear,1319,42.88,medium
3804,1471,202.62,38.0,7.26,18,0,clear,2910,51.45,high
3805,952,432.73,36.8,2.2,18,4,clear,1661,55.84,high
3806,1810,240.37,35.2,7.53,7,1,clear,2977,50.63,high
3807,776,134.49,38.4,5.77,7,3,clear,1292,54.16,high
3808,520,390.98,53.1,1.33,5,2,clear,2344,22.44,low
3809,882,286.36,37.6,3.08,18,5,clear,1716,48.77,medium
3810,583,201.03,35.5,2.9,0,1,clear,1200,40.33,medium
3811,1298,754.65,40.2,1.72,10,3,clear,2566,44.23,medium
3812,230,167.88,51.5,1.37,13,6,clear,1437,11.91,low
3813,1627,250.69,26.2,6.49,14,2,rain,2724,63.34,high
3814,1023,173.1,42.5,5.91,7,1,clear,2506,38.51,medium
3815,742,107.85,52.9,6.88,16,5,clear,2814,17.83,low
3816,116,15.12,39.2,7.67,12,1,storm,800,23.14,low
3817,255,52.69,49.7,4.84,1,5,clear,833,32.11,medium
3818,319,52.9,45.2,6.03,3,5,rain,1242,31.96,medium
3819,1078,508.49,42.9,2.12,2,0,clear,2773,40.36,medium
3820,793,106.87,48.0,7.42,2,2,clear,1603,37.97,medium
3821,504,255.84,35.7,1.97,1,5,fog,1832,28.87,medium
3822,875,511.7,36.3,1.71,14,0,rain,1888,42.39,medium
3823,685,158.56,39.6,4.32,7,3,clear,1249,48.23,medium
3824,1035,512.38,40.2,2.02,6,0,clear,2342,32.46,medium
3825,208,62.28,55.7,3.34,1,2,clear,1092,14.79,low
3826,442,216.67,43.4,2.04,15,2,clear,1406,32.96,medium
3827,20,3.38,60.7,5.91,5,5,clear,1615,1.24,low
3828,684,462.16,47.1,1.48,3,0,clear,2574,24.61,low
3829,595,214.8,31.7,2.77,7,0,rain,975,55.76,high
3830,569,661.63,49.1,0.86,7,6,clear,1934,26.0,medium
3831,332,134.96,55.8,2.46,1,4,clear,1600,22.89,low
3832,109,60.89,57.0,1.79,4,6,clear,2774,0.0,low
3833,620,124.25,38.0,4.99,20,3,rain,1613,44.95,medium
3834,357,45.25,44.5,7.89,23,5,rain,1327,22.12,low
3835,1021,217.7,20.0,4.69,20,1,storm,1929,57.64,high
3836,374,50.47,27.0,7.41,21,2,storm,970,37.3,medium
3837,1211,252.82,35.9,4.79,17,5,clear,1949,56.83,high
3838,836,132.49,45.0,6.31,15,4,clear,1512,47.83,medium
3839,128,250.98,54.7,0.51,16,6,clear,1067,12.53,low
3840,785,154.22,47.8,5.09,12,0,clear,2069,38.16,medium
3841,1988,472.21,23.1,4.21,8,1,rain,2513,74.91,high
3842,413,228.18,38.0,1.81,23,0,clear,832,45.15,medium
3843,1024,1651.61,35.5,0.62,10,4,clear,1833,49.4,medium
3844,220,45.36,54.0,4.85,23,1,clear,1255,11.34,low
3845,735,223.4,50.8,3.29,3,5,clear,2705,24.08,low
3846,822,389.57,37.5,2.11,17,6,clear,1519,50.75,high
3847,437,83.24,46.0,5.25,3,0,clear,1303,28.82,medium
3848,454,76.3,38.2,5.95,10,6,clear,930,46.12,medium
3849,605,141.69,42.6,4.27,5,5,fog,2811,16.09,low
3850,371,184.58,47.8,2.01,11,2,clear,1309,23.52,low
3851,394,134.01,46.1,2.94,12,1,rain,2400,15.89,low
3852,263,54.56,59.6,4.82,21,1,clear,2567,4.56,low
3853,396,109.09,43.7,3.63,18,5,rain,1340,29.57,medium
3854,989,174.73,44.5,5.66,15,2,clear,2360,38.39,medium
3855,768,180.71,49.6,4.25,12,6,clear,2431,28.76,medium
3856,1278,824.52,23.1,1.55,6,3,fog,2244,60.59,high
3857,1093,145.35,35.0,7.52,14,2,clear,2114,47.98,medium
3858,1450,202.8,12.0,7.15,7,1,storm,2321,71.51,high
3859,596,196.05,41.4,3.04,23,3,clear,1325,38.98,medium
3860,479,101.91,35.1,4.7,8,0,rain,1003,47.26,medium
3861,615,225.27,40.2,2.73,13,3,clear,1753,35.69,medium
3862,1128,148.81,39.8,7.58,10,6,clear,2527,38.06,medium
3863,883,163.22,31.5,5.41,9,2,clear,1432,62.03,high
3864,555,676.83,46.5,0.82,18,0,clear,1375,35.6,medium
3865,348,74.52,41.0,4.67,10,5,fog,1356,34.33,medium
3866,1103,138.39,38.3,7.97,7,4,clear,2039,46.05,medium
3867,836,172.73,49.1,4.84,12,1,clear,2585,26.24,medium
3868,408,167.21,45.3,2.44,11,0,clear,1183,29.44,medium
3869,698,225.16,53.6,3.1,16,5,clear,2881,12.21,low
3870,608,272.65,20.2,2.23,13,1,storm,1139,60.37,high
3871,1053,184.41,39.9,5.71,7,6,clear,2853,36.8,medium
3872,1819,284.66,29.9,6.39,9,1,clear,2612,60.49,high
3873,1718,514.37,24.2,3.34,19,4,fog,2577,62.42,high
3874,1197,263.66,41.4,4.54,11,3,clear,2789,37.55,medium
3875,183,38.94,41.3,4.7,11,6,fog,1076,30.09,medium
3876,603,242.17,47.6,2.49,12,6,clear,2598,25.51,medium
3877,472,73.52,46.7,6.42,23,2,clear,1615,22.66,low
3878,1286,1607.5,18.8,0.8,10,1,fog,2044,60.65,high
3879,492,184.96,53.1,2.66,0,1,clear,2889,11.0,low
3880,1288,199.69,38.8,6.45,0,0,clear,2332,50.39,high
3881,1061,283.69,25.2,3.74,13,5,storm,2048,50.15,high
3882,768,134.97,34.7,5.69,7,0,clear,1361,59.8,high
3883,1183,1497.47,30.0,0.79,20,2,clear,1293,80.09,severe
3884,59,27.7,57.2,2.13,2,6,clear,1610,5.65,low
3885,201,32.26,54.2,6.23,16,0,clear,2567,12.24,low
3886,725,233.87,47.4,3.1,21,6,clear,2163,37.22,medium
3887,922,129.13,31.5,7.14,1,1,rain,1426,60.61,high
3888,718,102.13,37.8,7.03,4,3,fog,2088,30.76,medium
3889,334,60.07,43.9,5.56,1,3,rain,1187,20.62,low
3890,814,161.83,37.7,5.03,15,1,clear,1543,46.75,medium
3891,751,119.21,38.9,6.3,8,1,clear,1505,47.51,medium
3892,412,65.92,40.9,6.25,21,3,clear,892,47.4,medium
3893,1600,622.57,32.9,2.57,10,5,clear,2164,64.36,high
3894,988,681.38,36.0,1.45,9,3,clear,1548,57.04,high
3895,615,448.91,41.7,1.37,4,5,clear,1292,40.87,medium
3896,348,72.5,46.6,4.8,21,1,clear,809,39.24,medium
3897,1143,196.39,44.5,5.82,15,0,clear,2443,35.43,medium
3898,847,295.12,46.0,2.87,5,5,clear,2652,31.76,medium
3899,127,136.56,49.8,0.93,13,6,fog,937,13.33,low
3900,691,158.49,51.5,4.36,16,3,clear,2994,22.1,low
3901,701,108.85,42.9,6.44,0,2,rain,2143,36.81,medium
3902,912,475.0,28.5,1.92,4,3,storm,1768,56.04,high
3903,244,212.17,49.1,1.15,13,3,clear,1350,18.36,low
3904,580,128.6,41.9,4.51,22,6,rain,1651,28.85,medium
3905,930,153.47,28.0,6.06,11,1,rain,1476,60.54,high
3906,367,123.15,47.7,2.98,2,2,clear,1398,25.63,medium
3907,738,581.1,34.6,1.27,1,3,clear,1113,59.67,high
3908,376,134.77,40.6,2.79,6,5,rain,1260,27.37,medium
3909,397,342.24,58.7,1.16,15,3,clear,2964,5.31,low
3910,569,107.97,48.5,5.27,23,5,clear,2320,19.7,low
3911,664,143.1,44.9,4.64,0,0,clear,1309,44.78,medium
3912,1840,422.99,15.8,4.35,18,3,storm,2809,70.36,high
3913,356,55.45,41.8,6.42,0,2,clear,824,36.86,medium
3914,1474,244.85,31.2,6.02,18,3,clear,2351,60.41,high
3915,1958,1369.23,27.7,1.43,6,1,rain,2855,53.58,high
3916,196,194.06,58.0,1.01,16,2,clear,1690,17.53,low
3917,1878,1422.73,21.5,1.32,10,4,rain,2608,76.65,severe
3918,56,31.46,55.5,1.78,13,5,clear,2522,10.14,low
3919,771,117.89,46.2,6.54,8,4,clear,2037,37.62,medium
3920,1630,1253.85,37.8,1.3,17,6,clear,2904,54.05,high
3921,1372,417.02,35.7,3.29,19,3,clear,2653,53.28,high
3922,1031,160.09,37.4,6.44,12,3,clear,2401,42.99,medium
3923,1198,485.02,32.8,2.47,20,1,clear,2171,53.7,high
3924,1350,371.9,43.5,3.63,12,1,clear,2499,46.5,medium
3925,466,330.5,55.8,1.41,20,5,clear,1998,22.52,low
3926,626,93.85,45.2,6.67,11,6,rain,2101,28.51,medium
3927,1111,242.05,33.8,4.59,9,4,rain,1875,58.53,high
3928,750,146.77,27.8,5.11,7,2,fog,1292,65.0,high
3929,1249,168.33,43.0,7.42,3,6,clear,2974,40.07,medium
3930,1089,229.75,32.4,4.74,20,5,clear,1826,53.21,high
3931,321,72.79,48.5,4.41,2,4,clear,1280,15.81,low
3932,264,101.54,58.6,2.6,0,5,clear,1703,7.48,low
3933,508,85.38,43.9,5.95,4,0,clear,1425,30.87,medium
3934,1090,141.93,37.0,7.68,13,2,rain,2815,46.48,medium
3935,1147,813.48,34.7,1.41,5,5,clear,2016,53.12,high
3936,350,125.9,35.9,2.78,18,5,clear,808,39.98,medium
3937,2554,1626.75,17.7,1.57,9,3,rain,2998,82.1,severe
3938,133,105.56,48.3,1.26,3,5,rain,827,24.27,low
3939,922,512.22,34.9,1.8,0,3,rain,2069,46.72,medium
3940,380,142.86,49.5,2.66,22,4,clear,1293,23.67,low
3941,1754,1473.95,21.5,1.19,20,4,rain,2264,72.97,high
3942,298,171.26,46.0,1.74,13,0,rain,1698,16.78,low
3943,2357,363.73,22.6,6.48,9,1,rain,2822,74.25,high
3944,969,888.99,36.6,1.09,0,2,clear,1737,45.53,medium
3945,271,48.65,55.0,5.57,13,3,clear,1033,17.02,low
3946,577,125.98,29.7,4.58,9,5,fog,1185,50.68,high
3947,623,107.23,41.2,5.81,11,5,clear,1716,34.64,medium
3948,976,197.17,44.9,4.95,13,1,clear,2396,36.62,medium
3949,1150,173.45,32.3,6.63,10,6,rain,2243,59.51,high
3950,1149,203.36,37.9,5.65,23,3,clear,2726,35.36,medium
3951,1659,225.41,20.6,7.36,7,0,clear,1640,90.36,severe
3952,582,125.16,39.2,4.65,0,3,clear,1212,42.98,medium
3953,609,128.48,48.6,4.74,5,5,clear,2071,23.63,low
3954,983,192.37,35.4,5.11,8,3,clear,1699,52.55,high
3955,1201,250.73,37.2,4.79,13,0,rain,2953,38.99,medium
3956,1505,996.69,33.3,1.51,2,0,clear,2446,53.3,high
3957,1406,286.35,25.5,4.91,18,0,clear,1648,68.71,high
3958,247,43.33,36.0,5.7,12,2,storm,1091,22.0,low
3959,374,75.1,50.0,4.98,12,4,clear,1670,24.96,low
3960,609,101.16,37.6,6.02,8,0,clear,1108,46.0,medium
3961,1761,397.52,19.1,4.43,19,0,rain,1898,84.23,severe
3962,842,222.75,44.1,3.78,20,5,clear,2339,32.3,medium
3963,94,12.77,53.9,7.36,13,3,clear,2232,5.76,low
3964,579,170.8,35.9,3.39,17,3,clear,1039,55.84,high
3965,453,65.09,48.3,6.96,4,3,clear,1480,28.13,medium
3966,466,111.75,44.1,4.17,8,4,clear,1192,28.95,medium
3967,400,53.62,49.9,7.46,20,6,clear,1236,25.7,medium
3968,502,93.66,48.3,5.36,16,4,rain,2714,23.38,low
3969,1981,1286.36,27.6,1.54,8,6,rain,2954,61.99,high
3970,2847,402.69,20.0,7.07,10,2,clear,2815,95.51,severe
3971,697,157.34,46.7,4.43,3,0,clear,2108,26.66,medium
3972,489,83.16,43.0,5.88,14,4,clear,1481,31.93,medium
3973,363,189.06,54.5,1.92,22,3,clear,1744,13.11,low
3974,494,62.77,30.8,7.87,11,1,fog,1067,46.32,medium
3975,569,81.29,52.6,7.0,2,1,clear,2248,21.88,low
3976,1075,860.0,34.0,1.25,22,6,clear,2447,41.78,medium
3977,669,117.57,33.4,5.69,8,3,fog,1223,57.37,high
3978,2253,573.28,11.4,3.93,10,4,fog,2670,78.71,severe
3979,1611,324.14,25.5,4.97,21,1,fog,2791,52.03,high
3980,728,1233.9,36.8,0.59,18,6,rain,1913,36.89,medium
3981,653,114.16,39.0,5.72,12,4,clear,1541,45.51,medium
3982,212,164.34,45.6,1.29,3,2,rain,1111,16.76,low
3983,260,228.07,53.3,1.14,9,5,clear,1007,26.23,medium
3984,776,212.6,26.5,3.65,17,6,fog,1744,46.76,medium
3985,408,67.66,34.3,6.03,21,2,clear,968,53.19,high
3986,1049,150.5,30.3,6.97,18,0,clear,1653,56.24,high
3987,743,485.62,34.7,1.53,19,2,clear,1331,52.32,high
3988,1728,353.37,31.4,4.89,19,3,clear,2487,74.36,high
3989,740,277.15,33.0,2.67,10,6,fog,1695,37.75,medium
3990,311,180.81,48.7,1.72,23,0,clear,1403,22.06,low
3991,635,153.75,35.9,4.13,9,5,clear,1034,57.73,high
3992,301,195.45,43.8,1.54,19,6,clear,946,27.94,medium
3993,752,108.51,27.7,6.93,7,6,rain,1310,53.73,high
3994,1496,218.08,28.7,6.86,18,3,rain,2223,60.47,high
3995,780,115.21,26.5,6.77,7,1,clear,904,78.43,severe
3996,1203,604.52,29.6,1.99,18,2,clear,1939,62.19,high
3997,564,564.0,43.2,1.0,21,0,clear,1304,38.79,medium
3998,264,60.55,39.6,4.36,3,3,rain,828,30.74,medium
3999,949,494.27,34.6,1.92,2,1,fog,2960,29.79,medium
4000,421,137.58,29.4,3.06,6,6,storm,1112,40.08,medium
4001,616,131.62,46.7,4.68,9,4,clear,1725,35.71,medium
4002,385,118.46,48.2,3.25,23,1,clear,1553,21.9,low
4003,227,82.55,49.0,2.75,3,6,rain,1039,20.96,low
4004,459,73.79,44.1,6.22,1,6,rain,2035,22.07,low
4005,1182,238.79,45.2,4.95,8,4,clear,2603,34.67,medium
4006,557,188.18,37.6,2.96,1,3,fog,1575,44.94,medium
4007,865,655.3,33.0,1.32,10,6,clear,1492,52.74,high
4008,951,128.69,33.5,7.39,20,2,clear,1363,59.76,high
4009,1114,163.34,27.0,6.82,4,3,storm,2413,55.77,high
4010,834,310.04,32.6,2.69,9,1,clear,1509,48.12,medium
4011,182,94.79,42.0,1.92,15,6,fog,902,17.69,low
4012,130,18.08,59.7,7.19,6,5,clear,882,5.27,low
4013,758,235.4,40.4,3.22,14,4,clear,1858,30.51,medium
4014,713,112.64,43.1,6.33,12,4,clear,1733,40.88,medium
4015,667,427.56,42.4,1.56,9,1,clear,1298,42.27,medium
4016,882,169.29,49.1,5.21,4,3,clear,2391,35.07,medium
4017,424,437.11,48.0,0.97,23,5,clear,1568,24.12,low
4018,692,136.49,46.7,5.07,5,4,clear,2147,29.99,medium
4019,2450,542.04,24.6,4.52,20,3,clear,2677,77.4,severe
4020,801,302.26,41.2,2.65,0,2,rain,2179,32.35,medium
4021,1060,221.29,43.6,4.79,22,1,clear,2623,36.43,medium
4022,529,66.96,36.2,7.9,23,4,clear,1139,42.67,medium
4023,1144,377.56,33.4,3.03,11,2,fog,2809,45.31,medium
4024,1294,298.16,37.9,4.34,9,5,clear,2146,50.87,high
4025,735,109.54,47.2,6.71,13,5,clear,2707,32.11,medium
4026,574,683.33,37.1,0.84,7,6,rain,1795,30.19,medium
4027,307,100.33,58.7,3.06,0,6,clear,1275,25.1,medium
4028,2557,3278.21,5.5,0.78,14,1,storm,2819,90.52,severe
4029,1506,354.35,33.6,4.25,19,1,clear,2302,58.7,high
4030,1232,154.39,30.9,7.98,19,5,fog,2572,42.18,medium
4031,1078,173.59,49.4,6.21,18,1,clear,2663,36.82,medium
4032,284,67.14,58.1,4.23,23,5,clear,1745,14.39,low
4033,494,69.38,34.9,7.12,9,5,rain,1189,33.36,medium
4034,506,73.76,34.7,6.86,9,2,rain,985,49.23,medium
4035,1070,443.98,28.7,2.41,15,4,rain,1863,58.44,high
4036,1113,732.24,21.7,1.52,19,2,clear,1279,82.68,severe
4037,1885,235.62,19.0,8.0,18,6,fog,2327,74.56,high
4038,218,30.45,53.1,7.16,6,6,clear,1340,11.24,low
4039,1012,248.65,28.5,4.07,19,6,storm,2437,52.81,high
4040,364,74.59,46.7,4.88,14,6,clear,1163,17.3,low
4041,741,1452.94,42.3,0.51,20,0,clear,1378,42.54,medium
4042,649,377.33,43.4,1.72,17,0,clear,1591,45.81,medium
4043,936,138.05,52.6,6.78,18,5,clear,2820,28.15,medium
4044,279,93.0,44.8,3.0,21,5,clear,812,33.02,medium
4045,597,104.92,18.6,5.69,23,4,storm,1036,56.15,high
4046,288,48.0,42.7,6.0,11,4,rain,963,28.5,medium
4047,485,87.07,44.8,5.57,9,5,rain,2792,18.09,low
4048,1411,176.6,33.5,7.99,23,2,fog,2982,37.85,medium
4049,545,212.06,46.4,2.57,21,4,rain,2582,20.96,low
4050,282,48.04,44.2,5.87,14,2,clear,928,25.81,medium
4051,1027,238.84,29.6,4.3,9,0,rain,1801,59.23,high
4052,428,329.23,40.4,1.3,10,0,clear,875,48.33,medium
4053,1104,304.13,39.1,3.63,5,1,fog,2468,37.67,medium
4054,1899,595.3,14.0,3.19,7,2,fog,2144,83.66,severe
4055,793,578.83,47.3,1.37,10,5,clear,2321,29.7,medium
4056,1014,236.36,42.3,4.29,10,4,clear,2469,34.77,medium
4057,1176,480.0,34.2,2.45,12,5,fog,2669,43.19,medium
4058,414,59.57,44.3,6.95,20,5,clear,950,40.28,medium
4059,1315,371.47,46.8,3.54,18,6,clear,2855,38.42,medium
4060,871,123.2,41.7,7.07,11,3,clear,2292,39.88,medium
4061,411,67.27,50.3,6.11,16,6,rain,2647,18.16,low
4062,445,311.19,44.8,1.43,9,4,clear,1496,29.05,medium
4063,381,65.24,27.9,5.84,1,2,storm,873,50.92,high
4064,1393,197.59,38.9,7.05,21,3,clear,2297,50.77,high
4065,1377,1075.78,39.1,1.28,19,0,clear,2728,46.32,medium
4066,1039,134.59,44.4,7.72,18,3,rain,2945,33.57,medium
4067,301,298.02,49.5,1.01,6,6,clear,913,31.37,medium
4068,961,201.47,45.6,4.77,16,0,clear,2322,36.27,medium
4069,1676,313.86,11.7,5.34,19,0,fog,1768,86.31,severe
4070,781,264.75,41.2,2.95,5,6,clear,2232,28.72,medium
4071,1101,146.8,43.1,7.5,2,0,clear,2548,42.08,medium
4072,860,136.72,50.7,6.29,17,0,clear,2943,23.62,low
4073,832,169.8,41.7,4.9,8,1,clear,1689,37.9,medium
4074,1009,135.44,45.4,7.45,16,5,clear,2839,30.11,medium
4075,1324,203.07,36.9,6.52,18,4,clear,2259,55.58,high
4076,264,39.4,51.6,6.7,12,0,rain,2754,13.15,low
4077,739,95.97,52.4,7.7,9,5,clear,2637,25.17,medium
4078,742,309.17,40.2,2.4,21,5,rain,2652,21.48,low
4079,2330,428.31,15.3,5.44,20,1,rain,2503,85.94,severe
4080,736,383.33,24.5,1.92,18,3,storm,1633,51.78,high
4081,327,134.57,46.4,2.43,5,4,rain,1558,15.46,low
4082,780,105.41,42.3,7.4,0,0,clear,2091,36.61,medium
4083,849,166.8,39.0,5.09,20,6,clear,1723,45.87,medium
4084,1709,495.36,19.3,3.45,7,3,clear,1568,97.02,severe
4085,514,93.62,44.3,5.49,6,5,clear,1717,30.17,medium
4086,1713,451.98,25.6,3.79,7,3,clear,2259,75.09,severe
4087,1623,231.86,15.8,7.0,7,5,storm,2301,64.71,high
4088,309,149.28,51.5,2.07,11,0,clear,815,25.28,medium
4089,999,162.97,36.2,6.13,20,1,clear,1557,61.06,high
4090,531,104.94,40.2,5.06,3,2,clear,1257,41.44,medium
4091,1340,186.11,34.4,7.2,18,3,clear,1914,63.72,high
4092,191,45.37,55.0,4.21,11,5,clear,1113,14.84,low
4093,339,77.75,52.8,4.36,14,6,clear,2155,13.85,low
4094,579,120.12,45.9,4.82,0,3,clear,1518,37.95,medium
4095,401,336.97,47.5,1.19,23,5,rain,1928,21.11,low
4096,375,57.52,38.4,6.52,4,4,rain,1010,27.08,medium
4097,418,135.71,46.7,3.08,5,6,fog,1866,23.03,low
4098,475,123.38,42.6,3.85,9,5,clear,1019,35.09,medium
4099,1632,233.14,21.7,7.0,17,4,storm,2438,67.51,high
4100,1190,1008.47,37.6,1.18,15,5,rain,2809,41.34,medium
4101,1134,151.6,32.9,7.48,2,3,rain,2709,41.09,medium
4102,164,33.4,56.2,4.91,3,4,clear,1005,14.83,low
4103,389,67.18,39.4,5.79,2,3,fog,1657,27.36,medium
4104,746,126.23,24.0,5.91,19,2,clear,866,75.91,severe
4105,736,404.4,30.9,1.82,2,1,rain,1447,51.88,high
4106,1095,531.55,46.3,2.06,16,4,clear,2805,34.06,medium
4107,229,59.48,50.5,3.85,0,6,clear,1545,17.44,low
4108,851,851.0,20.1,1.0,0,4,storm,1445,61.6,high
4109,490,89.91,48.4,5.45,23,2,rain,1813,28.52,medium
4110,886,197.77,31.5,4.48,6,1,rain,1865,43.68,medium
4111,388,100.52,56.1,3.86,20,6,clear,2064,13.02,low
4112,340,44.1,51.4,7.71,14,0,clear,2617,15.37,low
4113,850,255.26,39.8,3.33,2,2,clear,1654,46.42,medium
4114,741,396.26,40.1,1.87,8,4,clear,1444,52.44,high
4115,420,175.73,46.7,2.39,11,6,clear,1473,26.08,medium
4116,668,93.04,43.6,7.18,4,1,clear,1883,32.58,medium
4117,302,57.09,47.3,5.29,6,2,clear,1374,21.89,low
4118,1149,174.36,34.1,6.59,3,4,fog,2552,51.36,high
4119,518,95.75,49.2,5.41,22,2,clear,1654,19.94,low
4120,852,194.08,48.0,4.39,5,1,clear,2385,31.39,medium
4121,1423,794.97,43.1,1.79,9,4,clear,2761,44.56,medium
4122,532,397.01,47.5,1.34,17,5,clear,2386,10.6,low
4123,737,125.13,42.5,5.89,17,5,clear,1523,41.05,medium
4124,538,107.6,47.0,5.0,9,5,clear,2061,32.31,medium
4125,598,143.75,37.8,4.16,2,4,rain,1531,39.84,medium
4126,473,110.0,35.7,4.3,9,1,clear,1095,43.24,medium
4127,772,387.94,38.8,1.99,16,4,rain,2180,40.78,medium
4128,1648,489.02,24.4,3.37,9,0,fog,2280,74.28,high
4129,922,296.46,37.4,3.11,10,6,fog,2646,33.78,medium
4130,1901,633.67,26.5,3.0,7,0,clear,2377,72.09,high
4131,509,138.69,31.8,3.67,9,2,fog,973,51.88,high
4132,671,93.58,18.4,7.17,8,0,storm,1035,63.85,high
4133,725,398.35,29.0,1.82,6,2,rain,1108,61.07,high
4134,1007,406.05,41.4,2.48,12,4,clear,2718,38.43,medium
4135,1136,338.1,29.0,3.36,8,2,rain,1929,60.79,high
4136,860,413.46,31.9,2.08,16,3,rain,1936,40.23,medium
4137,1444,307.89,39.5,4.69,23,2,clear,2817,38.79,medium
4138,916,484.66,35.6,1.89,8,4,rain,2077,38.72,medium
4139,1304,1266.02,23.1,1.03,19,0,clear,1595,74.02,high
4140,2164,2639.02,27.3,0.82,20,0,clear,2442,77.16,severe
4141,1105,175.96,26.0,6.28,10,0,rain,1787,56.77,high
4142,927,639.31,42.0,1.45,4,1,clear,2059,40.08,medium
4143,1379,257.76,4.0,5.35,10,1,rain,1023,100.0,severe
4144,2098,1520.29,12.6,1.38,7,4,storm,2500,83.07,severe
4145,479,108.86,35.8,4.4,10,6,rain,1336,34.98,medium
4146,313,287.16,36.9,1.09,16,2,fog,900,31.24,medium
4147,702,866.67,48.8,0.81,0,4,clear,2662,26.19,medium
4148,449,184.77,50.7,2.43,22,2,clear,1899,13.4,low
4149,716,264.21,25.4,2.71,8,3,clear,908,64.75,high
4150,563,110.39,25.9,5.1,16,3,fog,1167,51.21,high
4151,235,32.64,48.9,7.2,0,2,rain,1217,20.64,low
4152,338,74.29,46.6,4.55,22,4,rain,1057,32.57,medium
4153,377,100.0,51.1,3.77,14,5,clear,1928,17.5,low
4154,437,269.75,48.5,1.62,18,2,clear,1323,22.83,low
4155,1024,234.86,48.8,4.36,0,2,clear,2852,31.78,medium
4156,253,53.38,48.3,4.74,16,1,clear,811,31.97,medium
4157,1130,1661.76,30.4,0.68,9,2,clear,1611,67.48,high
4158,604,106.53,51.1,5.67,3,1,clear,1985,27.38,medium
4159,1725,389.39,21.8,4.43,10,2,clear,1835,82.25,severe
4160,1852,778.15,17.0,2.38,9,3,clear,1794,100.0,severe
4161,1069,322.96,16.7,3.31,18,4,storm,1576,65.11,high
4162,367,87.38,53.5,4.2,22,6,clear,1789,18.46,low
4163,247,308.75,52.2,0.8,3,6,clear,1208,23.68,low
4164,931,139.37,26.7,6.68,0,3,rain,1407,66.63,high
4165,293,63.28,49.9,4.63,0,6,clear,1600,20.97,low
4166,801,188.92,26.6,4.24,10,1,fog,1547,55.38,high
4167,1432,653.88,35.9,2.19,21,1,clear,2423,54.82,high
4168,1230,158.91,31.6,7.74,12,2,fog,2552,46.84,medium
4169,1411,181.36,42.7,7.78,19,2,clear,2773,44.45,medium
4170,499,105.27,44.4,4.74,4,5,clear,1606,24.78,low
4171,602,771.79,38.2,0.78,13,1,fog,2441,27.37,medium
4172,390,63.93,47.8,6.1,21,2,clear,1043,28.92,medium
4173,597,102.93,34.8,5.8,3,2,rain,1009,49.7,medium
4174,823,186.2,47.7,4.42,11,3,clear,2450,32.8,medium
4175,462,871.7,58.9,0.53,4,1,clear,2899,8.82,low
4176,668,283.05,45.5,2.36,3,0,clear,1538,35.76,medium
4177,958,523.5,35.5,1.83,7,4,clear,1610,50.97,high
4178,556,72.49,42.2,7.67,12,0,clear,1825,36.22,medium
4179,715,186.68,46.3,3.83,9,3,clear,1596,38.26,medium
4180,1504,265.26,19.5,5.67,7,1,rain,1837,76.94,severe
4181,661,83.67,48.2,7.9,19,2,clear,1917,29.51,medium
4182,846,462.3,41.8,1.83,12,3,clear,1966,39.47,medium
4183,809,432.62,38.4,1.87,13,3,fog,2745,25.53,medium
4184,460,80.84,50.3,5.69,15,1,clear,1788,18.72,low
4185,831,379.45,14.2,2.19,13,3,storm,1447,72.24,high
4186,376,52.51,44.1,7.16,12,5,fog,2041,10.83,low
4187,779,283.27,42.2,2.75,6,2,clear,2305,34.94,medium
4188,1089,181.5,20.4,6.0,21,3,fog,2013,61.42,high
4189,1251,163.32,43.6,7.66,23,2,clear,2978,38.11,medium
4190,733,106.85,45.5,6.86,14,3,clear,2708,27.72,medium
4191,1138,172.16,31.7,6.61,5,4,fog,2009,55.2,high
4192,335,197.06,50.6,1.7,12,0,clear,1077,26.57,medium
4193,598,819.18,41.6,0.73,7,5,rain,2116,28.5,medium
4194,546,86.26,27.5,6.33,5,4,storm,1644,40.11,medium
4195,853,159.74,54.1,5.34,6,6,clear,2974,25.33,medium
4196,501,150.45,42.6,3.33,1,2,clear,1205,38.99,medium
4197,1415,300.42,30.3,4.71,5,3,fog,2713,49.9,medium
4198,2949,501.53,23.1,5.88,19,0,clear,2783,90.94,severe
4199,846,106.28,35.7,7.96,23,4,rain,1757,41.3,medium
4200,1347,244.02,44.1,5.52,11,1,clear,2514,44.24,medium
4201,512,363.12,46.9,1.41,9,2,clear,1358,32.81,medium
4202,564,72.87,28.9,7.74,19,4,rain,1015,52.89,high
4203,836,525.79,36.1,1.59,6,3,rain,2302,32.15,medium
4204,1078,159.47,35.7,6.76,17,0,clear,1689,46.98,medium
4205,186,114.11,57.8,1.63,21,6,clear,1032,14.21,low
4206,665,992.54,36.0,0.67,9,1,fog,1809,33.84,medium
4207,536,211.86,44.8,2.53,22,4,clear,1104,44.43,medium
4208,410,85.24,49.3,4.81,14,3,clear,2005,20.18,low
4209,707,100.28,50.2,7.05,4,1,clear,2227,28.54,medium
4210,1190,345.93,35.7,3.44,8,3,clear,1783,64.64,high
4211,502,71.31,49.9,7.04,11,1,clear,1933,25.64,medium
4212,1142,187.83,45.1,6.08,18,4,clear,2217,51.55,high
4213,212,71.62,56.0,2.96,1,5,clear,978,14.09,low
4214,273,107.91,51.5,2.53,4,1,clear,2122,9.72,low
4215,360,45.86,44.1,7.85,22,0,clear,1175,34.84,medium
4216,1723,242.68,20.8,7.1,2,3,storm,2933,67.13,high
4217,881,677.69,34.2,1.3,19,1,clear,1598,50.27,high
4218,538,73.0,41.4,7.37,6,3,clear,985,38.24,medium
4219,433,205.21,43.2,2.11,13,1,clear,994,51.62,high
4220,346,59.25,47.1,5.84,17,5,clear,922,28.1,medium
4221,428,62.66,46.7,6.83,14,2,clear,1923,25.75,medium
4222,580,79.78,41.1,7.27,1,2,clear,1344,40.87,medium
4223,2928,3050.0,18.2,0.96,19,2,clear,2837,99.54,severe
4224,154,56.2,53.6,2.74,16,1,clear,1366,12.05,low
4225,728,92.27,38.7,7.89,15,4,rain,2107,36.89,medium
4226,1008,499.01,44.8,2.02,18,6,clear,2123,46.82,medium
4227,653,152.21,31.7,4.29,7,3,fog,1268,41.37,medium
4228,1166,182.47,40.0,6.39,21,3,clear,2307,45.94,medium
4229,988,231.92,46.1,4.26,21,6,clear,2590,31.34,medium
4230,483,85.64,52.0,5.64,6,5,clear,1972,27.1,medium
4231,772,352.51,27.5,2.19,4,6,storm,1801,49.65,medium
4232,698,116.33,29.9,6.0,14,4,rain,1070,60.81,high
4233,659,339.69,35.7,1.94,18,3,clear,1136,53.37,high
4234,508,81.54,27.4,6.23,17,2,storm,1046,36.12,medium
4235,763,103.81,41.4,7.35,11,4,fog,2705,28.16,medium
4236,220,28.03,51.4,7.85,15,0,clear,1155,22.7,low
4237,443,77.58,44.4,5.71,22,0,rain,1536,27.58,medium
4238,380,69.85,39.6,5.44,2,5,rain,1047,30.99,medium
4239,957,247.29,30.1,3.87,5,2,fog,2010,45.43,medium
4240,186,32.86,52.5,5.66,17,6,rain,1050,17.83,low
4241,1030,155.59,26.4,6.62,6,0,fog,1748,55.15,high
4242,174,51.18,56.7,3.4,13,1,clear,820,16.82,low
4243,893,1159.74,49.5,0.77,23,3,clear,2789,23.67,low
4244,791,122.26,54.2,6.47,15,5,clear,2780,21.03,low
4245,3051,5547.27,22.0,0.55,9,2,clear,2800,91.27,severe
4246,305,66.89,53.4,4.56,16,5,clear,2963,5.28,low
4247,916,1117.07,45.9,0.82,6,0,clear,2771,28.43,medium
4248,567,123.8,37.1,4.58,10,5,rain,1586,41.68,medium
4249,1183,453.26,37.9,2.61,17,4,clear,2647,47.48,medium
4250,1225,179.88,40.7,6.81,11,2,clear,2627,45.48,medium
4251,682,370.65,44.8,1.84,21,5,rain,2591,26.64,medium
4252,635,80.58,49.6,7.88,21,1,clear,1966,32.33,medium
4253,340,42.93,50.3,7.92,22,5,clear,2417,10.51,low
4254,510,324.84,47.2,1.57,18,1,clear,1351,24.77,low
4255,485,240.1,48.8,2.02,1,3,clear,2359,17.78,low
4256,549,90.44,30.5,6.07,2,3,fog,980,58.04,high
4257,813,159.41,51.2,5.1,12,6,clear,2795,23.99,low
4258,825,107.14,32.2,7.7,21,3,rain,1595,45.44,medium
4259,807,232.56,41.4,3.47,2,3,clear,1753,41.63,medium
4260,745,162.66,38.3,4.58,12,6,rain,2192,38.61,medium
4261,717,192.74,49.3,3.72,21,3,rain,2909,14.56,low
4262,373,69.33,53.2,5.38,15,5,clear,1418,24.0,low
4263,780,213.7,44.9,3.65,14,4,clear,2086,24.22,low
4264,365,182.5,40.7,2.0,16,0,rain,1246,27.19,medium
4265,462,650.7,42.8,0.71,21,4,clear,1653,28.94,medium
4266,782,543.06,33.0,1.44,7,5,storm,2270,37.12,medium
4267,1449,1271.05,31.7,1.14,10,1,clear,2079,60.97,high
4268,688,153.23,39.1,4.49,6,1,clear,1526,35.75,medium
4269,1256,558.22,28.9,2.25,8,6,fog,2939,48.48,medium
4270,799,198.76,44.7,4.02,4,5,clear,2985,25.24,medium
4271,724,304.2,45.9,2.38,22,6,clear,2248,31.14,medium
4272,791,123.79,26.8,6.39,16,2,storm,1568,58.03,high
4273,430,125.0,41.3,3.44,11,1,rain,994,40.36,medium
4274,930,458.13,36.6,2.03,19,0,rain,2346,37.4,medium
4275,251,48.74,50.2,5.15,1,6,clear,918,23.66,low
4276,191,32.48,53.1,5.88,6,5,clear,1365,15.06,low
4277,747,557.46,46.0,1.34,11,4,clear,2086,31.5,medium
4278,682,94.07,39.5,7.25,12,1,clear,1536,45.03,medium
4279,533,88.39,56.1,6.03,12,2,clear,2280,21.49,low
4280,286,66.05,54.0,4.33,5,2,clear,1024,21.39,low
4281,395,52.46,42.0,7.53,4,3,clear,857,37.99,medium
4282,401,460.92,42.1,0.87,4,1,clear,1089,34.32,medium
4283,265,47.58,52.1,5.57,0,6,clear,1641,17.34,low
4284,1006,205.31,48.3,4.9,15,2,clear,2956,30.49,medium
4285,1138,1149.49,29.0,0.99,7,1,clear,1431,76.79,severe
4286,241,30.7,51.2,7.85,4,3,clear,1571,11.29,low
4287,585,83.69,50.5,6.99,0,1,clear,1800,35.96,medium
4288,1281,171.49,37.4,7.47,8,1,clear,2193,47.54,medium
4289,1365,201.62,35.0,6.77,17,1,rain,2947,43.83,medium
4290,536,74.86,36.2,7.16,13,3,rain,1205,47.24,medium
4291,1922,245.15,31.1,7.84,23,3,rain,2928,58.74,high
4292,867,146.7,37.8,5.91,6,2,clear,1596,60.57,high
4293,859,151.77,39.2,5.66,20,3,rain,1961,37.86,medium
4294,341,387.5,47.7,0.88,4,6,clear,1422,31.46,medium
4295,1085,165.14,43.4,6.57,8,1,clear,2915,38.01,medium
4296,365,486.67,48.7,0.75,22,3,clear,1060,32.28,medium
4297,392,96.79,41.4,4.05,18,5,clear,1367,27.01,medium
4298,322,54.3,39.0,5.93,15,1,clear,841,33.05,medium
4299,689,156.24,26.1,4.41,11,3,storm,1380,59.84,high
4300,524,90.5,40.8,5.79,20,4,clear,986,39.71,medium
4301,354,72.99,46.2,4.85,23,6,fog,1804,23.8,low
4302,2256,1007.14,4.0,2.24,19,0,storm,2246,98.26,severe
4303,475,104.63,52.9,4.54,1,5,clear,2499,14.22,low
4304,669,751.69,51.1,0.89,0,5,clear,2919,17.39,low
4305,237,44.22,46.1,5.36,16,0,clear,1089,17.73,low
4306,550,112.94,49.8,4.87,5,0,clear,1548,35.42,medium
4307,1348,343.88,25.1,3.92,9,4,rain,1670,72.57,high
4308,371,68.07,42.3,5.45,21,0,clear,863,38.29,medium
4309,264,76.97,56.2,3.43,3,0,clear,2718,13.59,low
4310,951,192.9,37.3,4.93,2,4,rain,2983,35.09,medium
4311,1148,315.38,41.7,3.64,3,2,clear,2831,37.06,medium
4312,578,92.48,36.7,6.25,6,6,fog,1708,36.19,medium
4313,1207,349.86,34.1,3.45,17,4,clear,2006,51.28,high
4314,620,308.46,46.0,2.01,2,6,clear,2387,25.67,medium
4315,341,45.59,53.4,7.48,10,6,clear,1493,21.31,low
4316,809,749.07,50.4,1.08,22,1,clear,2725,30.58,medium
4317,665,175.93,46.1,3.78,5,1,clear,1878,30.35,medium
4318,904,164.96,32.7,5.48,8,1,clear,1440,52.29,high
4319,1011,317.92,42.6,3.18,21,6,clear,2468,37.48,medium
4320,488,102.95,51.1,4.74,11,3,clear,2130,21.89,low
4321,510,218.88,38.9,2.33,13,5,rain,1863,33.77,medium
4322,464,79.59,54.7,5.83,16,2,clear,2141,19.25,low
4323,1583,266.5,30.1,5.94,5,0,rain,2501,57.57,high
4324,1530,267.95,24.8,5.71,10,0,fog,2350,65.66,high
4325,560,137.25,38.5,4.08,13,0,fog,2445,30.49,medium
4326,587,118.35,41.5,4.96,6,4,rain,2070,28.38,medium
4327,1330,350.92,31.5,3.79,9,5,clear,1740,65.54,high
4328,1348,350.13,16.3,3.85,19,0,clear,1312,87.11,severe
4329,411,88.2,46.8,4.66,22,6,clear,1233,35.18,medium
4330,533,84.6,36.8,6.3,9,5,rain,1352,37.81,medium
4331,1367,887.66,33.1,1.54,13,2,clear,2737,45.38,medium
4332,1370,231.03,11.1,5.93,19,1,storm,1684,77.98,severe
4333,284,443.75,47.0,0.64,2,2,clear,877,32.5,medium
4334,476,109.93,42.2,4.33,9,3,clear,1258,35.06,medium
4335,825,144.99,45.8,5.69,22,0,clear,1920,36.44,medium
4336,394,554.93,55.4,0.71,6,5,clear,2700,17.47,low
4337,514,93.45,51.8,5.5,4,5,clear,2106,20.46,low
4338,413,66.08,40.9,6.25,12,3,rain,1054,28.8,medium
4339,860,129.91,36.2,6.62,2,4,rain,1930,44.3,medium
4340,1000,195.69,16.7,5.11,8,0,rain,1009,94.32,severe
4341,1393,1908.22,24.4,0.73,10,0,clear,1502,86.61,severe
4342,562,711.39,44.7,0.79,12,4,clear,1473,31.15,medium
4343,73,12.5,56.7,5.84,2,5,clear,1113,8.13,low
4344,1626,223.35,38.7,7.28,6,1,clear,2794,51.25,high
4345,1187,234.58,19.1,5.06,16,4,storm,1820,63.56,high
4346,835,112.08,44.6,7.45,12,3,clear,2892,26.78,medium
4347,794,107.88,42.6,7.36,4,2,rain,2696,30.16,medium
4348,598,122.29,43.9,4.89,16,0,clear,1250,34.92,medium
4349,453,476.84,46.6,0.95,22,6,clear,2394,20.84,low
4350,435,87.35,47.1,4.98,23,5,clear,1225,31.32,medium
4351,1100,152.35,22.5,7.22,13,3,fog,1845,53.48,high
4352,546,206.82,45.8,2.64,14,5,rain,2452,29.04,medium
4353,1366,459.93,23.2,2.97,18,2,rain,1844,73.04,high
4354,711,623.68,34.2,1.14,10,1,clear,987,61.74,high
4355,525,116.15,40.8,4.52,0,1,clear,1355,33.14,medium
4356,642,265.29,50.6,2.42,5,2,clear,1961,22.99,low
4357,454,63.85,46.5,7.11,11,1,clear,1525,25.83,medium
4358,495,102.91,47.4,4.81,16,4,clear,2096,23.84,low
4359,424,173.06,49.7,2.45,3,1,clear,1634,26.29,medium
4360,370,145.67,47.4,2.54,13,0,clear,862,35.42,medium
4361,2836,364.99,23.6,7.77,17,3,clear,2784,93.33,severe
4362,845,853.54,44.0,0.99,5,0,clear,1706,40.81,medium
4363,1456,630.3,35.6,2.31,19,3,clear,2151,63.28,high
4364,370,49.47,36.8,7.48,15,6,fog,1674,23.19,low
4365,1448,221.75,34.0,6.53,12,2,rain,2924,46.47,medium
4366,453,204.05,37.3,2.22,10,1,rain,964,36.9,medium
4367,494,260.0,51.7,1.9,1,5,clear,1757,23.64,low
4368,590,129.1,48.3,4.57,6,4,clear,1394,41.7,medium
4369,467,80.38,46.4,5.81,21,1,clear,1460,32.89,medium
4370,138,94.52,48.6,1.46,12,5,clear,1308,8.53,low
4371,314,83.96,51.9,3.74,9,5,clear,1569,24.01,low
4372,852,240.68,45.1,3.54,6,0,clear,2505,26.56,medium
4373,714,187.4,49.0,3.81,11,6,clear,2806,22.13,low
4374,251,68.96,56.2,3.64,6,6,clear,1319,12.82,low
4375,236,73.52,57.8,3.21,13,0,clear,1427,10.83,low
4376,569,265.89,36.6,2.14,2,3,rain,2321,31.84,medium
4377,940,232.67,46.3,4.04,16,2,clear,2206,35.14,medium
4378,1653,621.43,17.2,2.66,7,2,storm,2364,66.78,high
4379,770,216.29,36.3,3.56,11,4,rain,2052,40.78,medium
4380,669,181.3,37.2,3.69,16,2,rain,1677,48.62,medium
4381,1088,206.06,36.3,5.28,8,2,clear,1711,61.36,high
4382,1027,139.73,36.2,7.35,17,4,clear,1970,49.9,medium
4383,279,290.62,56.0,0.96,4,0,clear,2626,6.29,low
4384,869,130.68,40.2,6.65,15,1,clear,1947,40.27,medium
4385,302,39.89,52.4,7.57,17,3,clear,2205,12.49,low
4386,538,87.62,58.3,6.14,7,1,clear,2817,20.89,low
4387,213,51.82,50.3,4.11,14,3,clear,972,25.1,medium
4388,699,434.16,43.4,1.61,22,0,clear,1684,39.4,medium
4389,756,121.35,46.9,6.23,2,4,clear,1711,38.74,medium
4390,489,246.97,37.3,1.98,22,1,clear,1242,38.8,medium
4391,920,554.22,26.6,1.66,2,1,storm,2572,39.63,medium
4392,1088,418.46,32.0,2.6,6,4,rain,1868,58.53,high
4393,901,118.4,31.3,7.61,23,3,fog,2836,38.89,medium
4394,2527,343.34,14.7,7.36,8,4,rain,2600,83.29,severe
4395,338,137.4,49.3,2.46,23,5,clear,966,33.25,medium
4396,419,238.07,50.6,1.76,4,6,clear,1964,19.28,low
4397,755,379.4,50.0,1.99,4,3,clear,2800,22.83,low
4398,1170,312.0,43.0,3.75,5,0,clear,2728,37.98,medium
4399,384,238.51,44.7,1.61,20,2,rain,1054,36.08,medium
4400,560,347.83,49.1,1.61,18,2,clear,2306,24.96,low
4401,1612,404.01,17.2,3.99,7,0,rain,1743,84.74,severe
4402,580,306.88,51.7,1.89,11,6,clear,2591,20.87,low
4403,470,610.39,44.0,0.77,6,3,clear,840,46.55,medium
4404,1293,349.46,46.9,3.7,20,3,clear,2787,43.28,medium
4405,1895,447.99,24.1,4.23,19,6,rain,2979,60.54,high
4406,316,88.27,38.2,3.58,21,4,storm,1042,30.77,medium
4407,500,431.03,55.7,1.16,8,6,clear,2748,10.19,low
4408,478,468.63,44.0,1.02,22,5,clear,1990,23.14,low
4409,399,202.54,41.6,1.97,0,5,rain,1290,37.39,medium
4410,832,136.62,43.7,6.09,19,6,clear,1753,36.65,medium
4411,1322,190.22,37.6,6.95,22,2,clear,2183,52.46,high
4412,984,1789.09,42.8,0.55,6,3,clear,2087,39.84,medium
4413,748,121.82,37.9,6.14,19,0,clear,1340,55.1,high
4414,442,242.86,49.2,1.82,0,3,clear,1597,21.1,low
4415,614,192.48,39.6,3.19,21,2,clear,1109,44.91,medium
4416,1017,800.79,48.4,1.27,5,1,clear,2414,32.93,medium
4417,605,280.09,48.7,2.16,3,5,clear,1853,22.8,low
4418,862,1539.29,42.4,0.56,3,0,clear,2296,28.28,medium
4419,566,75.37,36.1,7.51,6,1,fog,1581,40.96,medium
4420,184,142.64,48.0,1.29,15,5,clear,819,29.37,medium
4421,608,832.88,48.3,0.73,23,6,clear,1501,28.08,medium
4422,200,47.51,53.1,4.21,5,0,clear,1385,13.94,low
4423,380,201.06,41.9,1.89,23,5,rain,1042,34.18,medium
4424,524,100.96,31.4,5.19,2,0,rain,976,59.56,high
4425,1577,241.13,30.2,6.54,8,0,clear,2147,54.76,high
4426,545,102.06,43.5,5.34,0,2,clear,1200,44.28,medium
4427,603,200.33,42.4,3.01,21,2,clear,1896,36.49,medium
4428,473,110.26,48.6,4.29,13,4,clear,1769,21.74,low
4429,355,215.15,45.0,1.65,4,2,clear,1259,29.46,medium
4430,772,210.93,39.7,3.66,20,2,clear,1458,43.54,medium
4431,980,176.26,29.6,5.56,13,2,storm,2547,45.62,medium
4432,679,665.69,41.0,1.02,13,4,fog,2963,18.99,low
4433,456,577.22,47.3,0.79,5,5,clear,2123,26.6,medium
4434,867,125.29,21.3,6.92,8,0,fog,1418,62.67,high
4435,326,47.66,36.6,6.84,16,1,fog,1293,27.52,medium
4436,632,87.17,35.7,7.25,4,1,clear,1362,46.0,medium
4437,1516,395.82,28.0,3.83,7,6,fog,2639,55.41,high
4438,993,1003.03,38.8,0.99,0,2,rain,2520,40.11,medium
4439,1736,239.78,16.1,7.24,10,4,rain,1778,93.18,severe
4440,1848,433.8,13.2,4.26,18,0,storm,2061,81.53,severe
4441,696,483.33,46.0,1.44,2,2,clear,1738,32.68,medium
4442,1483,484.64,30.3,3.06,6,3,rain,2510,53.84,high
4443,345,53.99,58.6,6.39,9,5,clear,2424,8.96,low
4444,674,401.19,35.0,1.68,15,1,rain,1784,40.19,medium
4445,720,118.62,46.4,6.07,15,6,clear,2623,26.31,medium
4446,516,124.94,40.4,4.13,16,1,rain,1773,29.07,medium
4447,334,292.98,42.9,1.14,3,0,clear,966,39.0,medium
4448,386,56.93,45.8,6.78,15,2,clear,1016,34.68,medium
4449,968,1792.59,31.5,0.54,10,0,clear,1173,76.85,severe
4450,976,272.63,26.4,3.58,7,1,storm,2225,48.79,medium
4451,1054,303.75,36.9,3.47,4,4,rain,2759,38.3,medium
4452,1979,310.68,30.3,6.37,19,2,clear,2663,62.46,high
4453,856,107.81,44.6,7.94,1,4,clear,1944,37.95,medium
4454,915,215.8,39.8,4.24,1,1,clear,2581,34.22,medium
4455,831,323.35,23.5,2.57,11,3,storm,1434,59.41,high
4456,1005,476.3,27.6,2.11,2,2,fog,1962,51.63,high
4457,1942,975.88,39.5,1.99,18,1,clear,2720,62.77,high
4458,109,165.15,50.2,0.66,21,6,clear,1005,6.25,low
4459,628,84.18,47.9,7.46,12,6,clear,2531,29.33,medium
4460,1773,317.74,34.9,5.58,10,4,clear,2956,54.96,high
4461,562,218.68,35.6,2.57,7,6,rain,1086,47.22,medium
4462,204,26.05,51.4,7.83,16,4,clear,963,16.83,low
4463,682,225.83,48.7,3.02,22,6,clear,2590,26.86,medium
4464,367,54.61,54.7,6.72,21,5,clear,1811,16.41,low
4465,1165,187.3,44.1,6.22,1,2,clear,2635,39.95,medium
4466,575,500.0,47.6,1.15,1,2,clear,1850,22.81,low
4467,482,157.52,47.1,3.06,23,4,rain,1299,34.28,medium
4468,309,57.54,52.2,5.37,22,6,clear,1679,15.1,low
4469,909,212.38,48.8,4.28,0,3,clear,2954,27.19,medium
4470,668,220.46,37.1,3.03,4,6,storm,2761,26.95,medium
4471,937,261.0,50.1,3.59,18,1,clear,2810,31.65,medium
4472,1358,598.24,34.3,2.27,4,2,rain,2447,50.71,high
4473,355,75.53,57.4,4.7,13,1,clear,2966,10.54,low
4474,637,439.31,49.4,1.45,12,1,clear,2999,17.17,low
4475,676,148.9,50.5,4.54,2,4,clear,2292,21.93,low
4476,694,103.12,38.5,6.73,16,3,fog,2195,30.59,medium
4477,1599,295.02,25.5,5.42,19,4,rain,2264,71.97,high
4478,1066,549.48,39.5,1.94,19,5,clear,2331,47.34,medium
4479,1016,139.56,44.7,7.28,22,2,clear,2385,39.78,medium
4480,816,246.53,45.7,3.31,23,4,clear,2098,35.59,medium
4481,440,56.05,53.2,7.85,23,0,clear,1977,14.63,low
4482,657,146.33,48.8,4.49,1,2,clear,2884,24.95,low
4483,821,333.74,39.2,2.46,8,0,rain,1881,41.42,medium
4484,517,646.25,44.2,0.8,3,4,clear,1036,40.33,medium
4485,74,20.73,49.3,3.57,11,6,rain,1215,5.53,low
4486,903,233.33,32.3,3.87,17,1,fog,1649,60.23,high
4487,231,72.64,50.1,3.18,23,0,clear,984,18.01,low
4488,795,172.45,43.5,4.61,6,5,rain,2821,26.02,medium
4489,688,86.32,48.1,7.97,6,6,clear,2499,25.0,low
4490,1684,375.89,28.9,4.48,19,4,rain,2550,63.44,high
4491,815,121.28,42.0,6.72,23,1,rain,1977,33.06,medium
4492,1935,360.34,17.3,5.37,17,1,fog,2296,79.38,severe
4493,1292,1196.3,35.8,1.08,3,1,fog,2605,47.15,medium
4494,618,223.91,40.2,2.76,17,1,clear,1454,37.96,medium
4495,1071,333.64,34.5,3.21,8,0,clear,1936,46.65,medium
4496,881,137.66,46.1,6.4,2,6,clear,2553,36.2,medium
4497,580,285.71,51.5,2.03,11,5,clear,2828,17.38,low
4498,166,30.8,54.3,5.39,21,0,clear,1141,14.64,low
4499,1445,246.59,35.8,5.86,8,4,clear,1977,68.92,high
4500,542,82.37,43.5,6.58,11,4,clear,1085,34.66,medium
4501,342,100.88,50.1,3.39,1,0,clear,1389,27.35,medium
4502,538,259.9,45.1,2.07,16,1,clear,1770,29.15,medium
4503,259,49.52,53.0,5.23,23,6,clear,1148,27.89,medium
4504,54,7.17,57.0,7.53,2,0,clear,2525,5.93,low
4505,659,95.65,48.7,6.89,23,5,clear,2293,29.47,medium
4506,346,326.42,48.6,1.06,5,0,clear,1059,23.54,low
4507,417,313.53,30.1,1.33,0,4,storm,1613,29.79,medium
4508,1184,386.93,42.0,3.06,22,1,clear,2937,34.02,medium
4509,626,112.79,53.0,5.55,14,1,clear,1840,27.63,medium
4510,1054,143.4,37.8,7.35,13,2,clear,2294,41.74,medium
4511,1713,431.49,23.3,3.97,18,2,clear,2093,79.78,severe
4512,1178,1061.26,38.9,1.11,13,2,clear,2596,42.64,medium
4513,276,110.84,55.7,2.49,23,0,clear,1349,12.93,low
4514,590,140.81,47.0,4.19,2,0,clear,2332,27.62,medium
4515,706,206.43,32.3,3.42,13,4,fog,1544,49.65,medium
4516,1059,784.44,33.3,1.35,18,5,rain,1843,57.95,high
4517,323,41.41,48.1,7.8,5,6,clear,1321,26.81,medium
4518,1881,426.53,32.2,4.41,17,2,clear,2615,59.65,high
4519,454,62.19,54.3,7.3,4,6,clear,1887,19.88,low
4520,972,1833.96,32.5,0.53,6,3,fog,2296,39.26,medium
4521,880,170.54,39.5,5.16,18,6,rain,2420,38.12,medium
4522,231,156.08,53.1,1.48,14,6,clear,989,13.71,low
4523,629,95.3,45.0,6.6,8,5,clear,1437,38.27,medium
4524,262,52.09,45.1,5.03,4,4,fog,1344,20.76,low
4525,115,72.78,49.1,1.58,22,5,clear,834,16.88,low
4526,661,123.32,51.5,5.36,22,6,clear,2390,24.47,low
4527,550,76.92,33.8,7.15,14,0,rain,1074,52.94,high
4528,633,472.39,34.4,1.34,18,0,rain,1387,42.91,medium
4529,715,388.59,50.4,1.84,22,3,clear,1990,36.62,medium
4530,162,23.01,51.0,7.04,1,5,clear,938,20.45,low
4531,463,205.78,51.2,2.25,4,0,clear,1978,22.58,low
4532,1196,357.01,40.4,3.35,14,3,rain,2846,39.27,medium
4533,373,48.38,54.4,7.71,12,5,clear,2382,10.15,low
4534,618,401.3,41.9,1.54,8,6,clear,1530,43.57,medium
4535,667,113.82,41.2,5.86,14,1,rain,1794,33.01,medium
4536,358,175.49,56.0,2.04,22,6,clear,2345,17.06,low
4537,2787,447.35,20.9,6.23,8,0,clear,2768,86.58,severe
4538,385,113.91,53.0,3.38,9,3,clear,1440,21.98,low
4539,653,768.24,46.1,0.85,23,0,clear,2077,24.17,low
4540,468,186.45,36.6,2.51,7,2,clear,812,48.99,medium
4541,294,108.49,49.9,2.71,9,3,clear,1054,22.24,low
4542,2148,401.5,24.5,5.35,18,4,clear,2776,67.05,high
4543,1805,673.51,25.1,2.68,10,5,rain,2640,67.84,high
4544,425,87.45,54.6,4.86,16,6,clear,2473,15.37,low
4545,418,64.51,49.1,6.48,5,5,clear,2473,18.43,low
4546,1580,370.89,30.8,4.26,10,2,clear,2509,63.86,high
4547,246,106.96,53.0,2.3,21,5,clear,2102,10.11,low
4548,514,123.56,40.8,4.16,3,4,fog,1867,30.06,medium
4549,235,49.58,52.8,4.74,18,5,clear,1495,21.51,low
4550,936,278.57,46.9,3.36,20,5,clear,2991,28.98,medium
4551,646,187.25,33.3,3.45,6,1,rain,1437,45.34,medium
4552,559,138.71,42.8,4.03,6,3,fog,2192,24.06,low
4553,615,615.0,46.4,1.0,22,3,clear,1823,28.89,medium
4554,867,207.91,44.6,4.17,23,2,clear,2101,33.74,medium
4555,385,87.1,36.2,4.42,18,5,storm,2146,22.63,low
4556,520,171.62,43.1,3.03,11,6,clear,1569,34.37,medium
4557,619,92.8,38.8,6.67,4,0,rain,1669,28.74,medium
4558,1181,258.99,30.5,4.56,7,0,rain,1575,79.03,severe
4559,373,124.75,53.7,2.99,21,1,clear,2148,17.09,low
4560,946,232.43,38.1,4.07,17,2,clear,1494,47.34,medium
4561,320,117.22,52.6,2.73,15,5,clear,2451,9.07,low
4562,375,57.78,34.8,6.49,14,6,rain,992,41.56,medium
4563,844,147.04,35.5,5.74,21,1,rain,1832,47.79,medium
4564,1007,434.05,32.1,2.32,21,0,fog,1948,43.96,medium
4565,218,31.78,49.9,6.86,22,6,clear,884,24.17,low
4566,906,324.73,44.8,2.79,15,6,clear,1830,45.72,medium
4567,1228,503.28,31.6,2.44,3,1,fog,2818,40.55,medium
4568,1355,427.44,39.3,3.17,8,3,clear,2865,42.06,medium
4569,422,69.29,48.4,6.09,3,6,rain,2931,14.38,low
4570,388,179.63,44.4,2.16,22,0,clear,950,36.88,medium
4571,858,137.94,32.8,6.22,6,1,rain,2300,36.36,medium
4572,390,85.34,38.9,4.57,1,1,fog,1315,31.46,medium
4573,1322,533.06,31.2,2.48,7,1,clear,1813,70.47,high
4574,571,156.44,50.9,3.65,3,4,clear,2097,18.32,low
4575,888,1138.46,47.5,0.78,0,6,clear,2595,30.76,medium
4576,554,306.08,29.0,1.81,23,2,fog,1020,52.68,high
4577,1353,606.73,36.4,2.23,23,0,clear,2009,58.4,high
4578,1515,2525.0,44.6,0.6,15,3,clear,2991,39.82,medium
4579,1267,924.82,10.8,1.37,17,1,rain,1179,100.0,severe
4580,421,153.09,49.6,2.75,23,5,clear,1643,24.68,low
4581,945,403.85,46.5,2.34,13,1,clear,2600,33.2,medium
4582,1571,359.5,33.5,4.37,16,2,rain,2615,51.21,high
4583,767,239.69,35.8,3.2,9,3,rain,2440,41.31,medium
4584,462,179.07,34.8,2.58,3,3,rain,1333,35.71,medium
4585,302,64.26,48.1,4.7,4,5,clear,926,27.75,medium
4586,1463,403.03,41.1,3.63,19,6,clear,2530,55.75,high
4587,964,403.35,40.9,2.39,7,2,clear,1569,53.27,high
4588,1278,568.0,33.7,2.25,6,1,clear,2099,59.43,high
4589,547,362.25,46.4,1.51,13,5,clear,2289,30.9,medium
4590,511,86.17,46.2,5.93,8,2,clear,1540,26.61,medium
4591,715,317.78,33.2,2.25,7,3,clear,1042,60.94,high
4592,643,277.16,42.2,2.32,11,1,clear,1493,36.32,medium
4593,172,45.87,50.2,3.75,11,3,clear,893,15.61,low
4594,1145,361.2,25.8,3.17,22,0,rain,1707,73.3,high
4595,548,133.66,49.5,4.1,22,1,clear,2378,22.19,low
4596,847,443.46,38.7,1.91,7,3,clear,1541,51.4,high
4597,457,457.0,52.7,1.0,13,2,clear,2075,19.31,low
4598,755,343.18,56.2,2.2,0,4,clear,2982,17.1,low
4599,416,72.22,44.2,5.76,4,5,clear,1060,41.17,medium
4600,1029,252.83,36.1,4.07,14,3,clear,2237,47.87,medium
4601,1583,372.47,32.1,4.25,18,4,clear,2208,65.55,high
4602,552,78.3,38.9,7.05,9,3,fog,2689,26.62,medium
4603,1058,368.64,32.2,2.87,6,1,fog,2461,50.15,high
4604,697,107.23,43.4,6.5,0,0,clear,2371,38.92,medium
4605,706,115.17,43.3,6.13,15,2,clear,2081,33.26,medium
4606,367,53.58,51.0,6.85,13,6,clear,1677,10.94,low
4607,172,35.83,55.1,4.8,23,5,clear,989,12.67,low
4608,770,271.13,44.1,2.84,21,4,clear,2223,29.95,medium
4609,575,242.62,30.4,2.37,13,0,rain,1109,52.11,high
4610,1031,191.99,23.5,5.37,9,1,fog,1438,64.53,high
4611,428,67.72,53.5,6.32,16,6,clear,2009,21.38,low
4612,504,81.42,43.6,6.19,12,6,clear,1091,39.03,medium
4613,1044,442.37,42.0,2.36,10,3,clear,2998,39.65,medium
4614,1890,747.04,28.2,2.53,19,0,clear,2385,68.76,high
4615,1313,318.69,4.0,4.12,8,2,fog,1317,100.0,severe
4616,1025,128.77,44.9,7.96,1,0,clear,2522,29.06,medium
4617,1221,166.58,40.8,7.33,22,2,clear,2559,43.11,medium
4618,389,151.95,45.4,2.56,4,5,rain,1349,25.17,medium
4619,1056,207.87,38.9,5.08,19,4,clear,1631,55.83,high
4620,757,372.91,40.0,2.03,10,6,rain,1794,36.05,medium
4621,1103,147.86,27.8,7.46,13,4,rain,1617,62.2,high
4622,482,68.76,48.3,7.01,6,5,clear,2058,27.47,medium
4623,290,118.37,51.7,2.45,3,1,clear,1160,16.73,low
4624,989,182.47,45.7,5.42,16,0,clear,2874,32.24,medium
4625,498,64.93,47.0,7.67,12,5,clear,2061,17.39,low
4626,1593,252.06,31.9,6.32,8,2,clear,2578,58.11,high
4627,1201,289.4,23.8,4.15,18,2,rain,1673,67.13,high
4628,840,157.89,40.2,5.32,12,2,rain,2949,29.84,medium
4629,264,177.18,49.9,1.49,17,2,clear,1072,26.07,medium
4630,1563,1028.29,35.8,1.52,20,6,clear,2406,53.82,high
4631,356,329.63,55.3,1.08,4,1,clear,2552,9.61,low
4632,960,551.72,39.3,1.74,13,4,rain,2330,41.94,medium
4633,2394,567.3,21.4,4.22,7,0,clear,2884,78.44,severe
4634,514,484.91,45.3,1.06,6,0,clear,1409,40.31,medium
4635,634,251.59,27.8,2.52,13,6,fog,1534,44.55,medium
4636,974,319.34,47.5,3.05,0,3,clear,2470,34.02,medium
4637,2049,440.65,12.4,4.65,10,1,clear,1933,90.51,severe
4638,537,380.85,41.6,1.41,11,3,clear,1067,45.77,medium
4639,814,209.79,46.6,3.88,18,6,rain,2731,34.87,medium
4640,110,70.06,47.8,1.57,19,3,rain,872,24.89,low
4641,1141,216.51,39.8,5.27,20,5,clear,2295,42.23,medium
4642,1207,379.56,36.6,3.18,6,2,rain,2683,49.06,medium
4643,666,128.08,48.4,5.2,2,0,clear,2894,14.53,low
4644,588,172.43,29.8,3.41,23,2,fog,1395,44.81,medium
4645,826,157.03,46.8,5.26,16,0,clear,2269,29.23,medium
4646,261,43.94,34.0,5.94,22,2,fog,867,37.52,medium
4647,1290,1357.89,25.5,0.95,20,2,clear,1556,74.81,high
4648,2411,623.0,27.5,3.87,18,2,clear,2807,79.89,severe
4649,518,81.57,46.3,6.35,1,2,clear,1636,29.82,medium
4650,837,116.57,24.3,7.18,10,1,clear,1020,74.54,high
4651,1176,189.68,44.8,6.2,19,3,clear,2872,41.11,medium
4652,126,17.75,58.0,7.1,6,6,clear,1257,10.8,low
4653,198,57.23,51.6,3.46,0,2,clear,911,11.59,low
4654,226,47.58,45.0,4.75,6,0,fog,1759,18.12,low
4655,768,393.85,41.3,1.95,2,4,rain,2107,33.5,medium
4656,566,101.25,36.0,5.59,21,6,fog,1688,40.27,medium
4657,195,40.04,53.0,4.87,20,5,clear,1313,19.02,low
4658,457,57.34,46.5,7.97,15,5,rain,2115,17.65,low
4659,473,142.9,50.2,3.31,22,0,clear,1418,22.72,low
4660,623,135.73,25.2,4.59,0,0,rain,1138,55.65,high
4661,122,16.92,54.6,7.21,6,1,clear,879,12.69,low
4662,225,79.23,55.2,2.84,6,6,clear,1584,9.78,low
4663,912,131.98,22.1,6.91,7,1,rain,1390,62.02,high
4664,536,118.85,47.4,4.51,22,2,rain,1897,24.43,low
4665,505,90.18,52.7,5.6,13,0,clear,1867,14.47,low
4666,955,209.43,45.1,4.56,18,4,clear,2204,38.29,medium
4667,1140,174.31,36.4,6.54,9,3,rain,2682,37.51,medium
4668,231,312.16,50.8,0.74,5,6,rain,1823,23.14,low
4669,461,86.01,47.2,5.36,18,6,clear,1159,31.42,medium
4670,373,66.73,40.9,5.59,5,5,rain,936,37.0,medium
4671,1223,223.99,30.9,5.46,14,2,fog,2533,51.02,high
4672,1294,320.3,31.9,4.04,20,5,clear,2256,46.64,medium
4673,834,126.75,35.8,6.58,0,5,fog,1932,33.87,medium
4674,916,142.68,29.9,6.42,18,3,clear,1758,52.52,high
4675,478,64.08,35.8,7.46,14,2,storm,2999,27.33,medium
4676,623,262.87,43.9,2.37,14,0,clear,1675,30.05,medium
4677,722,148.25,44.8,4.87,5,3,rain,2377,21.42,low
4678,901,324.1,50.2,2.78,22,4,clear,2466,31.6,medium
4679,1352,542.97,37.0,2.49,21,0,clear,2570,44.88,medium
4680,706,102.02,37.5,6.92,17,3,clear,1150,52.07,high
4681,931,130.39,52.5,7.14,22,6,clear,2595,29.15,medium
4682,417,59.91,36.0,6.96,20,6,clear,822,50.62,high
4683,1246,1832.35,8.6,0.68,10,0,storm,1273,90.68,severe
4684,1013,159.28,39.9,6.36,12,2,rain,2699,33.91,medium
4685,629,165.53,32.3,3.8,5,2,clear,947,55.81,high
4686,729,416.57,49.3,1.75,17,0,clear,2281,20.13,low
4687,314,78.89,33.1,3.98,1,6,storm,1001,36.34,medium
4688,1391,405.54,32.8,3.43,18,1,clear,1858,66.34,high
4689,1545,2239.13,18.4,0.69,18,4,rain,1784,73.89,high
4690,600,81.41,56.7,7.37,5,5,clear,2902,19.1,low
4691,673,108.55,37.4,6.2,5,1,fog,1623,30.52,medium
4692,1029,190.2,34.6,5.41,0,0,fog,2776,40.86,medium
4693,1875,532.67,26.5,3.52,10,0,rain,2696,63.04,high
4694,1655,269.11,32.2,6.15,20,3,clear,2407,59.23,high
4695,214,29.56,49.2,7.24,4,0,clear,2007,9.65,low
4696,954,227.68,34.9,4.19,1,0,fog,2203,46.46,medium
4697,394,97.04,57.4,4.06,0,2,clear,2808,13.7,low
4698,580,297.44,48.2,1.95,13,5,clear,2574,22.36,low
4699,168,48.98,54.7,3.43,18,5,clear,844,17.76,low
4700,94,22.27,56.7,4.22,12,2,clear,2150,0.0,low
4701,358,61.83,39.9,5.79,0,0,clear,967,33.85,medium
4702,509,245.89,42.3,2.07,7,6,clear,1590,29.41,medium
4703,795,105.44,43.2,7.54,14,1,rain,2126,36.22,medium
4704,878,545.34,40.6,1.61,20,6,clear,1913,39.25,medium
4705,228,61.13,47.0,3.73,21,2,rain,830,17.38,low
4706,508,115.98,37.1,4.38,9,4,rain,1544,25.36,medium
4707,532,738.89,40.8,0.72,16,6,clear,1187,44.23,medium
4708,912,603.97,48.2,1.51,9,0,clear,2380,36.52,medium
4709,1394,445.37,31.7,3.13,7,6,rain,2714,51.53,high
4710,670,99.55,47.5,6.73,19,6,clear,2669,18.29,low
4711,484,83.3,52.3,5.81,23,2,clear,2050,9.5,low
4712,664,237.14,41.9,2.8,23,4,clear,1996,29.7,medium
4713,193,163.56,53.9,1.18,11,3,clear,1323,19.67,low
4714,303,84.17,40.7,3.6,22,2,fog,1041,30.8,medium
4715,561,75.71,46.3,7.41,1,6,clear,1762,33.94,medium
4716,330,138.08,27.4,2.39,2,3,storm,901,44.96,medium
4717,365,250.0,53.6,1.46,10,1,clear,1608,20.42,low
4718,1675,2887.93,33.1,0.58,19,4,clear,2497,58.25,high
4719,346,71.05,40.1,4.87,17,3,rain,1168,34.84,medium
4720,1060,199.62,37.5,5.31,18,1,clear,2050,42.0,medium
4721,838,389.77,39.8,2.15,18,5,clear,1631,47.87,medium
4722,324,54.64,50.0,5.93,12,3,clear,1578,19.2,low
4723,844,135.26,49.3,6.24,20,1,clear,2669,29.7,medium
4724,1044,137.91,47.7,7.57,10,1,clear,2581,39.01,medium
4725,985,159.39,41.9,6.18,16,0,clear,2478,40.77,medium
4726,1018,278.14,45.6,3.66,17,6,clear,2531,32.52,medium
4727,842,111.97,48.1,7.52,21,5,clear,2111,33.09,medium
4728,406,119.06,31.3,3.41,21,2,fog,961,36.0,medium
4729,345,118.15,38.6,2.92,1,5,clear,846,37.77,medium
4730,182,94.3,57.1,1.93,4,5,clear,1147,12.36,low
4731,335,656.86,36.9,0.51,20,1,clear,925,35.53,medium
4732,578,98.13,53.0,5.89,17,5,clear,2129,24.29,low
4733,1296,262.88,37.6,4.93,7,0,clear,2479,49.84,medium
4734,1078,592.31,36.4,1.82,9,2,clear,1507,63.56,high
4735,1124,183.96,39.8,6.11,8,5,clear,2863,34.19,medium
4736,795,146.95,37.2,5.41,15,4,clear,1448,52.52,high
4737,633,379.04,30.9,1.67,9,0,fog,1538,41.56,medium
4738,499,91.56,44.7,5.45,11,6,rain,2257,19.4,low
4739,742,95.5,41.3,7.77,9,5,rain,2179,28.44,medium
4740,1040,144.85,37.1,7.18,17,3,clear,1870,50.13,high
4741,231,90.94,52.0,2.54,6,5,clear,856,24.75,low
4742,928,587.34,33.6,1.58,8,3,fog,1615,58.78,high
4743,795,157.43,50.4,5.05,21,2,clear,2713,19.99,low
4744,742,431.4,38.7,1.72,5,0,clear,1549,40.26,medium
4745,1232,410.67,36.2,3.0,7,0,clear,2022,50.48,high
4746,1392,592.34,43.0,2.35,10,6,clear,2771,45.61,medium
4747,573,141.83,48.4,4.04,9,2,clear,1612,35.1,medium
4748,1304,188.99,38.8,6.9,8,1,clear,2212,49.11,medium
4749,457,152.33,45.1,3.0,2,0,clear,1401,28.44,medium
4750,1116,301.62,31.9,3.7,7,4,clear,1637,62.16,high
4751,495,92.52,38.1,5.35,21,3,clear,1083,53.98,high
4752,719,107.8,48.3,6.67,12,4,clear,2894,26.98,medium
4753,851,403.32,29.1,2.11,11,6,storm,2414,32.91,medium
4754,768,114.46,23.1,6.71,9,4,clear,901,71.88,high
4755,833,137.69,23.0,6.05,21,4,storm,2362,42.86,medium
4756,367,46.57,48.4,7.88,19,2,clear,1116,25.24,medium
4757,155,20.21,61.7,7.67,5,2,clear,887,13.15,low
4758,546,300.0,48.2,1.82,9,6,clear,2288,19.39,low
4759,517,239.35,47.7,2.16,13,3,clear,1583,31.74,medium
4760,576,102.86,49.9,5.6,11,1,clear,2785,17.94,low
4761,1742,1012.79,32.0,1.72,19,2,clear,2456,63.43,high
4762,402,236.47,49.0,1.7,15,5,clear,1462,27.39,medium
4763,1138,319.66,39.6,3.56,8,1,clear,2804,30.2,medium
4764,368,613.33,51.8,0.6,22,5,clear,2195,21.67,low
4765,1025,142.16,33.2,7.21,7,5,rain,2380,49.73,medium
4766,1223,214.19,41.4,5.71,13,2,clear,2711,46.91,medium
4767,369,61.5,48.3,6.0,11,5,clear,1533,25.06,medium
4768,692,155.86,38.5,4.44,4,0,fog,2995,27.68,medium
4769,397,61.08,54.0,6.5,15,6,clear,2078,28.12,medium
4770,1506,188.72,31.4,7.98,4,2,rain,2768,60.27,high
4771,899,126.44,34.2,7.11,10,2,clear,1507,54.7,high
4772,537,348.7,39.5,1.54,10,5,clear,1282,32.63,medium
4773,225,47.77,45.5,4.71,21,2,rain,1549,18.84,low
4774,930,201.3,33.2,4.62,8,0,fog,2266,43.18,medium
4775,1009,494.61,39.4,2.04,11,6,clear,2073,48.01,medium
4776,618,91.69,29.5,6.74,20,6,clear,805,66.54,high
4777,363,96.03,53.5,3.78,16,2,clear,1877,12.09,low
4778,1774,321.38,25.3,5.52,17,4,rain,2166,75.51,severe
4779,1197,157.92,39.2,7.58,20,5,clear,2147,51.13,high
4780,1614,293.45,25.1,5.5,18,3,storm,2817,60.19,high
4781,278,48.1,58.5,5.78,0,1,clear,2539,17.46,low
4782,1614,234.25,21.9,6.89,3,2,storm,2712,55.37,high
4783,1350,217.74,4.0,6.2,20,1,storm,1196,100.0,severe
4784,1427,1783.75,31.7,0.8,20,3,clear,2268,58.78,high
4785,579,249.57,44.1,2.32,12,1,clear,1486,36.01,medium
4786,833,122.68,40.3,6.79,5,4,clear,1696,45.51,medium
4787,490,88.13,48.5,5.56,6,3,clear,1385,30.68,medium
4788,727,692.38,53.8,1.05,16,5,clear,2913,16.67,low
4789,651,164.81,35.0,3.95,1,5,rain,2139,32.26,medium
4790,1226,192.77,30.3,6.36,12,0,fog,2747,40.22,medium
4791,708,92.55,37.3,7.65,19,6,rain,2544,26.24,medium
4792,977,1177.11,40.9,0.83,15,3,clear,2502,43.38,medium
4793,662,102.8,46.7,6.44,22,0,clear,1841,31.99,medium
4794,828,202.94,45.9,4.08,1,5,clear,2750,28.96,medium
4795,784,137.3,33.3,5.71,9,1,rain,1597,48.35,medium
4796,1190,205.53,31.7,5.79,2,1,rain,2429,52.45,high
4797,693,98.3,23.6,7.05,9,2,fog,1134,61.06,high
4798,705,377.01,50.9,1.87,15,4,clear,2965,19.06,low
4799,428,75.22,45.0,5.69,22,4,clear,1007,33.62,medium
4800,441,95.25,44.0,4.63,14,6,clear,1370,32.1,medium
4801,1106,891.94,45.2,1.24,20,6,clear,2852,33.04,medium
4802,1336,310.7,29.6,4.3,14,4,rain,2590,53.14,high
4803,697,213.8,26.6,3.26,17,6,fog,1377,56.01,high
4804,969,794.26,45.3,1.22,11,6,clear,2914,32.42,medium
4805,133,198.51,43.7,0.67,12,6,rain,1367,16.03,low
4806,361,187.05,48.6,1.93,12,0,clear,1019,27.22,medium
4807,328,134.98,52.9,2.43,6,6,clear,1387,20.95,low
4808,968,756.25,23.7,1.28,8,2,clear,1021,79.31,severe
4809,1322,256.7,35.4,5.15,13,2,rain,2778,44.57,medium
4810,677,136.22,46.1,4.97,1,4,clear,1827,30.13,medium
4811,754,777.32,42.9,0.97,12,0,rain,2136,37.11,medium
4812,1968,803.27,26.7,2.45,17,2,clear,2887,56.75,high
4813,585,91.69,43.8,6.38,5,2,clear,1680,29.95,medium
4814,195,27.16,48.5,7.18,23,2,clear,1016,24.67,low
4815,789,152.02,30.3,5.19,10,1,clear,870,77.39,severe
4816,1383,263.93,31.1,5.24,16,3,fog,2546,58.89,high
4817,567,151.6,32.5,3.74,1,5,rain,1363,39.09,medium
4818,828,136.86,42.4,6.05,21,3,clear,2476,37.13,medium
4819,283,47.72,44.4,5.93,22,2,clear,847,33.44,medium
4820,1484,449.7,33.1,3.3,22,4,rain,2593,49.05,medium
4821,2780,798.85,7.3,3.48,20,0,rain,2635,100.0,severe
4822,606,80.05,50.6,7.57,13,5,clear,2037,32.34,medium
4823,226,59.32,53.1,3.81,4,1,clear,1104,19.31,low
4824,423,104.7,49.1,4.04,6,6,clear,1691,23.2,low
4825,952,134.27,44.9,7.09,22,5,clear,2300,32.32,medium
4826,1431,872.56,40.4,1.64,20,6,clear,2671,37.25,medium
4827,399,128.3,41.8,3.11,15,1,clear,1024,37.83,medium
4828,801,124.77,48.9,6.42,13,1,clear,2607,29.48,medium
4829,618,357.23,49.1,1.73,4,6,clear,2112,25.39,medium
4830,1605,345.91,30.3,4.64,8,0,clear,2039,66.42,high
4831,696,376.22,43.4,1.85,12,2,clear,1970,29.63,medium
4832,684,245.16,36.8,2.79,21,4,rain,1428,46.56,medium
4833,343,45.79,46.5,7.49,12,6,clear,1392,24.22,low
4834,458,124.46,49.9,3.68,5,1,clear,2236,17.17,low
4835,1069,255.13,40.7,4.19,9,4,clear,2004,50.97,high
4836,522,246.23,49.5,2.12,7,1,clear,1447,35.34,medium
4837,720,93.39,27.3,7.71,18,3,clear,1072,61.37,high
4838,574,100.35,36.7,5.72,21,4,clear,1075,47.2,medium
4839,442,425.0,28.2,1.04,19,6,fog,843,54.63,high
4840,924,259.55,47.9,3.56,4,3,clear,2655,31.34,medium
4841,225,56.53,51.4,3.98,10,5,clear,1033,21.05,low
4842,1797,293.63,34.4,6.12,20,1,clear,2685,58.22,high
4843,645,124.04,50.0,5.2,21,2,clear,2474,20.25,low
4844,1242,833.56,32.6,1.49,17,2,clear,1771,62.83,high
4845,708,182.01,36.1,3.89,23,1,clear,1159,55.62,high
4846,2329,820.07,27.0,2.84,10,4,clear,2968,72.21,high
4847,1221,157.14,27.3,7.77,17,4,clear,1601,69.22,high
4848,1203,213.68,44.5,5.63,5,5,clear,2900,32.71,medium
4849,435,133.03,60.2,3.27,11,4,clear,2642,15.09,low
4850,1024,386.42,45.5,2.65,21,5,clear,2959,31.23,medium
4851,298,69.14,49.7,4.31,9,3,clear,1129,23.16,low
4852,977,781.6,34.6,1.25,7,1,clear,1423,59.07,high
4853,1341,467.25,29.3,2.87,14,1,rain,2832,36.51,medium
4854,650,82.8,22.7,7.85,12,1,fog,956,65.04,high
4855,1632,275.68,25.5,5.92,19,0,rain,2487,60.75,high
4856,716,100.56,42.2,7.12,14,0,clear,1561,39.68,medium
4857,936,234.0,26.4,4.0,23,4,rain,1601,65.27,high
4858,1483,446.69,29.8,3.32,5,3,rain,2143,70.48,high
4859,543,125.99,39.8,4.31,3,0,clear,1252,33.41,medium
4860,2045,1002.45,14.1,2.04,7,4,rain,2050,96.09,severe
4861,650,82.8,40.6,7.85,11,4,clear,1365,39.48,medium
4862,635,218.97,46.5,2.9,1,4,clear,1953,31.57,medium
4863,358,99.72,51.5,3.59,4,6,clear,2076,18.75,low
4864,1695,317.42,29.4,5.34,10,3,rain,2845,51.32,high
4865,735,143.55,32.0,5.12,22,6,fog,2337,36.97,medium
4866,1142,541.23,28.2,2.11,15,1,storm,2492,48.54,medium
4867,1129,442.75,41.3,2.55,14,4,clear,2934,34.72,medium
4868,1303,862.91,39.2,1.51,1,6,clear,2696,35.55,medium
4869,858,259.21,43.6,3.31,4,3,clear,1906,46.92,medium
4870,1243,644.04,33.5,1.93,2,1,rain,2927,44.19,medium
4871,869,607.69,43.4,1.43,3,5,clear,2451,32.31,medium
4872,2885,994.83,13.8,2.9,18,6,clear,2851,95.14,severe
4873,397,201.52,54.0,1.97,15,2,clear,1792,20.22,low
4874,337,83.83,54.2,4.02,5,5,clear,1701,6.78,low
4875,713,369.43,45.3,1.93,5,5,clear,2009,36.16,medium
4876,489,75.35,51.2,6.49,22,5,clear,2422,14.91,low
4877,614,1058.62,39.8,0.58,10,2,fog,1927,40.31,medium
4878,930,272.73,44.8,3.41,4,1,clear,2187,36.88,medium
4879,736,645.61,31.8,1.14,19,2,clear,929,67.44,high
4880,927,372.29,40.5,2.49,16,2,rain,2969,27.37,medium
4881,432,91.53,50.2,4.72,23,5,clear,1350,31.04,medium
4882,1622,211.47,14.3,7.67,18,4,storm,2146,75.98,severe
4883,715,309.52,38.3,2.31,9,2,clear,1247,48.59,medium
4884,237,169.29,48.2,1.4,0,6,clear,837,28.72,medium
4885,383,63.73,42.1,6.01,13,4,rain,1003,37.13,medium
4886,721,542.11,36.0,1.33,17,1,rain,1472,42.33,medium
4887,1900,281.48,24.4,6.75,7,1,fog,2775,70.43,high
4888,325,48.65,38.2,6.68,16,6,fog,1235,30.95,medium
4889,856,764.29,38.4,1.12,3,3,rain,1511,50.03,high
4890,1198,1274.47,36.0,0.94,15,5,rain,2724,38.94,medium
4891,466,60.92,50.7,7.65,22,0,clear,1770,26.81,medium
4892,938,440.38,38.1,2.13,21,4,clear,1751,52.01,high
4893,518,77.78,34.9,6.66,3,0,clear,935,54.06,high
4894,888,316.01,37.3,2.81,8,6,rain,2588,30.48,medium
4895,1386,183.09,40.5,7.57,15,3,clear,2891,45.71,medium
4896,791,497.48,31.1,1.59,5,5,storm,2146,37.28,medium
4897,1530,347.73,26.9,4.4,0,0,rain,2079,69.14,high
4898,1752,2780.95,31.5,0.63,23,0,rain,2960,60.98,high
4899,883,477.3,32.0,1.85,17,2,clear,1468,56.97,high
4900,1115,222.11,27.9,5.02,18,0,clear,1342,68.75,high
4901,424,87.42,53.8,4.85,18,2,clear,1475,23.52,low
4902,222,68.1,47.9,3.26,0,6,clear,1010,29.83,medium
4903,686,341.29,51.8,2.01,7,5,clear,2523,28.5,medium
4904,1710,2011.76,4.0,0.85,10,3,rain,1069,100.0,severe
4905,957,381.27,24.9,2.51,8,3,clear,1190,69.77,high
4906,604,86.66,52.1,6.97,15,2,clear,2215,11.97,low
4907,1176,157.22,28.5,7.48,18,4,rain,1798,59.29,high
4908,2239,982.02,9.1,2.28,20,0,fog,2136,93.76,severe
4909,818,134.76,41.2,6.07,2,6,fog,2229,30.97,medium
4910,705,164.72,48.7,4.28,21,3,clear,2318,26.22,medium
4911,439,107.07,48.0,4.1,3,5,rain,2274,28.35,medium
4912,1039,147.17,25.8,7.06,20,0,storm,1809,55.96,high
4913,2282,1677.94,19.9,1.36,9,4,clear,2407,88.3,severe
4914,749,619.01,23.9,1.21,9,4,clear,946,78.24,severe
4915,598,153.33,24.4,3.9,4,4,storm,1094,55.66,high
4916,565,463.11,44.3,1.22,11,4,clear,1629,34.11,medium
4917,261,50.78,43.9,5.14,3,6,rain,1112,18.1,low
4918,301,58.79,30.8,5.12,0,0,storm,865,38.43,medium
4919,1252,179.37,26.7,6.98,21,3,rain,1909,60.42,high
4920,851,261.85,29.4,3.25,23,2,storm,2299,42.84,medium
4921,1365,837.42,29.7,1.63,19,4,rain,2474,51.57,high
4922,1142,328.16,36.5,3.48,17,5,clear,2276,45.64,medium
4923,1456,1427.45,33.5,1.02,6,1,clear,2781,54.83,high
4924,623,144.88,38.1,4.3,9,3,clear,1494,40.23,medium
4925,623,250.2,46.1,2.49,5,5,clear,2070,24.65,low
4926,215,127.22,43.7,1.69,21,5,rain,1135,26.46,medium
4927,1407,324.19,23.5,4.34,8,1,fog,2677,53.47,high
4928,1045,156.67,32.5,6.67,13,6,fog,2515,41.35,medium
4929,652,193.47,46.1,3.37,14,3,fog,2322,28.67,medium
4930,1495,243.49,35.0,6.14,20,2,clear,2233,61.45,high
4931,784,165.75,29.2,4.73,11,3,rain,1600,45.49,medium
4932,1650,868.42,20.2,1.9,18,4,fog,2037,84.77,severe
4933,814,119.18,40.7,6.83,0,0,clear,2017,37.23,medium
4934,820,120.77,40.5,6.79,2,5,rain,2082,33.34,medium
4935,335,67.95,36.5,4.93,10,4,rain,887,32.93,medium
4936,1644,209.96,31.1,7.83,19,1,clear,2221,65.49,high
4937,753,211.52,35.9,3.56,3,1,rain,1598,44.26,medium
4938,803,171.58,51.0,4.68,1,6,clear,2948,29.76,medium
4939,498,97.27,41.4,5.12,15,0,clear,1150,36.93,medium
4940,566,211.99,48.6,2.67,21,4,clear,1789,25.68,medium
4941,1484,489.77,34.6,3.03,5,2,clear,2764,52.11,high
4942,381,89.86,46.9,4.24,4,6,clear,1186,25.71,medium
4943,431,205.24,22.3,2.1,11,2,storm,844,50.53,high
4944,643,189.12,38.0,3.4,9,6,clear,1288,47.39,medium
4945,1278,1374.19,37.2,0.93,10,2,clear,2148,53.56,high
4946,819,131.46,36.2,6.23,3,5,clear,1707,45.09,medium
4947,1394,192.81,10.8,7.23,10,4,rain,1421,87.96,severe
4948,570,152.0,48.5,3.75,1,1,rain,2677,12.32,low
4949,299,46.36,48.9,6.45,5,5,clear,1720,21.01,low
4950,644,235.9,36.4,2.73,4,1,fog,1642,39.16,medium
4951,1941,279.68,29.6,6.94,20,4,rain,2662,65.08,high
4952,312,60.7,44.7,5.14,5,5,rain,1472,14.25,low
4953,319,151.18,47.3,2.11,7,6,clear,937,24.46,low
4954,1157,320.5,30.2,3.61,20,2,rain,1832,64.38,high
4955,20,6.49,58.8,3.08,21,1,clear,1329,0.0,low
4956,1313,1161.95,31.7,1.13,23,0,rain,2901,44.25,medium
4957,1546,302.54,44.1,5.11,20,3,clear,2994,43.79,medium
4958,222,135.37,48.7,1.64,16,6,clear,1085,21.61,low
4959,685,119.55,38.4,5.73,8,6,rain,1742,44.08,medium
4960,306,44.35,31.7,6.9,15,1,fog,907,45.22,medium
4961,806,455.37,24.6,1.77,7,3,clear,963,74.39,high
4962,239,82.41,51.5,2.9,23,6,clear,1331,13.88,low
4963,850,128.59,35.9,6.61,7,3,clear,1413,54.9,high
4964,922,940.82,33.5,0.98,21,6,rain,2403,43.39,medium
4965,361,58.99,37.3,6.12,4,4,fog,1014,36.59,medium
4966,759,132.23,37.1,5.74,0,5,rain,1628,38.32,medium
4967,2158,653.94,22.0,3.3,18,4,rain,2788,64.12,high
4968,276,34.94,57.3,7.9,1,3,clear,1243,19.83,low
4969,1202,711.24,40.3,1.69,9,1,clear,2676,42.29,medium
4970,190,62.91,56.9,3.02,15,5,clear,1647,13.37,low
4971,442,107.8,40.9,4.1,15,0,rain,1343,27.1,medium
4972,264,83.54,47.0,3.16,22,4,rain,909,29.45,medium
4973,712,259.85,50.9,2.74,8,6,clear,2945,25.2,medium
4974,1293,166.62,44.1,7.76,0,1,clear,2984,37.47,medium
4975,347,50.36,45.6,6.89,0,3,clear,1325,29.16,medium
4976,373,125.17,29.7,2.98,10,6,fog,820,48.88,medium
4977,795,130.54,42.1,6.09,16,3,clear,1479,47.28,medium
4978,1225,765.62,37.9,1.6,9,2,clear,1943,54.93,high
4979,1681,2155.13,27.9,0.78,9,4,rain,2448,62.92,high
4980,517,147.29,35.1,3.51,21,6,storm,1392,45.71,medium
4981,603,79.24,35.5,7.61,15,6,rain,1421,41.36,medium
4982,337,48.84,51.3,6.9,19,6,clear,1237,18.37,low
4983,722,582.26,46.3,1.24,11,1,clear,2158,33.82,medium
4984,3561,765.81,4.0,4.65,20,1,fog,2997,100.0,severe
4985,833,429.38,41.6,1.94,14,0,clear,2139,38.82,medium
4986,537,745.83,48.2,0.72,15,4,clear,2016,24.64,low
4987,1592,2341.18,22.0,0.68,20,5,rain,2104,70.3,high
4988,383,73.09,42.9,5.24,3,3,fog,1718,22.76,low
4989,1359,368.29,18.9,3.69,20,3,rain,1494,79.28,severe
4990,738,971.05,26.4,0.76,20,5,fog,1288,61.67,high
4991,622,956.92,49.1,0.65,16,6,clear,1944,28.02,medium
4992,1198,174.13,34.9,6.88,0,1,clear,2748,41.34,medium
4993,279,42.4,53.0,6.58,19,4,rain,2537,16.26,low
4994,402,57.59,43.9,6.98,10,2,clear,1153,30.66,medium
4995,815,407.5,44.7,2.0,7,2,clear,2048,36.35,medium
4996,354,178.79,48.6,1.98,6,3,clear,993,30.79,medium
4997,397,248.12,37.4,1.6,6,5,fog,1609,30.01,medium
4998,281,51.47,49.4,5.46,22,6,clear,1522,24.3,low
4999,1358,221.9,31.1,6.12,10,1,fog,2776,45.57,medium
5000,889,214.73,38.7,4.14,0,4,clear,2916,33.72,medium
5001,337,48.42,50.6,6.96,13,4,clear,1558,23.96,low
5002,609,78.08,41.3,7.8,5,0,clear,1830,27.34,medium
5003,547,99.82,44.2,5.48,8,5,clear,1158,44.15,medium
5004,553,75.86,51.0,7.29,22,5,clear,2337,18.16,low
5005,922,222.17,19.5,4.15,7,6,clear,927,93.71,severe
5006,1079,144.44,45.0,7.47,18,1,clear,2332,37.76,medium
5007,449,148.68,29.2,3.02,17,5,storm,1324,35.45,medium
5008,389,296.95,59.1,1.31,13,2,clear,2497,11.93,low
5009,227,44.16,52.1,5.14,12,0,clear,892,23.33,low
5010,913,275.0,45.8,3.32,23,1,clear,2506,37.35,medium
5011,691,118.52,38.3,5.83,22,5,clear,1583,44.85,medium
5012,488,146.99,50.6,3.32,12,0,clear,2604,19.56,low
5013,1464,989.19,32.9,1.48,20,2,clear,2669,53.07,high
5014,290,145.73,43.6,1.99,13,1,clear,897,30.2,medium
5015,307,54.14,53.7,5.67,16,5,clear,1534,18.57,low
5016,1273,744.44,21.9,1.71,8,3,rain,1987,58.97,high
5017,1078,1418.42,42.3,0.76,21,3,fog,2610,42.98,medium
5018,1626,226.15,37.1,7.19,17,4,clear,2619,55.41,high
5019,688,146.38,32.2,4.7,18,3,fog,1237,52.14,high
5020,486,78.01,61.5,6.23,16,6,clear,2993,11.07,low
5021,446,307.59,44.4,1.45,0,4,clear,1321,29.59,medium
5022,608,144.42,36.2,4.21,8,6,clear,1060,55.32,high
5023,1194,396.68,47.2,3.01,10,3,clear,2806,35.82,medium
5024,597,171.55,44.9,3.48,20,0,clear,1306,28.0,medium
5025,1493,231.47,16.9,6.45,0,4,storm,2402,61.01,high
5026,1067,423.41,41.1,2.52,12,5,rain,2828,30.84,medium
5027,670,237.59,40.0,2.82,23,6,fog,2693,24.75,low
5028,382,51.62,52.0,7.4,22,6,clear,1461,20.24,low
5029,1054,135.48,44.5,7.78,22,4,clear,2933,28.63,medium
5030,1335,168.99,35.6,7.9,23,4,rain,2614,47.72,medium
5031,356,47.59,43.1,7.48,1,4,clear,1530,23.32,low
5032,594,360.0,41.3,1.65,12,3,rain,2271,19.86,low
5033,418,122.58,44.1,3.41,3,6,fog,1527,28.5,medium
5034,297,64.85,47.4,4.58,1,4,clear,870,25.45,medium
5035,428,60.97,45.0,7.02,6,5,rain,1930,21.56,low
5036,364,247.62,54.2,1.47,19,5,clear,2153,13.95,low
5037,1037,1994.23,28.6,0.52,18,0,clear,1347,73.74,high
5038,420,63.54,44.1,6.61,4,1,clear,1374,25.6,medium
5039,20,11.83,49.1,1.69,15,4,fog,2549,13.34,low
5040,996,143.93,39.2,6.92,20,2,clear,1636,52.69,high
5041,404,68.24,43.5,5.92,9,6,clear,1076,28.43,medium
5042,541,450.83,25.4,1.2,9,4,rain,947,57.98,high
5043,325,48.29,48.6,6.73,17,2,clear,1896,17.74,low
5044,446,76.76,50.8,5.81,4,1,clear,1611,26.01,medium
5045,707,236.45,24.2,2.99,7,2,rain,1150,63.56,high
5046,748,420.22,39.1,1.78,14,0,fog,2358,34.0,medium
5047,773,501.95,39.0,1.54,5,5,fog,2991,25.97,medium
5048,578,466.13,41.7,1.24,14,3,rain,2298,24.3,low
5049,598,128.88,47.6,4.64,8,1,clear,1945,25.85,medium
5050,614,187.2,48.3,3.28,23,2,clear,1506,34.94,medium
5051,1401,284.18,34.3,4.93,17,3,clear,1776,69.42,high
5052,681,109.66,46.8,6.21,8,6,clear,2068,34.39,medium
5053,575,487.29,46.8,1.18,2,6,clear,2529,22.1,low
5054,297,98.34,51.6,3.02,23,3,clear,1339,23.34,low
5055,585,409.09,40.2,1.43,18,5,clear,1137,48.76,medium
5056,536,77.01,54.6,6.96,14,1,clear,2538,13.12,low
5057,256,35.85,51.7,7.14,1,6,clear,1212,26.65,medium
5058,323,42.28,35.4,7.64,11,6,rain,939,35.17,medium
5059,294,55.89,35.0,5.26,3,4,storm,966,30.47,medium
5060,743,384.97,52.3,1.93,8,3,clear,2821,21.61,low
5061,1459,315.12,28.5,4.63,7,6,fog,2832,56.73,high
5062,1303,245.85,34.5,5.3,10,3,fog,2696,44.84,medium
5063,519,126.28,47.8,4.11,2,5,clear,2151,19.5,low
5064,648,103.35,45.8,6.27,5,4,clear,1709,31.71,medium
5065,653,204.7,34.5,3.19,17,0,clear,1082,60.66,high
5066,1407,203.91,29.4,6.9,9,1,clear,2392,52.46,high
5067,478,93.0,41.2,5.14,12,0,clear,1536,31.3,medium
5068,128,26.12,53.9,4.9,23,3,clear,988,10.12,low
5069,254,38.14,51.8,6.66,14,6,clear,900,21.45,low
5070,807,108.32,39.1,7.45,16,3,fog,2405,34.73,medium
5071,1133,1002.65,11.5,1.13,17,1,rain,1092,97.17,severe
5072,1961,638.76,31.6,3.07,10,3,clear,2649,76.11,severe
5073,1375,389.52,41.0,3.53,5,1,clear,2951,39.17,medium
5074,404,174.89,47.5,2.31,3,5,clear,1691,22.87,low
5075,645,153.94,36.8,4.19,19,2,clear,1178,47.05,medium
5076,341,56.27,52.2,6.06,21,3,clear,1654,22.77,low
5077,54,24.11,63.9,2.24,22,2,clear,1135,0.0,low
5078,957,308.71,44.5,3.1,6,2,clear,2590,34.45,medium
5079,1397,201.59,27.0,6.93,5,4,fog,2174,58.93,high
5080,727,897.53,42.9,0.81,16,1,clear,1902,34.69,medium
5081,558,72.85,36.4,7.66,4,4,fog,1440,32.54,medium
5082,527,68.0,23.0,7.75,20,3,rain,816,65.39,high
5083,1213,348.56,23.6,3.48,16,4,storm,2054,60.0,high
5084,327,238.69,46.7,1.37,5,3,rain,1948,18.71,low
5085,320,54.98,48.5,5.82,22,5,clear,1252,24.16,low
5086,766,165.8,34.6,4.62,8,5,clear,1305,56.23,high
5087,730,104.43,45.1,6.99,0,5,rain,2593,26.76,medium
5088,447,111.19,40.7,4.02,1,4,fog,2016,17.76,low
5089,634,168.62,35.4,3.76,10,6,clear,1194,53.05,high
5090,252,42.71,49.3,5.9,19,2,clear,962,21.64,low
5091,921,253.72,37.1,3.63,20,0,clear,1583,59.95,high
5092,816,301.11,40.1,2.71,7,1,clear,2759,33.33,medium
5093,924,126.23,44.9,7.32,15,0,clear,2855,37.94,medium
5094,1422,261.88,38.0,5.43,22,3,clear,2691,42.73,medium
5095,838,205.9,54.5,4.07,11,0,clear,2947,27.62,medium
5096,485,62.91,36.1,7.71,20,0,clear,926,47.21,medium
5097,746,291.41,40.2,2.56,5,0,clear,1589,41.43,medium
5098,669,380.11,50.7,1.76,5,1,clear,2313,24.65,low
5099,420,218.75,54.8,1.92,13,5,clear,2577,16.1,low
5100,756,117.39,42.9,6.44,23,6,clear,2096,32.41,medium
5101,180,29.65,47.9,6.07,15,5,rain,909,21.87,low
5102,299,146.57,53.4,2.04,15,5,clear,2720,11.29,low
5103,1441,370.44,34.8,3.89,20,3,clear,2676,52.7,high
5104,1267,169.61,31.7,7.47,18,4,clear,1951,59.08,high
5105,492,67.03,48.2,7.34,1,5,rain,2727,22.47,low
5106,477,59.77,48.0,7.98,19,0,clear,1204,28.49,medium
5107,1035,1544.78,37.4,0.67,11,5,rain,2327,46.72,medium
5108,755,136.04,28.7,5.55,7,6,rain,1317,55.01,high
5109,598,196.71,41.1,3.04,22,4,rain,1604,33.63,medium
5110,901,238.99,27.6,3.77,12,0,fog,2048,41.25,medium
5111,1193,231.65,41.8,5.15,3,0,clear,2210,43.38,medium
5112,798,458.62,38.5,1.74,17,3,clear,1410,47.78,medium
5113,1208,1421.18,33.8,0.85,19,6,fog,2623,49.78,medium
5114,794,275.69,43.1,2.88,4,1,clear,1476,44.89,medium
5115,584,703.61,46.7,0.83,8,6,clear,2685,17.81,low
5116,423,77.05,46.8,5.49,22,1,clear,1537,27.11,medium
5117,493,508.25,55.6,0.97,13,6,clear,2479,15.36,low
5118,456,86.69,44.0,5.26,19,2,clear,1352,29.2,medium
5119,1199,167.93,37.7,7.14,5,1,clear,2432,49.96,medium
5120,1507,1421.7,32.8,1.06,17,5,clear,2233,53.91,high
5121,741,188.07,43.2,3.94,6,2,clear,1765,35.85,medium
5122,1062,236.53,50.1,4.49,21,3,clear,2959,34.01,medium
5123,676,145.69,48.2,4.64,3,0,clear,2338,20.21,low
5124,313,45.83,27.6,6.83,18,6,storm,846,37.32,medium
5125,417,60.09,50.7,6.94,15,0,clear,2086,20.72,low
5126,389,87.61,41.7,4.44,19,4,rain,973,34.03,medium
5127,1084,349.68,20.9,3.1,10,5,fog,1492,68.1,high
5128,154,57.25,52.7,2.69,16,5,clear,1108,18.05,low
5129,688,116.61,48.1,5.9,5,4,clear,2259,24.91,low
5130,1266,1422.47,26.5,0.89,9,0,storm,2660,46.93,medium
5131,846,325.38,29.2,2.6,18,0,clear,1143,69.28,high
5132,966,766.67,28.5,1.26,9,6,rain,1264,75.65,severe
5133,625,456.2,49.7,1.37,21,2,clear,2420,24.46,low
5134,655,128.18,34.3,5.11,1,2,storm,2969,34.79,medium
5135,509,81.83,48.6,6.22,9,1,clear,2842,20.88,low
5136,111,48.47,51.2,2.29,11,6,rain,1045,6.51,low
5137,1177,294.99,42.3,3.99,11,0,clear,2596,49.09,medium
5138,522,185.11,52.7,2.82,23,1,clear,2614,20.71,low
5139,1678,284.89,34.7,5.89,8,2,clear,2482,57.85,high
5140,1534,233.84,41.0,6.56,21,3,clear,2908,53.02,high
5141,848,127.9,36.0,6.63,17,1,clear,1411,54.39,high
5142,860,524.39,32.9,1.64,9,2,clear,1168,66.45,high
5143,599,305.61,33.0,1.96,7,2,clear,1186,48.64,medium
5144,400,104.17,32.6,3.84,20,0,fog,1021,39.73,medium
5145,456,114.0,38.5,4.0,15,0,clear,1399,34.29,medium
5146,379,183.09,52.9,2.07,11,1,clear,1334,29.11,medium
5147,431,73.17,48.1,5.89,10,1,clear,1175,34.46,medium
5148,1628,2292.96,34.2,0.71,20,5,clear,2659,56.04,high
5149,147,86.98,56.1,1.69,1,5,clear,1119,18.45,low
5150,332,276.67,47.9,1.2,16,0,clear,1183,27.14,medium
5151,369,210.86,53.6,1.75,23,4,clear,2426,13.91,low
5152,741,213.54,48.0,3.47,4,4,clear,2457,27.29,medium
5153,1201,217.97,23.0,5.51,11,2,fog,2286,53.15,high
5154,1333,798.2,44.0,1.67,3,3,clear,2935,29.82,medium
5155,662,807.32,42.7,0.82,15,1,clear,2213,33.9,medium
5156,415,58.12,41.7,7.14,19,1,clear,972,39.48,medium
5157,1018,127.57,28.5,7.98,8,0,rain,1377,61.08,high
5158,614,205.35,44.4,2.99,1,5,rain,2038,25.64,medium
5159,674,158.22,39.5,4.26,6,2,rain,1543,33.56,medium
5160,572,154.18,41.8,3.71,16,1,clear,1291,39.45,medium
5161,433,687.3,54.5,0.63,22,5,clear,1947,20.43,low
5162,938,732.81,30.8,1.28,4,3,rain,1896,53.37,high
5163,971,1703.51,39.4,0.57,11,1,clear,1891,43.56,medium
5164,238,126.6,44.8,1.88,3,0,clear,841,28.56,medium
5165,364,179.31,42.6,2.03,23,0,clear,1019,30.35,medium
5166,272,129.52,51.8,2.1,17,4,clear,1023,26.03,medium
5167,869,255.59,35.4,3.4,18,0,clear,1405,52.0,high
5168,422,73.78,46.2,5.72,11,5,clear,1538,27.08,medium
5169,1386,496.77,41.6,2.79,10,5,clear,2691,46.68,medium
5170,339,53.39,51.1,6.35,21,6,clear,1479,20.06,low
5171,268,53.92,51.2,4.97,0,0,clear,1647,14.66,low
5172,1634,257.32,32.6,6.35,9,0,clear,2102,69.31,high
5173,1182,274.25,40.0,4.31,5,2,clear,2763,37.25,medium
5174,664,274.38,41.9,2.42,14,0,clear,1404,50.6,high
5175,376,120.13,46.5,3.13,15,3,clear,1528,26.42,medium
5176,275,152.78,53.4,1.8,1,2,clear,961,19.97,low
5177,692,665.38,26.8,1.04,3,4,rain,1174,59.45,high
5178,1368,292.93,31.6,4.67,8,3,rain,2525,51.06,high
5179,811,311.92,34.4,2.6,13,3,clear,1490,47.8,medium
5180,1080,171.43,41.2,6.3,18,0,clear,2124,44.01,medium
5181,885,119.59,47.9,7.4,12,4,clear,2720,22.07,low
5182,602,188.12,31.8,3.2,8,4,clear,802,74.06,high
5183,381,177.21,48.0,2.15,15,3,rain,1566,26.16,medium
5184,68,11.17,57.7,6.09,11,6,clear,1131,8.26,low
5185,693,102.82,42.7,6.74,4,5,rain,2929,28.49,medium
5186,2237,345.75,30.1,6.47,8,0,clear,2907,63.51,high
5187,222,44.31,57.9,5.01,21,6,clear,1497,9.39,low
5188,326,113.59,55.0,2.87,3,6,clear,1823,18.19,low
5189,966,138.0,35.0,7.0,13,3,fog,2323,41.45,medium
5190,1004,432.76,37.9,2.32,18,0,rain,1891,46.77,medium
5191,510,146.55,47.1,3.48,14,0,clear,2546,19.46,low
5192,964,214.22,30.1,4.5,10,0,clear,1542,54.6,high
5193,731,624.79,37.2,1.17,5,3,rain,1915,28.68,medium
5194,413,558.11,56.5,0.74,22,6,clear,1586,15.88,low
5195,1491,671.62,21.5,2.22,7,5,storm,2650,58.28,high
5196,904,619.18,47.8,1.46,20,2,clear,2953,30.18,medium
5197,256,45.71,48.9,5.6,5,6,clear,891,25.34,medium
5198,385,56.95,44.4,6.76,17,5,clear,933,37.28,medium
5199,291,51.05,44.4,5.7,13,1,rain,950,30.91,medium
5200,742,107.85,49.8,6.88,6,2,clear,2235,33.63,medium
5201,278,264.76,45.7,1.05,2,1,rain,1006,23.92,low
5202,591,289.71,46.6,2.04,21,2,clear,2071,26.19,medium
5203,241,136.93,52.7,1.76,23,3,clear,1510,11.76,low
5204,258,48.31,55.5,5.34,23,5,clear,2137,9.29,low
5205,393,81.54,48.6,4.82,1,5,clear,1985,17.71,low
5206,500,64.68,38.2,7.73,16,2,rain,1561,27.97,medium
5207,565,70.98,35.6,7.96,9,1,fog,1235,40.43,medium
5208,1839,399.78,29.7,4.6,20,3,clear,2481,60.28,high
5209,448,89.96,49.6,4.98,4,6,clear,2148,22.09,low
5210,115,16.27,55.9,7.07,5,1,rain,1804,12.55,low
5211,1003,188.18,39.4,5.33,22,3,fog,2791,36.55,medium
5212,2014,262.24,35.0,7.68,8,6,clear,2786,57.24,high
5213,471,225.36,46.8,2.09,14,5,clear,1536,30.38,medium
5214,480,106.9,28.8,4.49,1,3,fog,1195,41.08,medium
5215,1306,196.1,19.0,6.66,19,1,rain,1603,81.49,severe
5216,627,106.27,36.7,5.9,22,4,rain,1390,38.18,medium
5217,1087,782.01,46.6,1.39,18,4,clear,2994,33.16,medium
5218,1031,1356.58,31.4,0.76,10,3,clear,1516,67.91,high
5219,1207,211.38,43.0,5.71,7,6,clear,2523,47.35,medium
5220,769,113.59,44.2,6.77,20,0,rain,2301,33.75,medium
5221,1691,676.4,21.8,2.5,10,2,rain,2845,62.86,high
5222,1046,144.08,36.8,7.26,20,0,clear,1925,59.53,high
5223,356,44.84,50.4,7.94,20,6,clear,1095,31.91,medium
5224,974,137.96,26.8,7.06,0,5,storm,2229,53.15,high
5225,1461,187.31,23.3,7.8,10,3,fog,2501,61.49,high
5226,866,136.38,43.5,6.35,3,2,fog,2367,31.7,medium
5227,264,35.44,45.9,7.45,23,6,storm,2714,15.73,low
5228,1153,172.86,46.0,6.67,20,6,clear,2240,42.72,medium
5229,457,86.23,41.1,5.3,5,0,clear,882,43.29,medium
5230,468,99.36,39.4,4.71,4,1,fog,2376,25.2,medium
5231,289,142.36,53.5,2.03,23,1,clear,1608,15.06,low
5232,602,313.54,51.2,1.92,14,6,clear,2294,19.54,low
5233,421,75.04,46.1,5.61,13,6,clear,1537,24.55,low
5234,180,40.36,58.4,4.46,12,6,clear,870,13.25,low
5235,117,25.16,53.6,4.65,7,5,clear,881,13.59,low
5236,921,191.88,47.3,4.8,19,2,clear,2835,31.95,medium
5237,657,83.27,38.0,7.89,9,0,clear,1175,51.61,high
5238,1007,221.32,41.4,4.55,5,3,clear,2768,38.71,medium
5239,1226,194.6,44.8,6.3,23,0,clear,2782,36.05,medium
5240,2793,4733.9,11.0,0.59,9,1,clear,2595,97.69,severe
5241,414,57.26,43.0,7.23,15,0,clear,952,30.78,medium
5242,235,37.24,52.2,6.31,15,6,clear,1230,17.41,low
5243,2330,391.6,14.3,5.95,10,2,clear,1954,100.0,severe
5244,164,31.48,59.7,5.21,10,6,clear,2931,10.29,low
5245,958,148.53,41.9,6.45,1,4,clear,2508,33.18,medium
5246,327,131.85,44.5,2.48,12,2,fog,1451,14.97,low
5247,1610,899.44,16.5,1.79,10,1,storm,2117,78.23,severe
5248,1073,1411.84,32.6,0.76,17,3,clear,1375,67.32,high
5249,599,104.54,45.9,5.73,11,6,rain,2658,26.21,medium
5250,197,127.1,57.1,1.55,6,6,clear,1295,5.93,low
5251,742,111.92,37.6,6.63,1,1,clear,1846,43.76,medium
5252,790,100.89,28.1,7.83,8,1,fog,1440,51.64,high
5253,524,524.0,52.2,1.0,5,1,clear,2887,20.21,low
5254,519,195.85,30.5,2.65,11,3,rain,1121,48.34,medium
5255,64,28.83,45.2,2.22,11,6,storm,2511,9.43,low
5256,310,64.72,56.9,4.79,0,6,clear,1459,20.69,low
5257,661,159.66,36.3,4.14,13,1,clear,1103,54.62,high
5258,321,252.76,48.1,1.27,3,5,clear,1427,25.79,medium
5259,792,145.32,35.5,5.45,8,1,clear,1414,63.81,high
5260,460,76.41,38.6,6.02,22,4,rain,1476,33.54,medium
5261,410,53.52,39.8,7.66,13,5,fog,1575,31.45,medium
5262,349,68.03,42.6,5.13,21,2,rain,1291,26.08,medium
5263,436,216.92,50.5,2.01,5,6,clear,1994,17.86,low
5264,1002,140.93,46.4,7.11,14,4,clear,2924,37.01,medium
5265,456,78.76,42.6,5.79,8,6,clear,1221,37.91,medium
5266,427,87.68,52.9,4.87,11,6,clear,2124,21.92,low
5267,631,95.61,43.6,6.6,3,1,clear,1564,36.26,medium
5268,159,86.41,61.4,1.84,5,5,clear,1510,5.42,low
5269,958,144.93,39.9,6.61,17,4,clear,1770,43.36,medium
5270,1013,779.23,46.6,1.3,6,2,clear,2357,36.39,medium
5271,839,163.87,51.0,5.12,10,2,clear,2925,21.19,low
5272,673,100.9,32.7,6.67,5,5,storm,2245,43.06,medium
5273,1296,179.75,42.1,7.21,0,5,clear,2509,43.1,medium
5274,528,67.09,33.1,7.87,11,3,fog,1366,33.37,medium
5275,1984,316.93,5.5,6.26,7,4,fog,2200,92.68,severe
5276,211,36.7,46.6,5.75,15,4,rain,1301,22.03,low
5277,445,70.52,42.2,6.31,10,3,clear,1051,35.33,medium
5278,656,830.38,47.6,0.79,23,5,clear,2575,30.18,medium
5279,673,103.38,47.9,6.51,4,5,clear,2982,20.99,low
5280,1603,327.81,24.3,4.89,20,0,fog,2423,70.05,high
5281,272,362.67,45.0,0.75,12,1,clear,1183,19.0,low
5282,376,216.09,42.2,1.74,20,0,clear,808,45.08,medium
5283,360,257.14,45.2,1.4,4,6,clear,1056,31.47,medium
5284,993,152.07,39.7,6.53,16,6,rain,2370,48.01,medium
5285,900,379.75,38.4,2.37,14,6,rain,1898,51.91,high
5286,327,116.37,46.0,2.81,0,6,clear,1095,28.65,medium
5287,363,66.97,30.5,5.42,15,1,storm,1161,43.75,medium
5288,461,73.52,49.3,6.27,12,5,clear,2145,22.47,low
5289,341,238.46,36.2,1.43,1,4,fog,961,32.05,medium
5290,1414,266.79,34.3,5.3,15,1,rain,2989,49.22,medium
5291,388,384.16,53.2,1.01,1,2,clear,2075,18.47,low
5292,359,103.46,51.0,3.47,14,1,clear,1503,25.29,medium
5293,317,50.56,45.5,6.27,23,0,rain,1522,18.44,low
5294,454,103.42,49.5,4.39,4,3,clear,1444,29.72,medium
5295,433,91.74,49.1,4.72,22,5,clear,1599,33.96,medium
5296,455,441.75,44.7,1.03,21,4,clear,1153,33.04,medium
5297,1044,446.15,41.8,2.34,21,0,clear,2325,49.55,medium
5298,864,919.15,43.9,0.94,16,3,clear,1972,43.64,medium
5299,90,12.15,49.2,7.41,1,0,clear,1076,15.92,low
5300,1399,1156.2,39.8,1.21,22,3,clear,2542,51.88,high
5301,434,85.94,41.4,5.05,9,6,clear,987,45.18,medium
5302,797,150.09,29.4,5.31,20,3,clear,1003,73.67,high
5303,438,293.96,36.9,1.49,0,5,rain,986,40.98,medium
5304,1737,265.6,21.1,6.54,17,0,rain,2267,77.91,severe
5305,543,92.19,39.8,5.89,16,5,storm,2428,30.94,medium
5306,356,161.09,48.3,2.21,21,0,clear,1466,20.85,low
5307,800,588.24,38.9,1.36,14,0,fog,2327,32.58,medium
5308,1327,334.26,37.3,3.97,1,1,clear,2537,39.19,medium
5309,547,181.73,49.8,3.01,13,5,clear,1878,29.07,medium
5310,543,99.09,30.5,5.48,6,4,rain,1058,51.97,high
5311,822,160.23,43.0,5.13,11,2,clear,1914,37.18,medium
5312,843,250.89,41.8,3.36,16,0,clear,2076,34.41,medium
5313,978,427.07,21.9,2.29,8,2,fog,1421,69.83,high
5314,1244,767.9,30.4,1.62,0,2,fog,2402,48.9,medium
5315,754,268.33,41.1,2.81,7,0,clear,1722,45.13,medium
5316,1613,1427.43,29.8,1.13,8,2,rain,2913,49.03,medium
5317,812,922.73,40.5,0.88,4,4,clear,1889,37.37,medium
5318,1046,1067.35,33.5,0.98,19,5,fog,2610,40.42,medium
5319,1549,385.32,29.0,4.02,7,5,rain,2722,56.73,high
5320,1003,166.33,39.6,6.03,5,0,clear,2807,26.31,medium
5321,398,153.08,47.7,2.6,15,3,clear,1169,27.86,medium
5322,230,37.77,49.6,6.09,12,1,clear,1083,28.14,medium
5323,1133,396.15,49.3,2.86,22,2,clear,2947,30.3,medium
5324,402,166.12,42.8,2.42,5,0,clear,1069,33.05,medium
5325,1064,925.22,24.0,1.15,10,6,rain,1544,72.9,high
5326,853,233.06,43.3,3.66,3,1,clear,2257,40.42,medium
5327,590,694.12,31.0,0.85,9,5,storm,1521,41.11,medium
5328,1145,279.27,41.4,4.1,6,2,clear,2499,39.5,medium
5329,1213,744.17,31.6,1.63,8,3,rain,2067,51.87,high
5330,468,59.24,47.1,7.9,13,2,clear,1274,28.7,medium
5331,1063,1801.69,23.3,0.59,10,1,rain,1448,67.79,high
5332,495,92.87,41.9,5.33,13,4,clear,1269,39.43,medium
5333,1109,277.25,42.3,4.0,20,3,clear,2436,44.77,medium
5334,113,16.52,59.9,6.84,4,0,clear,2964,9.79,low
5335,888,727.87,48.0,1.22,11,5,clear,2368,30.41,medium
5336,291,41.45,54.7,7.02,17,5,clear,2273,4.64,low
5337,701,126.08,26.1,5.56,21,6,storm,1694,41.36,medium
5338,1025,291.19,28.9,3.52,19,3,clear,1439,66.94,high
5339,231,35.7,52.8,6.47,3,6,clear,1229,13.14,low
5340,349,59.35,44.9,5.88,3,6,fog,2126,21.6,low
5341,650,309.52,33.4,2.1,21,6,fog,2252,40.9,medium
5342,391,57.84,32.7,6.76,16,4,rain,984,46.09,medium
5343,281,163.37,39.1,1.72,6,3,storm,1939,21.76,low
5344,758,282.84,36.2,2.68,6,2,clear,1536,45.81,medium
5345,944,136.61,39.0,6.91,10,5,clear,1515,61.2,high
5346,885,205.81,50.6,4.3,6,1,clear,2435,24.55,low
5347,793,354.02,39.9,2.24,11,1,clear,1960,35.03,medium
5348,599,320.32,47.0,1.87,6,2,clear,2456,22.82,low
5349,115,35.28,56.5,3.26,12,6,clear,1138,12.8,low
5350,919,230.9,34.5,3.98,19,3,rain,1977,47.29,medium
5351,1084,168.32,52.2,6.44,14,4,clear,2996,30.58,medium
5352,677,191.78,40.6,3.53,3,2,rain,1663,37.41,medium
5353,1560,333.33,32.2,4.68,8,2,clear,1970,62.67,high
5354,556,539.81,42.4,1.03,23,4,clear,1273,45.52,medium
5355,321,75.35,51.5,4.26,16,6,clear,1008,32.22,medium
5356,499,123.21,39.8,4.05,19,4,clear,1306,35.93,medium
5357,822,181.46,46.6,4.53,6,0,clear,2633,29.07,medium
5358,557,150.95,39.9,3.69,5,2,clear,1445,37.58,medium
5359,281,35.17,39.7,7.99,7,6,rain,854,32.25,medium
5360,890,272.17,29.8,3.27,7,3,clear,1363,65.37,high
5361,130,27.66,57.7,4.7,14,5,clear,1341,12.28,low
5362,378,142.11,33.9,2.66,3,0,fog,870,46.88,medium
5363,1432,252.11,24.5,5.68,18,6,storm,2572,56.67,high
5364,406,436.56,47.4,0.93,6,2,clear,1300,30.93,medium
5365,583,110.63,49.9,5.27,21,1,clear,2196,27.65,medium
5366,702,754.84,48.3,0.93,13,6,rain,2691,23.91,low
5367,913,861.32,44.0,1.06,23,0,clear,2253,40.23,medium
5368,809,505.62,50.2,1.6,6,3,clear,2311,25.39,medium
5369,872,146.31,46.7,5.96,1,0,clear,2621,25.31,medium
5370,390,104.0,45.6,3.75,11,0,clear,1809,21.37,low
5371,608,502.48,46.7,1.21,16,5,rain,2599,28.69,medium
5372,845,1508.93,51.5,0.56,3,4,clear,2354,28.43,medium
5373,402,121.82,44.5,3.3,11,5,rain,1366,27.84,medium
5374,547,71.22,48.0,7.68,20,2,clear,2065,26.06,medium
5375,794,956.63,41.9,0.83,4,0,clear,1669,47.88,medium
5376,1083,413.36,36.5,2.62,14,3,rain,2682,38.56,medium
5377,586,388.08,41.8,1.51,0,0,clear,1456,42.1,medium
5378,1549,249.84,28.9,6.2,18,3,fog,2909,51.2,high
5379,736,100.55,41.3,7.32,13,6,clear,2215,40.45,medium
5380,471,59.77,51.8,7.88,21,5,clear,2415,9.44,low
5381,1200,410.96,36.7,2.92,16,4,rain,2022,57.03,high
5382,187,29.04,42.8,6.44,23,5,rain,1226,18.44,low
5383,358,48.97,50.0,7.31,12,5,clear,2228,18.86,low
5384,641,164.78,41.0,3.89,15,2,clear,1283,47.35,medium
5385,652,93.68,53.1,6.96,13,4,clear,2578,21.43,low
5386,1176,256.21,19.4,4.59,8,4,clear,1262,83.43,severe
5387,272,92.2,49.5,2.95,4,2,clear,867,26.92,medium
5388,300,43.35,45.5,6.92,1,0,rain,1374,24.67,low
5389,502,65.36,43.7,7.68,17,6,clear,1271,32.49,medium
5390,970,1366.2,41.3,0.71,2,0,clear,2557,36.87,medium
5391,560,103.13,50.3,5.43,11,1,clear,1917,25.11,medium
5392,677,105.45,55.6,6.42,22,5,clear,2910,19.89,low
5393,530,452.99,51.0,1.17,3,1,clear,1537,29.39,medium
5394,443,106.49,46.6,4.16,8,5,clear,1483,29.61,medium
5395,819,372.27,44.7,2.2,16,5,clear,2689,27.98,medium
5396,631,109.17,51.5,5.78,10,2,clear,1659,32.22,medium
5397,618,158.87,45.7,3.89,15,1,clear,1571,30.46,medium
5398,849,129.22,13.0,6.57,9,1,fog,943,82.61,severe
5399,1131,1916.95,44.2,0.59,14,3,clear,2646,30.09,medium
5400,257,193.23,46.0,1.33,18,5,rain,948,27.38,medium
5401,672,185.12,41.6,3.63,15,5,rain,2100,23.26,low
5402,1020,1416.67,42.3,0.72,17,2,clear,2467,34.95,medium
5403,428,385.59,44.9,1.11,6,2,rain,1761,32.21,medium
5404,736,297.98,42.1,2.47,20,5,rain,2084,32.64,medium
5405,300,56.18,48.9,5.34,8,2,clear,1232,24.57,low
5406,717,232.79,25.4,3.08,16,3,storm,1367,55.46,high
5407,735,113.78,42.4,6.46,22,0,fog,2018,42.5,medium
5408,1683,342.77,40.3,4.91,19,5,clear,2907,50.12,high
5409,1109,363.61,37.9,3.05,23,4,clear,2105,46.11,medium
5410,577,111.39,48.5,5.18,23,3,clear,1704,28.33,medium
5411,1198,237.23,31.5,5.05,2,2,clear,1766,57.9,high
5412,534,165.84,49.2,3.22,0,1,clear,1438,28.24,medium
5413,313,181.98,42.3,1.72,15,3,rain,1194,25.44,medium
5414,423,73.06,43.9,5.79,8,4,rain,1352,33.33,medium
5415,332,207.5,48.1,1.6,11,4,clear,1383,24.28,low
5416,624,112.23,29.8,5.56,20,4,fog,1486,41.75,medium
5417,961,203.6,26.0,4.72,9,0,clear,1174,83.61,severe
5418,164,25.11,56.1,6.53,8,2,clear,1110,12.96,low
5419,92,16.43,56.8,5.6,11,5,clear,1159,5.51,low
5420,770,205.88,45.9,3.74,15,4,clear,2009,33.56,medium
5421,1671,315.28,32.2,5.3,19,0,clear,2581,54.05,high
5422,790,223.16,36.7,3.54,21,5,rain,2333,31.68,medium
5423,356,164.06,51.4,2.17,12,1,clear,1978,18.15,low
5424,1077,144.95,48.8,7.43,3,6,clear,2743,35.61,medium
5425,364,638.6,60.3,0.57,5,3,clear,2197,3.1,low
5426,476,83.8,36.5,5.68,21,2,rain,999,44.16,medium
5427,622,104.36,50.8,5.96,16,6,clear,2511,23.25,low
5428,269,34.71,47.1,7.75,0,5,clear,1129,27.75,medium
5429,1126,313.65,38.3,3.59,1,5,clear,2627,45.29,medium
5430,710,133.21,50.1,5.33,11,5,clear,2352,25.01,medium
5431,1191,598.49,28.6,1.99,20,0,fog,2190,57.61,high
5432,649,312.02,50.3,2.08,5,2,clear,1835,26.67,medium
5433,321,166.32,54.1,1.93,0,5,clear,2539,8.17,low
5434,1382,940.14,40.6,1.47,16,1,clear,2409,50.55,high
5435,566,170.48,47.0,3.32,0,6,clear,2392,23.25,low
5436,279,140.2,49.0,1.99,2,6,clear,1367,18.82,low
5437,1166,163.08,20.0,7.15,9,2,clear,1184,82.5,severe
5438,1112,229.75,27.6,4.84,18,6,rain,2167,52.34,high
5439,552,95.83,47.9,5.76,2,2,clear,2148,31.32,medium
5440,815,114.47,8.8,7.12,9,4,storm,975,81.73,severe
5441,248,32.72,51.4,7.58,23,5,clear,1602,21.55,low
5442,557,106.1,40.2,5.25,13,2,clear,1218,42.12,medium
5443,273,42.72,47.8,6.39,2,2,clear,815,35.58,medium
5444,1157,1023.89,40.7,1.13,22,1,rain,2979,34.81,medium
5445,1120,1230.77,44.2,0.91,6,4,clear,2860,31.47,medium
5446,357,220.37,40.1,1.62,14,4,clear,1085,26.33,medium
5447,406,314.73,52.5,1.29,11,1,clear,1277,30.13,medium
5448,471,191.46,34.9,2.46,3,2,fog,1420,45.53,medium
5449,418,266.24,41.7,1.57,21,4,clear,1165,29.12,medium
5450,408,87.74,46.8,4.65,9,2,clear,1401,26.56,medium
5451,958,126.89,47.1,7.55,12,1,clear,1823,41.9,medium
5452,1380,215.96,33.1,6.39,10,0,fog,2674,49.05,medium
5453,1568,1412.61,32.7,1.11,19,2,clear,2059,68.93,high
5454,905,224.01,27.1,4.04,13,2,storm,1745,52.73,high
5455,818,351.07,33.9,2.33,17,3,fog,2604,36.68,medium
5456,490,288.24,54.8,1.7,2,5,clear,2280,14.96,low
5457,415,79.96,48.4,5.19,14,2,rain,2740,15.45,low
5458,865,1005.81,33.2,0.86,8,5,fog,2037,42.27,medium
5459,274,176.77,42.2,1.55,22,0,fog,1757,20.68,low
5460,690,113.11,51.0,6.1,19,5,clear,2591,20.34,low
5461,728,100.97,41.1,7.21,6,0,clear,1314,51.98,high
5462,453,126.89,28.7,3.57,23,0,storm,906,47.69,medium
5463,662,124.67,28.2,5.31,7,3,fog,1427,43.68,medium
5464,962,148.69,28.4,6.47,9,6,rain,1602,64.41,high
5465,79,10.39,55.2,7.6,21,5,clear,1740,10.69,low
5466,293,102.81,52.8,2.85,11,2,clear,1587,11.72,low
5467,890,256.48,42.0,3.47,0,1,rain,2722,31.09,medium
5468,529,76.01,40.3,6.96,2,6,clear,982,47.08,medium
5469,1482,188.79,40.9,7.85,15,1,clear,2776,44.06,medium
5470,582,162.12,52.5,3.59,11,4,clear,1998,26.51,medium
5471,427,95.1,48.9,4.49,3,2,clear,1304,26.89,medium
5472,1560,432.13,38.6,3.61,9,5,clear,2613,48.3,medium
5473,1107,802.17,19.7,1.38,19,1,rain,1354,82.71,severe
5474,648,111.92,43.0,5.79,1,5,clear,1553,39.57,medium
5475,731,253.82,48.9,2.88,8,6,clear,2388,20.06,low
5476,1542,382.63,39.0,4.03,17,4,clear,2908,45.95,medium
5477,1082,886.89,44.1,1.22,14,6,clear,2776,38.21,medium
5478,116,31.78,45.7,3.65,22,3,storm,802,18.07,low
5479,777,150.0,38.0,5.18,15,1,clear,1595,51.49,high
5480,1019,147.04,46.6,6.93,1,0,clear,2994,34.23,medium
5481,673,187.99,38.3,3.58,8,2,clear,1309,46.85,medium
5482,1107,246.0,38.6,4.5,8,0,clear,2278,45.35,medium
5483,1081,218.83,37.2,4.94,17,3,rain,2794,34.68,medium
5484,684,115.74,7.6,5.91,13,3,storm,891,85.41,severe
5485,571,192.26,47.9,2.97,13,3,clear,1283,31.69,medium
5486,399,193.69,53.8,2.06,1,3,clear,1976,14.24,low
5487,466,245.26,38.1,1.9,6,6,fog,1749,33.72,medium
5488,826,150.73,40.4,5.48,1,2,clear,1920,39.5,medium
5489,481,143.58,42.8,3.35,16,1,rain,1420,24.39,low
5490,779,150.39,17.5,5.18,18,4,fog,876,88.07,severe
5491,634,145.08,42.6,4.37,5,3,clear,1913,27.56,medium
5492,285,139.71,54.0,2.04,11,0,clear,2817,8.17,low
5493,598,92.43,44.3,6.47,2,2,clear,1487,31.06,medium
5494,268,35.69,36.4,7.51,0,3,fog,820,34.23,medium
5495,1921,396.9,31.2,4.84,7,0,clear,2636,63.0,high
5496,1396,788.7,40.6,1.77,13,0,clear,2970,41.83,medium
5497,254,37.13,45.3,6.84,3,6,clear,999,27.05,medium
5498,131,26.15,58.2,5.01,20,4,clear,1210,5.7,low
5499,920,212.47,28.9,4.33,18,0,clear,1423,61.59,high
5500,643,527.05,47.1,1.22,18,6,clear,2120,28.63,medium
5501,972,179.01,36.3,5.43,21,0,clear,2546,36.51,medium
5502,492,416.95,41.1,1.18,14,2,clear,1097,43.17,medium
5503,307,46.37,41.0,6.62,6,1,rain,1445,26.76,medium
5504,975,316.56,39.7,3.08,15,1,clear,2874,28.65,medium
5505,773,618.4,32.2,1.25,15,4,fog,1577,41.84,medium
5506,1020,192.09,24.4,5.31,9,2,clear,1124,77.88,severe
5507,434,55.01,35.7,7.89,8,6,fog,1019,38.59,medium
5508,1606,1655.67,33.2,0.97,22,3,rain,2706,57.23,high
5509,420,143.34,43.4,2.93,2,6,fog,2094,19.84,low
5510,1757,293.32,15.7,5.99,16,4,storm,2901,64.93,high
5511,1191,184.08,30.4,6.47,9,2,clear,1913,59.89,high
5512,630,97.07,47.1,6.49,6,4,clear,1591,32.06,medium
5513,1502,762.44,28.9,1.97,16,0,fog,2970,47.62,medium
5514,973,239.66,24.4,4.06,10,3,clear,1189,73.44,high
5515,825,121.32,35.3,6.8,0,1,rain,1764,52.68,high
5516,766,218.23,42.3,3.51,5,1,clear,1488,58.1,high
5517,624,107.77,49.4,5.79,12,4,clear,2648,27.33,medium
5518,468,89.14,48.0,5.25,6,6,clear,1866,23.54,low
5519,280,103.7,58.1,2.7,14,6,clear,1940,9.08,low
5520,901,119.5,47.9,7.54,4,5,clear,2482,30.83,medium
5521,1089,234.19,34.2,4.65,3,3,clear,1884,50.9,high
5522,396,528.0,39.5,0.75,15,6,fog,1361,28.45,medium
5523,235,283.13,54.5,0.83,5,6,clear,1329,11.15,low
5524,970,336.81,45.9,2.88,16,3,clear,2543,29.33,medium
5525,554,362.09,42.3,1.53,0,6,fog,1915,29.35,medium
5526,775,102.79,28.8,7.54,0,5,fog,1588,48.37,medium
5527,524,183.22,54.1,2.86,5,6,clear,2936,16.41,low
5528,1171,146.93,27.8,7.97,11,0,rain,2071,54.41,high
5529,711,120.92,32.4,5.88,8,1,clear,1089,53.96,high
5530,294,37.31,51.5,7.88,12,0,clear,877,29.28,medium
5531,276,36.8,56.0,7.5,15,0,clear,1578,14.43,low
5532,459,73.79,45.5,6.22,6,5,clear,1029,30.42,medium
5533,278,36.34,44.9,7.65,2,0,rain,881,28.59,medium
5534,652,183.66,33.4,3.55,17,5,clear,1022,58.63,high
5535,413,52.21,25.5,7.91,12,0,fog,813,52.73,high
5536,312,47.13,45.7,6.62,22,6,fog,2210,10.69,low
5537,413,59.34,52.9,6.96,15,5,clear,1402,18.76,low
5538,192,304.76,37.2,0.63,5,6,storm,895,19.28,low
5539,570,382.55,32.6,1.49,2,6,storm,2945,23.92,low
5540,2326,977.31,16.5,2.38,9,2,clear,2361,93.57,severe
5541,563,130.32,39.8,4.32,16,0,clear,1128,45.23,medium
5542,1789,254.84,34.7,7.02,18,4,clear,2634,63.69,high
5543,1426,218.04,33.2,6.54,1,2,clear,2849,47.94,medium
5544,451,322.14,51.0,1.4,5,3,clear,2702,17.11,low
5545,723,132.42,36.6,5.46,0,2,fog,1921,40.13,medium
5546,608,94.7,39.8,6.42,23,1,clear,1540,30.72,medium
5547,601,137.84,37.3,4.36,11,3,rain,1916,28.17,medium
5548,746,121.5,40.0,6.14,1,4,clear,1398,51.87,high
5549,425,141.2,45.9,3.01,2,4,rain,1460,22.39,low
5550,1682,460.82,23.0,3.65,17,3,clear,2021,80.92,severe
5551,1002,343.15,36.0,2.92,11,0,rain,2328,33.73,medium
5552,964,261.96,44.5,3.68,23,2,clear,2635,33.8,medium
5553,1086,1180.43,38.8,0.92,10,0,clear,1911,50.37,high
5554,893,930.21,34.8,0.96,16,2,fog,2723,27.85,medium
5555,376,245.75,46.8,1.53,14,3,clear,1559,22.67,low
5556,765,116.44,42.4,6.57,11,2,clear,2356,25.69,medium
5557,812,101.88,11.5,7.97,17,2,rain,967,81.2,severe
5558,740,149.19,42.6,4.96,22,1,rain,2998,29.58,medium
5559,388,53.67,41.4,7.23,9,0,clear,1016,36.37,medium
5560,743,325.88,46.6,2.28,18,1,clear,1810,41.07,medium
5561,807,754.21,29.0,1.07,0,1,rain,1445,54.75,high
5562,832,162.5,45.3,5.12,12,3,rain,2957,30.92,medium
5563,321,152.13,50.6,2.11,22,6,clear,2305,16.48,low
5564,1050,432.1,30.0,2.43,10,0,rain,1877,53.67,high
5565,864,145.7,46.4,5.93,11,5,clear,2843,24.06,low
5566,601,85.37,29.0,7.04,5,4,fog,1309,50.23,high
5567,620,123.51,35.0,5.02,7,3,clear,1185,53.1,high
5568,1075,172.28,44.2,6.24,7,3,clear,2856,31.65,medium
5569,1634,274.16,29.9,5.96,9,5,rain,2826,51.67,high
5570,394,53.68,51.4,7.34,7,1,clear,1232,24.57,low
5571,703,111.06,35.0,6.33,8,1,clear,1107,51.95,high
5572,612,362.13,54.2,1.69,13,2,clear,2585,19.07,low
5573,496,65.18,41.1,7.61,20,6,rain,1793,31.42,medium
5574,1222,227.14,33.6,5.38,19,1,fog,2787,45.28,medium
5575,286,79.01,45.4,3.62,4,0,clear,1020,24.78,low
5576,1597,255.52,26.3,6.25,20,0,rain,2627,61.19,high
5577,1708,225.63,35.6,7.57,17,3,clear,2510,55.65,high
5578,708,1264.29,37.8,0.56,10,3,clear,1744,39.06,medium
5579,549,394.96,49.9,1.39,3,1,clear,2582,22.12,low
5580,1039,131.69,29.1,7.89,17,0,clear,1164,77.03,severe
5581,390,49.18,44.1,7.93,9,4,clear,1049,32.07,medium
5582,1100,138.36,27.5,7.95,10,0,fog,2248,52.8,high
5583,537,380.85,39.9,1.41,3,6,rain,1617,27.75,medium
5584,1252,282.62,43.9,4.43,2,2,clear,2936,40.62,medium
5585,162,31.09,57.6,5.21,15,4,clear,1010,12.08,low
5586,248,41.2,53.7,6.02,21,1,clear,958,26.56,medium
5587,144,57.14,41.8,2.52,13,2,fog,1137,13.59,low
5588,258,97.73,53.3,2.64,6,1,clear,1357,14.52,low
5589,561,125.5,47.6,4.47,19,5,clear,1847,27.17,medium
5590,670,104.36,25.3,6.42,18,0,fog,1024,60.87,high
5591,1159,406.67,44.0,2.85,18,0,clear,1853,54.42,high
5592,1150,166.43,27.9,6.91,14,4,rain,2004,53.46,high
5593,1038,234.84,42.7,4.42,11,1,clear,2263,37.9,medium
5594,471,124.93,44.9,3.77,12,5,fog,2459,16.07,low
5595,654,165.99,47.4,3.94,23,2,clear,2369,23.6,low
5596,640,184.44,47.4,3.47,4,4,clear,2234,35.36,medium
5597,862,381.42,42.8,2.26,19,1,clear,2253,33.3,medium
5598,311,40.76,46.6,7.63,5,3,clear,953,26.28,medium
5599,1761,401.14,24.2,4.39,0,0,storm,2927,60.24,high
5600,361,79.87,36.9,4.52,10,5,fog,1509,28.43,medium
5601,923,152.56,32.8,6.05,19,3,rain,1518,53.54,high
5602,426,249.12,39.0,1.71,5,2,clear,886,31.89,medium
5603,1386,340.54,42.8,4.07,17,3,clear,2891,41.7,medium
5604,992,476.92,39.3,2.08,12,3,clear,2478,36.82,medium
5605,917,161.16,42.9,5.69,21,3,rain,2752,35.22,medium
5606,1209,1590.79,48.1,0.76,16,4,clear,2919,37.94,medium
5607,253,54.53,50.8,4.64,1,0,clear,939,20.21,low
5608,1067,277.86,33.1,3.84,8,1,clear,1420,69.54,high
5609,843,501.79,43.2,1.68,16,4,clear,1827,39.51,medium
5610,1739,1566.67,29.0,1.11,8,1,clear,2318,75.43,severe
5611,245,100.0,57.2,2.45,14,2,clear,1212,21.14,low
5612,794,763.46,47.0,1.04,4,4,clear,1871,32.07,medium
5613,881,131.49,40.6,6.7,10,6,clear,2074,37.56,medium
5614,726,96.8,36.1,7.5,1,3,rain,1875,38.19,medium
5615,595,336.16,48.7,1.77,19,5,clear,1839,24.95,low
5616,957,174.0,41.1,5.5,9,0,clear,1822,44.55,medium
5617,500,847.46,49.4,0.59,14,6,rain,2708,15.06,low
5618,613,454.07,41.3,1.35,16,1,clear,1850,34.05,medium
5619,305,78.61,46.9,3.88,3,6,clear,1322,20.77,low
5620,926,149.6,40.2,6.19,21,1,clear,1646,51.33,high
5621,342,184.86,50.5,1.85,22,2,clear,1689,20.61,low
5622,474,134.66,49.8,3.52,21,2,clear,2129,23.71,low
5623,1078,157.14,23.8,6.86,16,3,storm,2322,47.24,medium
5624,1692,552.94,20.4,3.06,4,4,storm,2898,61.34,high
5625,657,110.05,33.0,5.97,17,2,clear,945,61.8,high
5626,416,411.88,51.1,1.01,10,6,clear,1512,20.82,low
5627,184,30.67,51.8,6.0,15,6,clear,1101,12.6,low
5628,703,360.51,47.0,1.95,16,3,clear,1845,30.62,medium
5629,782,135.76,39.7,5.76,20,4,clear,1870,45.08,medium
5630,576,77.21,53.2,7.46,15,0,clear,1817,26.58,medium
5631,717,814.77,50.9,0.88,16,0,clear,2923,26.94,medium
5632,595,91.82,19.4,6.48,8,2,fog,809,71.06,high
5633,123,35.76,64.4,3.44,12,5,clear,1243,0.55,low
5634,1821,346.86,36.5,5.25,10,3,clear,2799,60.56,high
5635,1113,301.63,35.1,3.69,16,3,storm,2846,37.83,medium
5636,578,1090.57,43.8,0.53,21,3,rain,2417,25.72,medium
5637,209,52.12,50.6,4.01,15,6,clear,834,29.58,medium
5638,1375,249.09,37.6,5.52,6,4,clear,2769,43.67,medium
5639,463,80.24,48.3,5.77,3,3,clear,1366,24.05,low
5640,270,435.48,58.7,0.62,22,1,clear,2465,6.22,low
5641,387,77.4,50.0,5.0,12,5,clear,1453,22.93,low
5642,993,320.32,25.7,3.1,2,1,storm,2289,42.31,medium
5643,629,319.29,43.2,1.97,22,2,rain,2631,22.51,low
5644,170,35.56,56.3,4.78,0,5,clear,1077,8.6,low
5645,1359,185.4,29.7,7.33,20,6,rain,2773,60.12,high
5646,2358,361.66,22.2,6.52,9,0,clear,2498,79.31,severe
5647,371,97.38,42.3,3.81,0,3,clear,933,43.35,medium
5648,381,89.86,52.7,4.24,3,6,rain,2077,15.43,low
5649,365,148.98,55.8,2.45,7,5,clear,2546,12.63,low
5650,2695,379.04,11.9,7.11,20,3,rain,2534,94.45,severe
5651,616,977.78,42.7,0.63,11,3,clear,1684,35.09,medium
5652,633,597.17,45.1,1.06,4,6,clear,1401,39.68,medium
5653,925,262.04,26.0,3.53,7,6,rain,1456,55.49,high
5654,404,62.35,28.1,6.48,12,3,fog,959,39.49,medium
5655,20,2.72,47.0,7.35,8,1,fog,1465,0.14,low
5656,1004,351.05,44.3,2.86,3,3,clear,2615,25.61,medium
5657,755,130.62,14.6,5.78,3,3,storm,1025,66.45,high
5658,322,52.7,36.7,6.11,8,6,rain,967,34.15,medium
5659,218,51.29,49.0,4.25,5,5,clear,1046,20.19,low
5660,509,104.95,42.8,4.85,7,4,clear,1334,28.46,medium
5661,394,62.84,48.8,6.27,19,2,clear,1779,17.31,low
5662,1089,145.98,32.8,7.46,7,0,clear,1565,60.95,high
5663,518,167.64,50.2,3.09,12,6,clear,2086,21.53,low
5664,662,195.86,41.9,3.38,22,3,clear,1636,34.71,medium
5665,105,14.5,50.1,7.24,23,6,clear,848,20.2,low
5666,887,111.43,31.7,7.96,9,1,rain,1577,44.04,medium
5667,748,330.97,39.4,2.26,11,4,clear,1939,37.84,medium
5668,785,243.79,22.3,3.22,7,0,rain,942,80.58,severe
5669,649,90.77,35.7,7.15,8,0,clear,1419,44.71,medium
5670,313,75.24,43.0,4.16,14,1,clear,931,32.52,medium
5671,281,45.32,49.9,6.2,22,6,rain,1271,16.16,low
5672,201,82.38,55.7,2.44,10,5,clear,1122,16.94,low
5673,1954,666.89,22.6,2.93,17,1,fog,2593,69.36,high
5674,352,242.76,54.3,1.45,10,0,clear,2144,12.81,low
5675,384,55.57,56.2,6.91,13,2,clear,1803,24.89,low
5676,1607,205.5,23.4,7.82,17,4,clear,1827,81.33,severe
5677,271,189.51,47.8,1.43,16,6,fog,1916,18.6,low
5678,340,44.16,41.6,7.7,6,1,clear,995,28.35,medium
5679,623,83.85,34.6,7.43,0,1,clear,1189,59.75,high
5680,1153,241.21,33.6,4.78,20,4,clear,1754,60.11,high
5681,304,64.96,47.0,4.68,16,4,clear,914,24.03,low
5682,1060,288.83,31.5,3.67,8,1,clear,1381,74.83,high
5683,1104,426.25,26.6,2.59,7,3,fog,2056,60.75,high
5684,1319,724.73,36.3,1.82,9,2,clear,2441,51.17,high
5685,367,147.39,17.6,2.49,6,2,storm,826,50.58,high
5686,1191,168.94,32.1,7.05,17,2,rain,1871,55.05,high
5687,853,179.96,42.7,4.74,17,4,clear,1666,39.56,medium
5688,273,107.91,49.0,2.53,20,0,rain,2779,12.44,low
5689,866,128.68,45.4,6.73,3,5,clear,2211,38.22,medium
5690,545,717.11,45.4,0.76,23,1,clear,2437,17.37,low
5691,722,1415.69,47.0,0.51,11,2,clear,1889,27.43,medium
5692,1142,325.36,19.2,3.51,3,3,storm,1740,63.45,high
5693,313,44.27,43.6,7.07,1,6,fog,1554,27.37,medium
5694,586,1172.0,42.7,0.5,10,6,rain,2676,29.61,medium
5695,277,39.63,52.0,6.99,14,5,clear,1520,24.5,low
5696,1206,463.85,25.1,2.6,14,4,fog,2183,51.95,high
5697,1738,359.09,31.5,4.84,18,3,clear,2330,66.98,high
5698,433,92.32,51.6,4.69,22,0,clear,2793,8.12,low
5699,309,57.65,48.0,5.36,18,6,clear,842,27.68,medium
5700,151,94.38,52.7,1.6,1,1,clear,1514,16.6,low
5701,739,459.01,49.5,1.61,22,6,clear,2543,24.86,low
5702,344,47.58,43.9,7.23,21,0,clear,1180,24.57,low
5703,415,65.98,46.9,6.29,11,6,clear,1310,32.23,medium
5704,723,182.58,50.6,3.96,21,2,clear,2673,23.9,low
5705,1232,200.0,30.4,6.16,10,0,clear,1561,71.41,high
5706,327,284.35,54.5,1.15,3,5,clear,2830,15.1,low
5707,406,81.2,43.4,5.0,6,5,rain,1840,22.35,low
5708,1034,221.89,49.2,4.66,0,3,clear,2895,25.85,medium
5709,1749,277.18,28.7,6.31,17,3,clear,2578,61.36,high
5710,240,37.68,47.1,6.37,1,0,clear,913,20.97,low
5711,272,46.26,50.2,5.88,17,4,clear,1233,18.61,low
5712,583,130.72,34.3,4.46,4,2,fog,1943,31.08,medium
5713,942,448.57,40.1,2.1,23,3,rain,1897,51.2,high
5714,320,43.6,50.9,7.34,11,2,clear,1588,17.5,low
5715,471,77.98,50.8,6.04,4,3,clear,1557,24.96,low
5716,363,206.25,43.2,1.76,5,2,clear,969,28.96,medium
5717,1144,642.7,34.0,1.78,10,4,clear,2084,47.37,medium
5718,528,131.34,44.8,4.02,6,1,clear,1332,36.95,medium
5719,322,64.4,47.8,5.0,19,3,clear,883,30.14,medium
5720,1029,292.33,43.3,3.52,3,0,clear,2783,34.8,medium
5721,1936,300.16,35.0,6.45,14,3,clear,2987,57.44,high
5722,162,21.4,60.2,7.57,15,6,clear,1321,7.48,low
5723,589,198.32,33.1,2.97,4,6,storm,1681,37.06,medium
5724,692,173.43,50.7,3.99,0,3,clear,2587,23.75,low
5725,572,161.58,39.9,3.54,13,6,rain,1650,32.84,medium
5726,2093,387.59,22.6,5.4,19,4,clear,2539,69.1,high
5727,522,644.44,45.2,0.81,22,0,clear,921,46.64,medium
5728,756,121.15,43.0,6.24,13,2,fog,2813,35.72,medium
5729,307,38.57,49.3,7.96,14,0,clear,926,20.95,low
5730,903,305.07,41.8,2.96,2,4,clear,1876,43.27,medium
5731,529,90.27,42.8,5.86,17,3,clear,1106,43.38,medium
5732,531,94.32,48.2,5.63,12,3,clear,1931,23.05,low
5733,344,207.23,36.9,1.66,18,4,rain,807,42.23,medium
5734,1698,313.28,26.5,5.42,10,1,clear,2033,74.23,high
5735,1253,453.99,34.9,2.76,4,4,rain,2873,44.74,medium
5736,1173,1804.62,41.1,0.65,17,0,clear,2661,41.61,medium
5737,1095,166.41,8.8,6.58,19,3,storm,1230,95.32,severe
5738,887,521.76,42.3,1.7,12,2,clear,2400,24.48,low
5739,536,106.56,43.4,5.03,13,2,clear,1530,32.19,medium
5740,663,341.75,40.3,1.94,14,2,rain,2727,22.2,low
5741,1977,3594.55,34.4,0.55,9,2,clear,2930,57.65,high
5742,314,153.17,48.1,2.05,22,2,clear,1146,32.47,medium
5743,986,241.67,37.3,4.08,11,0,rain,2341,45.46,medium
5744,1015,162.92,44.5,6.23,5,1,clear,2684,35.56,medium
5745,1342,424.68,43.9,3.16,17,5,clear,2929,46.09,medium
5746,570,152.0,43.6,3.75,15,6,clear,1797,30.12,medium
5747,335,53.77,45.4,6.23,6,4,fog,1621,21.55,low
5748,500,98.23,39.4,5.09,17,3,clear,1000,43.3,medium
5749,938,152.27,38.4,6.16,1,4,clear,2054,37.99,medium
5750,171,122.14,53.0,1.4,21,6,clear,897,15.44,low
5751,937,129.42,43.6,7.24,5,0,clear,2178,41.62,medium
5752,1039,205.74,46.2,5.05,6,2,clear,2501,33.7,medium
5753,433,103.1,50.4,4.2,23,5,clear,2265,12.28,low
5754,633,178.31,45.9,3.55,5,5,clear,1704,34.24,medium
5755,308,133.91,58.4,2.3,0,6,clear,1578,12.77,low
5756,757,132.11,40.0,5.73,16,3,clear,1721,41.72,medium
5757,520,128.08,44.8,4.06,7,6,clear,1411,36.31,medium
5758,1027,978.1,35.9,1.05,9,5,clear,1730,59.91,high
5759,1896,567.66,26.3,3.34,17,4,clear,2411,66.76,high
5760,321,90.93,50.0,3.53,22,2,clear,1054,25.63,medium
5761,1500,533.81,28.1,2.81,17,4,clear,1720,77.3,severe
5762,717,321.52,47.6,2.23,0,0,rain,2882,20.77,low
5763,313,242.64,45.5,1.29,13,2,clear,1204,23.77,low
5764,941,158.42,48.0,5.94,18,3,clear,2367,33.08,medium
5765,937,167.02,33.0,5.61,20,3,rain,2052,47.59,medium
5766,1416,1416.0,34.1,1.0,10,2,clear,2228,56.04,high
5767,953,223.19,41.7,4.27,6,3,clear,2520,32.98,medium
5768,760,114.63,33.3,6.63,10,6,rain,1726,46.57,medium
5769,53,6.73,56.7,7.87,23,5,fog,800,8.2,low
5770,1260,163.42,37.4,7.71,12,2,clear,2270,47.07,medium
5771,306,39.08,44.8,7.83,5,5,clear,1274,24.13,low
5772,1236,1123.64,40.5,1.1,11,2,clear,2651,42.99,medium
5773,491,65.29,37.2,7.52,15,6,fog,1545,23.91,low
5774,324,105.88,38.5,3.06,21,0,clear,893,33.43,medium
5775,395,101.8,50.3,3.88,23,5,clear,1869,18.87,low
5776,347,180.73,52.7,1.92,21,0,clear,1977,13.67,low
5777,675,93.23,43.6,7.24,3,1,rain,2224,31.4,medium
5778,620,102.65,32.8,6.04,17,0,fog,1680,46.75,medium
5779,406,170.59,49.0,2.38,5,6,clear,1322,28.14,medium
5780,1290,235.4,29.3,5.48,23,2,storm,2829,51.03,high
5781,586,395.95,23.6,1.48,23,3,rain,810,73.36,high
5782,353,46.63,46.1,7.57,6,6,fog,2336,20.84,low
5783,659,282.83,33.2,2.33,8,3,clear,1047,57.15,high
5784,442,170.0,46.4,2.6,16,1,clear,1268,27.65,medium
5785,227,28.63,52.7,7.93,6,4,clear,1086,15.09,low
5786,256,406.35,47.2,0.63,6,5,rain,1210,12.89,low
5787,415,96.29,45.8,4.31,2,5,clear,1560,24.53,low
5788,163,110.88,56.3,1.47,15,1,clear,1830,5.45,low
5789,692,189.59,45.2,3.65,21,5,clear,2916,29.44,medium
5790,1033,173.91,38.9,5.94,1,2,rain,2585,42.53,medium
5791,406,256.96,53.5,1.58,15,1,clear,1330,22.54,low
5792,259,170.39,38.5,1.52,21,2,fog,866,35.55,medium
5793,705,1052.24,36.6,0.67,6,0,rain,1339,49.03,medium
5794,1021,379.55,40.1,2.69,8,4,clear,2048,45.37,medium
5795,912,194.87,34.6,4.68,20,2,storm,2385,45.2,medium
5796,813,202.24,31.4,4.02,18,4,clear,1216,66.01,high
5797,87,15.48,60.6,5.62,0,6,clear,1211,5.34,low
5798,380,192.89,53.3,1.97,13,0,clear,1335,19.68,low
5799,1424,190.88,38.8,7.46,19,2,clear,2218,49.31,medium
5800,125,19.26,52.0,6.49,11,5,rain,1044,13.84,low
5801,1593,322.47,41.5,4.94,0,1,clear,2883,47.95,medium
5802,980,175.94,8.2,5.57,7,2,storm,956,98.77,severe
5803,295,47.05,56.7,6.27,13,0,rain,1952,10.89,low
5804,577,133.26,48.1,4.33,23,6,clear,2107,26.41,medium
5805,1007,137.19,50.5,7.34,19,5,clear,2534,30.92,medium
5806,610,77.12,40.7,7.91,22,4,clear,1565,37.23,medium
5807,2372,340.8,13.2,6.96,7,4,rain,2278,99.67,severe
5808,735,200.27,31.0,3.67,18,4,rain,1350,52.69,high
5809,302,359.52,47.2,0.84,8,4,clear,1144,29.2,medium
5810,482,379.53,39.3,1.27,6,6,rain,1754,22.98,low
5811,956,294.15,34.1,3.25,20,3,fog,2463,46.48,medium
5812,623,135.43,47.5,4.6,2,2,clear,2204,26.89,medium
5813,147,73.13,55.4,2.01,5,6,clear,940,14.08,low
5814,148,43.53,59.9,3.4,15,6,clear,1607,0.11,low
5815,495,114.06,38.4,4.34,4,4,clear,935,47.7,medium
5816,1325,188.21,26.1,7.04,17,6,clear,2041,59.6,high
5817,988,748.48,38.9,1.32,8,3,clear,1608,43.72,medium
5818,576,240.0,39.9,2.4,15,1,fog,1832,24.42,low
5819,367,142.25,52.2,2.58,21,5,clear,2076,18.34,low
5820,1214,175.69,32.9,6.91,4,2,rain,2438,39.16,medium
5821,313,45.17,49.7,6.93,19,4,clear,1215,25.63,medium
5822,679,707.29,43.7,0.96,21,3,clear,2194,32.02,medium
5823,447,121.47,52.1,3.68,11,1,clear,2691,20.96,low
5824,616,86.52,53.2,7.12,2,0,rain,2796,19.56,low
5825,463,133.05,51.3,3.48,23,5,clear,1581,28.69,medium
5826,822,498.18,39.0,1.65,4,0,clear,2004,45.24,medium
5827,313,67.31,60.0,4.65,4,6,clear,2532,17.06,low
5828,2596,2520.39,12.1,1.03,20,4,rain,2360,94.59,severe
5829,880,582.78,50.3,1.51,23,3,clear,2612,25.04,medium
5830,338,42.46,41.6,7.96,3,1,clear,1301,23.36,low
5831,1449,279.73,36.6,5.18,19,5,rain,2827,52.22,high
5832,692,320.37,37.8,2.16,17,3,clear,1257,53.39,high
5833,572,87.33,39.3,6.55,18,6,fog,2415,23.0,low
5834,1513,244.43,38.6,6.19,1,1,clear,2807,47.51,medium
5835,444,57.81,39.4,7.68,9,5,clear,885,41.16,medium
5836,1500,937.5,28.7,1.6,8,3,clear,2095,67.19,high
5837,1524,516.61,24.2,2.95,18,0,clear,1724,76.39,severe
5838,962,269.47,51.0,3.57,2,1,clear,2191,40.62,medium
5839,587,87.35,49.2,6.72,1,1,clear,1978,26.52,medium
5840,1056,1272.29,31.5,0.83,23,1,fog,2849,42.5,medium
5841,1486,294.26,29.8,5.05,8,6,rain,2250,62.02,high
5842,1071,653.05,35.4,1.64,9,4,clear,1636,62.58,high
5843,798,227.35,37.2,3.51,17,0,clear,1356,50.99,high
5844,104,24.7,45.0,4.21,4,2,fog,929,15.27,low
5845,498,181.09,59.3,2.75,16,6,clear,2345,14.97,low
5846,254,88.5,43.2,2.87,8,5,rain,1111,30.59,medium
5847,1250,220.07,14.4,5.68,10,2,rain,1238,89.27,severe
5848,1241,220.43,43.4,5.63,3,0,clear,2849,35.94,medium
5849,492,75.34,44.6,6.53,4,6,fog,2208,22.54,low
5850,1234,310.83,44.6,3.97,6,0,clear,2588,51.42,high
5851,503,91.96,53.8,5.47,14,5,clear,2160,18.58,low
5852,854,490.8,19.3,1.74,18,3,storm,1382,65.86,high
5853,591,82.43,32.5,7.17,20,0,clear,917,58.75,high
5854,821,114.66,29.7,7.16,9,6,storm,1737,53.5,high
5855,1693,236.12,22.2,7.17,15,3,rain,2548,69.03,high
5856,773,638.84,41.8,1.21,19,4,clear,1463,43.71,medium
5857,192,202.11,53.3,0.95,16,4,clear,1320,14.46,low
5858,378,49.54,51.0,7.63,3,5,clear,1716,19.39,low
5859,841,116.32,51.1,7.23,11,5,clear,2653,28.5,medium
5860,1676,268.16,21.5,6.25,17,6,rain,2222,70.6,high
5861,517,68.57,34.5,7.54,17,6,rain,950,49.85,medium
5862,1490,318.38,35.7,4.68,10,1,clear,2571,54.73,high
5863,378,77.46,43.9,4.88,11,3,rain,1469,29.72,medium
5864,448,75.17,54.3,5.96,15,2,clear,2151,25.32,medium
5865,606,277.98,33.5,2.18,0,0,rain,1336,38.54,medium
5866,1411,2275.81,31.3,0.62,14,3,rain,2655,50.96,high
5867,1139,162.48,37.8,7.01,4,4,rain,2752,40.85,medium
5868,1684,213.43,33.1,7.89,10,2,clear,2028,70.74,high
5869,602,118.27,56.4,5.09,16,6,clear,2997,18.42,low
5870,361,364.65,34.1,0.99,9,1,storm,1175,39.81,medium
5871,823,153.54,21.5,5.36,9,3,fog,1030,80.14,severe
5872,652,140.52,23.1,4.64,18,4,clear,823,72.49,high
5873,1576,2387.88,26.8,0.66,7,2,clear,1875,75.27,severe
5874,609,135.33,24.7,4.5,6,0,fog,1149,58.04,high
5875,710,910.26,44.3,0.78,13,6,clear,1980,31.35,medium
5876,702,187.7,49.5,3.74,11,5,clear,2424,25.2,medium
5877,375,65.91,45.7,5.69,13,3,clear,1208,29.3,medium
5878,773,129.7,47.4,5.96,14,6,clear,2424,34.68,medium
5879,378,581.54,47.3,0.65,3,0,clear,1046,24.72,low
5880,616,127.27,46.6,4.84,15,5,clear,1684,31.98,medium
5881,1020,483.41,42.5,2.11,3,6,clear,2614,37.94,medium
5882,656,86.89,35.5,7.55,5,0,storm,1785,42.88,medium
5883,1845,405.49,20.3,4.55,17,5,storm,2365,73.15,high
5884,1259,216.7,39.6,5.81,2,2,clear,2733,42.82,medium
5885,358,128.78,43.5,2.78,13,3,fog,1453,22.73,low
5886,739,95.97,43.4,7.7,11,6,rain,2748,28.38,medium
5887,384,60.19,34.8,6.38,4,1,storm,1266,30.02,medium
5888,54,46.96,41.5,1.15,6,4,storm,1459,10.59,low
5889,464,134.88,38.5,3.44,16,3,clear,913,42.73,medium
5890,648,221.92,56.4,2.92,4,3,clear,2691,14.14,low
5891,1632,296.19,33.6,5.51,20,5,rain,2940,52.88,high
5892,845,1341.27,46.6,0.63,3,4,clear,2203,29.56,medium
5893,545,76.01,25.8,7.17,17,0,fog,954,57.04,high
5894,843,1296.92,35.6,0.65,23,3,clear,1668,50.17,high
5895,1308,222.83,41.5,5.87,18,3,clear,2406,37.84,medium
5896,1122,154.12,38.7,7.28,16,3,rain,2919,43.4,medium
5897,698,121.6,32.2,5.74,6,0,rain,1137,63.07,high
5898,456,242.55,49.4,1.88,16,6,clear,2003,19.42,low
5899,416,407.84,43.2,1.02,21,2,rain,1348,28.74,medium
5900,776,994.87,31.9,0.78,6,1,fog,1807,43.32,medium
5901,1060,187.61,40.6,5.65,4,1,clear,2060,37.31,medium
5902,625,230.63,45.7,2.71,0,5,clear,1945,30.21,medium
5903,938,124.57,34.5,7.53,3,4,rain,2662,41.58,medium
5904,1028,377.94,43.2,2.72,17,1,clear,2312,36.24,medium
5905,112,15.01,55.3,7.46,5,5,clear,1020,10.84,low
5906,377,86.87,43.2,4.34,4,1,rain,990,39.97,medium
5907,535,86.01,40.7,6.22,3,4,rain,1961,32.31,medium
5908,426,196.31,51.4,2.17,0,5,clear,2902,13.51,low
5909,310,44.41,47.0,6.98,19,5,clear,1134,18.94,low
5910,727,95.41,48.2,7.62,18,0,clear,1582,44.18,medium
5911,970,198.77,23.8,4.88,19,0,clear,1308,61.66,high
5912,484,185.44,38.5,2.61,4,2,rain,2027,26.61,medium
5913,472,63.44,45.8,7.44,3,0,rain,1683,25.01,medium
5914,1151,258.65,39.1,4.45,21,1,rain,2714,33.15,medium
5915,773,431.84,42.0,1.79,6,2,clear,2104,32.69,medium
5916,633,703.33,43.9,0.9,13,4,rain,1784,27.79,medium
5917,559,465.83,31.6,1.2,1,2,fog,1451,38.46,medium
5918,487,92.23,46.1,5.28,17,5,clear,1539,29.59,medium
5919,1264,1600.0,23.6,0.79,20,3,rain,1505,72.47,high
5920,307,56.12,47.9,5.47,18,6,clear,948,30.0,medium
5921,469,75.16,51.8,6.24,4,0,clear,2044,19.67,low
5922,681,95.51,47.6,7.13,14,4,clear,2662,29.57,medium
5923,860,1146.67,42.3,0.75,23,5,rain,2310,34.31,medium
5924,20,2.77,65.0,7.23,5,3,clear,2996,0.12,low
5925,448,114.29,41.8,3.92,21,5,clear,1135,38.89,medium
5926,490,85.07,39.0,5.76,2,6,rain,1779,28.15,medium
5927,1141,217.75,42.9,5.24,5,5,clear,2320,48.59,medium
5928,1955,1458.96,24.6,1.34,18,3,clear,2174,73.38,high
5929,278,117.8,44.4,2.36,19,3,rain,972,26.97,medium
5930,1836,377.0,32.1,4.87,19,1,clear,2733,67.37,high
5931,190,44.19,55.9,4.3,7,5,clear,954,19.83,low
5932,736,139.13,41.5,5.29,4,4,clear,1413,48.2,medium
5933,510,77.04,41.8,6.62,13,5,rain,1825,25.57,medium
5934,1491,909.15,39.8,1.64,11,2,clear,2843,48.58,medium
5935,781,1115.71,38.4,0.7,9,3,clear,1356,46.67,medium
5936,331,624.53,42.1,0.53,5,3,rain,1001,32.1,medium
5937,258,34.04,48.2,7.58,12,2,clear,1118,18.55,low
5938,2183,1445.7,15.4,1.51,19,2,rain,2544,79.74,severe
5939,436,90.83,42.6,4.8,11,5,fog,1722,33.33,medium
5940,1367,641.78,32.2,2.13,13,1,fog,2918,42.98,medium
5941,410,63.37,46.5,6.47,21,0,clear,1297,20.01,low
5942,541,310.92,43.6,1.74,23,4,rain,1783,26.29,medium
5943,757,625.62,41.2,1.21,8,6,clear,1812,41.26,medium
5944,846,442.93,16.2,1.91,19,2,rain,867,91.07,severe
5945,1818,344.97,17.4,5.27,17,4,rain,2090,90.46,severe
5946,913,527.75,30.7,1.73,18,0,clear,1250,59.48,high
5947,1250,232.34,27.9,5.38,20,5,fog,2150,62.91,high
5948,526,100.0,34.2,5.26,12,0,rain,1117,47.99,medium
5949,206,27.07,56.8,7.61,20,6,clear,1742,12.19,low
5950,374,65.61,48.7,5.7,3,0,clear,1390,25.59,medium
5951,522,181.25,49.6,2.88,17,6,clear,1848,22.37,low
5952,843,107.12,38.2,7.87,6,2,clear,1833,40.98,medium
5953,362,60.54,41.1,5.98,1,0,rain,1313,25.85,medium
5954,992,161.04,22.5,6.16,7,4,clear,1107,79.21,severe
5955,988,134.79,39.3,7.33,23,1,clear,2387,38.61,medium
5956,806,171.13,35.9,4.71,16,3,fog,2086,34.51,medium
5957,948,137.19,44.0,6.91,0,2,clear,2127,41.06,medium
5958,292,41.42,49.0,7.05,13,6,clear,1192,32.01,medium
5959,735,278.41,50.0,2.64,22,0,clear,2873,22.2,low
5960,818,219.89,47.3,3.72,14,3,clear,2936,28.74,medium
5961,1885,659.09,35.6,2.86,18,5,clear,2491,67.15,high
5962,1098,311.93,28.0,3.52,14,3,storm,2444,51.84,high
5963,1034,226.75,46.5,4.56,16,1,clear,2982,31.51,medium
5964,535,90.37,43.7,5.92,11,0,clear,1080,51.16,high
5965,434,71.38,49.1,6.08,14,1,rain,2690,12.66,low
5966,824,235.43,43.3,3.5,15,2,clear,2433,33.33,medium
5967,636,87.85,49.6,7.24,15,6,clear,2171,24.48,low
5968,647,92.96,51.1,6.96,2,5,clear,2450,23.31,low
5969,503,107.25,50.7,4.69,2,1,clear,1931,21.81,low
5970,647,92.96,46.1,6.96,21,6,clear,2756,27.17,medium
5971,869,445.64,40.2,1.95,23,5,rain,2138,38.79,medium
5972,1182,203.79,21.2,5.8,18,1,storm,2123,57.46,high
5973,2939,471.75,6.8,6.23,19,3,fog,2633,100.0,severe
5974,519,75.33,47.3,6.89,5,6,clear,1964,26.4,medium
5975,576,84.33,48.7,6.83,4,6,clear,1988,26.62,medium
5976,509,111.62,50.9,4.56,22,5,clear,1708,26.33,medium
5977,1130,148.88,43.5,7.59,20,6,clear,2804,34.75,medium
5978,532,320.48,53.0,1.66,0,4,clear,2810,18.02,low
5979,301,39.45,39.3,7.63,21,6,fog,997,33.17,medium
5980,1443,207.93,24.1,6.94,18,4,clear,1906,82.26,severe
5981,598,84.7,42.1,7.06,18,3,clear,1613,38.11,medium
5982,1566,297.15,28.2,5.27,19,1,clear,1907,73.87,high
5983,301,252.94,51.8,1.19,6,3,clear,1125,24.72,low
5984,1281,279.08,42.5,4.59,20,0,clear,2694,36.22,medium
5985,1609,264.2,31.6,6.09,23,0,rain,2947,50.02,high
5986,498,83.98,43.8,5.93,5,5,clear,1411,28.17,medium
5987,559,564.65,32.5,0.99,8,4,clear,833,62.12,high
5988,296,298.99,55.7,0.99,21,0,clear,1437,10.53,low
5989,943,364.09,49.1,2.59,15,2,clear,2688,35.32,medium
5990,1139,448.43,43.3,2.54,4,4,clear,2183,43.71,medium
5991,779,142.94,42.2,5.45,6,6,rain,2462,30.48,medium
5992,301,38.89,51.0,7.74,20,5,clear,1226,25.02,medium
5993,603,511.02,39.8,1.18,20,4,clear,1103,51.41,high
5994,944,155.26,42.0,6.08,7,5,clear,1948,44.32,medium
5995,1248,167.29,35.0,7.46,11,3,clear,2056,56.86,high
5996,450,85.39,45.4,5.27,18,6,clear,1006,39.12,medium
5997,803,133.61,51.6,6.01,14,4,clear,2641,19.53,low
5998,429,151.59,49.5,2.83,1,6,rain,2080,21.55,low
5999,295,475.81,42.2,0.62,14,5,fog,2105,30.14,medium
